file,raw_hrr,scaled_linear,affine_linear,cychrr_t,dataset,target,hrr_band,ID
A1085.xlsx,0.06366697275788183,0.043078726898651554,0.05943470884034638,0.038052999368279855,Graded-test temporal holdout,vo2r,<0.60,
A1086.xlsx,0.05744559342429998,0.034975856566733854,0.0490146520393096,0.030093855293921428,Graded-test temporal holdout,vo2r,<0.60,
A1088.xlsx,0.036844470120033355,0.04008186810439577,0.030165003738829004,0.04458179180288733,Graded-test temporal holdout,vo2r,<0.60,
A1096.xlsx,0.03348236462990565,0.019376462926536775,0.03263545519101011,0.01704875754404883,Graded-test temporal holdout,vo2r,<0.60,
A1106.xlsx,0.026520161747477428,0.023498016288671042,0.02768134849114079,0.022760290513636094,Graded-test temporal holdout,vo2r,<0.60,
A1108.xlsx,0.021446446446446388,0.018816060584151945,0.015576558224554227,0.020247434195424685,Graded-test temporal holdout,vo2r,<0.60,
A1116.xlsx,0.07584087641496069,0.09381626764265028,0.07424237426617512,0.09820418000681606,Graded-test temporal holdout,vo2r,<0.60,
A1117.xlsx,0.03164556962025322,0.00979313322580705,0.024592176970517854,0.004458808390938873,Graded-test temporal holdout,vo2r,<0.60,
A1120.xlsx,0.07109653558913376,0.05060216021355146,0.06707375015695939,0.045599347091584676,Graded-test temporal holdout,vo2r,<0.60,
A202.xlsx,0.02821284732110163,0.0045006291058515835,0.017009222737066065,0.0012876808213458935,Graded-test temporal holdout,vo2r,<0.60,
A203.xlsx,0.05157935420399845,0.028489987447602505,0.04176566578663893,0.022853719697553065,Graded-test temporal holdout,vo2r,<0.60,
A204.xlsx,0.025562159690760144,0.0014798828479011261,0.013532723650409695,0.004398760847667882,Graded-test temporal holdout,vo2r,<0.60,
A205.xlsx,0.0359810590903028,0.052042460715300255,0.033725405358356664,0.05667948818613341,Graded-test temporal holdout,vo2r,<0.60,
A207.xlsx,0.019500173665668863,0.039867493023599265,0.023239424795052865,0.04483929092794242,Graded-test temporal holdout,vo2r,<0.60,
A208.xlsx,0.04298245614035101,0.018840716885534237,0.030820325609584143,0.012947558020346528,Graded-test temporal holdout,vo2r,<0.60,
A220.xlsx,0.03291756863553589,0.028188368970060034,0.025346918232471354,0.028840885769432296,Graded-test temporal holdout,vo2r,<0.60,
A221.xlsx,0.019813519813519864,0.020339053862451734,0.02316718513153071,0.022007740092846412,Graded-test temporal holdout,vo2r,<0.60,
A226.xlsx,0.03462035541195482,0.025745182329656335,0.030492876275901082,0.024998376852774784,Graded-test temporal holdout,vo2r,<0.60,
A232.xlsx,0.05029472954230235,0.07253738801522075,0.05821892978539536,0.07796696865071162,Graded-test temporal holdout,vo2r,<0.60,
A236.xlsx,0.03158825420640876,0.04862375569670282,0.027892323015557496,0.0527822347346377,Graded-test temporal holdout,vo2r,<0.60,
A237.xlsx,0.044865251122907346,0.02536253907195002,0.04305543107833618,0.020601797552659024,Graded-test temporal holdout,vo2r,<0.60,
A238.xlsx,0.030150241914947806,0.020559736800679296,0.0221986229803046,0.021276956946543968,Graded-test temporal holdout,vo2r,<0.60,
A239.xlsx,0.018287216876830215,0.035537490256189706,0.022319907250696974,0.040013417991194046,Graded-test temporal holdout,vo2r,<0.60,
A240.xlsx,0.04037083632067608,0.032558513724372184,0.03979304268496059,0.030765949281218636,Graded-test temporal holdout,vo2r,<0.60,
A241.xlsx,0.03574590261993055,0.01691918818779231,0.03544461807869126,0.012323462176213551,Graded-test temporal holdout,vo2r,<0.60,
A246.xlsx,0.12919352528291073,0.14656341062208592,0.12624379480894823,0.15080351497800676,Graded-test temporal holdout,vo2r,<0.60,
A251.xlsx,0.013828689370485092,0.010953368792268492,0.007412212366797261,0.015571242805944019,Graded-test temporal holdout,vo2r,<0.60,
A274.xlsx,0.09483679729776315,0.11419728919108826,0.0963292432109691,0.11892331382548905,Graded-test temporal holdout,vo2r,<0.60,
A275.xlsx,0.09543348487269247,0.11340305033754694,0.09382198213067094,0.11778954059431876,Graded-test temporal holdout,vo2r,<0.60,
A294.xlsx,0.06306276150627621,0.04348297849685243,0.06108095228025565,0.038703423444810536,Graded-test temporal holdout,vo2r,<0.60,
A295.xlsx,0.07348919879682797,0.053492157945306484,0.07057624979852886,0.04861074748321009,Graded-test temporal holdout,vo2r,<0.60,
A3000.xlsx,0.02742120718730011,0.04480305728774264,0.027335935339702674,0.04960854819501612,Graded-test temporal holdout,vo2r,<0.60,
A3001.xlsx,0.1472129843840371,0.16244665398593466,0.1394961405464373,0.1661652938948572,Graded-test temporal holdout,vo2r,<0.60,
A3002.xlsx,0.03077816492450644,0.032188743094865246,0.02522765148391798,0.03678580352166225,Graded-test temporal holdout,vo2r,<0.60,
A3003.xlsx,0.04876733436055475,0.025524288377371085,0.03861070010539949,0.019850506507556737,Graded-test temporal holdout,vo2r,<0.60,
A3005.xlsx,0.43806181171007585,0.41695265546510063,0.4326671001905455,0.41179977025046605,Graded-test temporal holdout,vo2r,<0.60,
A3008.xlsx,0.041394981229006145,0.06116623320493364,0.04380406671416751,0.06599252710314772,Graded-test temporal holdout,vo2r,<0.60,
A3009.xlsx,0.03811645147977831,0.05433279736195368,0.03597330684548508,0.058961413852909386,Graded-test temporal holdout,vo2r,<0.60,
A3010.xlsx,0.029249058380414278,0.050646235683309504,0.03528650883789905,0.05586942875078457,Graded-test temporal holdout,vo2r,<0.60,
A3011.xlsx,0.011299435028248539,0.012472212909692193,0.0075391983281219615,0.0165017162853441,Graded-test temporal holdout,vo2r,<0.60,
A3013.xlsx,0.0388327721661055,0.02966014454374538,0.0322673625594506,0.027421045230343888,Graded-test temporal holdout,vo2r,<0.60,
A3014.xlsx,0.01948620639322718,0.04005320535270593,0.02367105638249037,0.045073746373758355,Graded-test temporal holdout,vo2r,<0.60,
A3018.xlsx,0.03959276018099553,0.035924218648384326,0.030987132199578965,0.040735570460226245,Graded-test temporal holdout,vo2r,<0.60,
A3019.xlsx,0.048091327031354957,0.04279786181082305,0.04526410608312211,0.043735274543310367,Graded-test temporal holdout,vo2r,<0.60,
A3020.xlsx,0.0069431249604154505,0.022093506171660116,0.004461537286572351,0.026866323129173766,Graded-test temporal holdout,vo2r,<0.60,
A3022.xlsx,0.09868813357185448,0.11605801891102967,0.09573840309789199,0.12029812326695051,Graded-test temporal holdout,vo2r,<0.60,
A3023.xlsx,0.03281323877068559,0.030190946403352042,0.02696141174332234,0.029550827423167864,Graded-test temporal holdout,vo2r,<0.60,
A3024.xlsx,0.03480819808839564,0.03213919822342509,0.028852140045277808,0.03148767763290686,Graded-test temporal holdout,vo2r,<0.60,
A3027.xlsx,0.036877394636015415,0.027165200682928232,0.029107905394100592,0.024794389645209008,Graded-test temporal holdout,vo2r,<0.60,
A3031.xlsx,0.0402207441681125,0.024500419078770024,0.035355534701686064,0.022004228611171444,Graded-test temporal holdout,vo2r,<0.60,
A3032.xlsx,0.08915788427122676,0.10961548430006998,0.093098602970237,0.11460932031569127,Graded-test temporal holdout,vo2r,<0.60,
A3036.xlsx,0.06715686274509808,0.04603284089713344,0.06172897760296362,0.040876326890094204,Graded-test temporal holdout,vo2r,<0.60,
A3037.xlsx,0.02848261912013929,0.035674204554784816,0.02145073918715155,0.04018452799239699,Graded-test temporal holdout,vo2r,<0.60,
A3039.xlsx,0.042815323378893544,0.02075072740780229,0.03528848194053652,0.015364613011430495,Graded-test temporal holdout,vo2r,<0.60,
A3041.xlsx,0.07379549839228297,0.09274593123354671,0.07437286913173632,0.09737185773034439,Graded-test temporal holdout,vo2r,<0.60,
A3043.xlsx,0.050222746331236884,0.07143781999751171,0.05585381991182145,0.07661656035802959,Graded-test temporal holdout,vo2r,<0.60,
A3045.xlsx,0.0838325146759314,0.10375679491792646,0.08658309333495849,0.10862044403207098,Graded-test temporal holdout,vo2r,<0.60,
A3049.xlsx,0.041352093342484464,0.02379929484970339,0.03311889685658717,0.023326088614352175,Graded-test temporal holdout,vo2r,<0.60,
A3051.xlsx,0.04693278582803593,0.03676886192364235,0.03815522991474072,0.034287780605099016,Graded-test temporal holdout,vo2r,<0.60,
A3052.xlsx,0.05726026778658361,0.075240951186218,0.055673575486007876,0.07963015540469813,Graded-test temporal holdout,vo2r,<0.60,
A3053.xlsx,0.012546015321858589,0.03347834913127545,0.01754613533041388,0.0385880708152018,Graded-test temporal holdout,vo2r,<0.60,
A3056.xlsx,0.04065222009772673,0.01904258855210772,0.03414066328385831,0.013767533993182516,Graded-test temporal holdout,vo2r,<0.60,
A3057.xlsx,0.1168171821627439,0.0939483533778584,0.10749563950240254,0.08836592041113583,Graded-test temporal holdout,vo2r,<0.60,
A3058.xlsx,0.024533799533799583,0.01705172565546989,0.021026968718829836,0.016372811585577574,Graded-test temporal holdout,vo2r,<0.60,
A3059.xlsx,0.032268532603184255,0.05159068688879981,0.03367542548967436,0.056307353058577994,Graded-test temporal holdout,vo2r,<0.60,
A3060.xlsx,0.02987353981352489,0.028257671624948272,0.02436778857810243,0.03307577147579696,Graded-test temporal holdout,vo2r,<0.60,
A3062.xlsx,0.030518007222062493,0.034862936095812036,0.026310072723760108,0.03592356208637062,Graded-test temporal holdout,vo2r,<0.60,
A3063.xlsx,0.03345266507557673,0.016115224955573104,0.028024779933442254,0.012940031601484922,Graded-test temporal holdout,vo2r,<0.60,
A3066.xlsx,0.02950884368385172,0.04880543956432759,0.030858701219197943,0.05351586675769073,Graded-test temporal holdout,vo2r,<0.60,
A3071.xlsx,0.06412240377467268,0.039172771670777456,0.05015740439970515,0.033082400796321604,Graded-test temporal holdout,vo2r,<0.60,
A3072.xlsx,0.047836328738440015,0.027374501932731332,0.043886177694124534,0.0223796341328093,Graded-test temporal holdout,vo2r,<0.60,
A4000.xlsx,0.01844222877660945,0.03714432466018361,0.020903524370816703,0.04219288209318388,Graded-test temporal holdout,vo2r,<0.60,
A4001.xlsx,0.008981908175456558,0.012116226790488441,0.007211315687783197,0.017006024555784278,Graded-test temporal holdout,vo2r,<0.60,
A530.xlsx,0.04729085564471275,0.027037378010835805,0.04380565020678426,0.02209336962729941,Graded-test temporal holdout,vo2r,<0.60,
A531.xlsx,0.06041589762519992,0.03914156801367561,0.05465259029895734,0.03394836288343358,Graded-test temporal holdout,vo2r,<0.60,
A535.xlsx,0.16853117589621974,0.14524914085914625,0.15828753486708075,0.13956584150237078,Graded-test temporal holdout,vo2r,<0.60,
A536.xlsx,0.012893529504825233,0.01381955280331589,0.005234619004924075,0.018718422549623415,Graded-test temporal holdout,vo2r,<0.60,
A538.xlsx,0.058332882468574675,0.04758578260245363,0.04825392900821052,0.044962344159075816,Graded-test temporal holdout,vo2r,<0.60,
A543.xlsx,0.01773024361259662,0.00785411733327481,0.015099032448336843,0.009489976949301074,Graded-test temporal holdout,vo2r,<0.60,
A547.xlsx,0.027178980856782498,0.04648550233148738,0.02855098804305839,0.051198352428312666,Graded-test temporal holdout,vo2r,<0.60,
A577.xlsx,0.07441266524458381,0.05442795845650056,0.07152724056305587,0.04954955882119377,Graded-test temporal holdout,vo2r,<0.60,
A582.xlsx,0.08426762752951097,0.10330314829498558,0.08503487786469595,0.10794984531910906,Graded-test temporal holdout,vo2r,<0.60,
A600.xlsx,0.05861889927310485,0.07634365323748898,0.056461082713101796,0.0806703833813265,Graded-test temporal holdout,vo2r,<0.60,
A1085.xlsx,0.0980563207835935,0.068438142529964,0.07367313735034436,0.06120814853890294,Graded-test temporal holdout,vo2r,0.60-<0.80,
A1086.xlsx,0.05141344918313656,0.021042266397635123,0.02534988398688215,0.013628459000021687,Graded-test temporal holdout,vo2r,0.60-<0.80,
A1088.xlsx,0.06642077352649267,0.03541646206086824,0.03894433783254081,0.027848103748149167,Graded-test temporal holdout,vo2r,0.60-<0.80,
A1096.xlsx,0.0631147540983607,0.03391195273487352,0.0396585129628344,0.026783355001004205,Graded-test temporal holdout,vo2r,0.60-<0.80,
A1106.xlsx,0.11956275273043349,0.08957377086997009,0.09435209536813483,0.08225326125616161,Graded-test temporal holdout,vo2r,0.60-<0.80,
A1108.xlsx,0.016341341341341298,0.01299757789194289,0.00741865624762561,0.020159402901719692,Graded-test temporal holdout,vo2r,0.60-<0.80,
A1116.xlsx,0.005664904926796666,0.03562389030627933,0.03080862306434856,0.04293707757988896,Graded-test temporal holdout,vo2r,0.60-<0.80,
A1117.xlsx,0.08699755718409945,0.05728591120919454,0.06240579405761748,0.05003310112669831,Graded-test temporal holdout,vo2r,0.60-<0.80,
A1120.xlsx,0.11341833450822941,0.08119525033336811,0.08322212310620997,0.07332938150907098,Graded-test temporal holdout,vo2r,0.60-<0.80,
A202.xlsx,0.08095683658109924,0.04934054562743243,0.05211472627628788,0.04162279905783591,Graded-test temporal holdout,vo2r,0.60-<0.80,
A203.xlsx,0.11180797114179637,0.08033496526551857,0.08328561141053963,0.07265219553479645,Graded-test temporal holdout,vo2r,0.60-<0.80,
A204.xlsx,0.07615306815190433,0.0444893337844415,0.04720508458346284,0.03676000596248966,Graded-test temporal holdout,vo2r,0.60-<0.80,
A205.xlsx,0.0349139655862345,0.004920425436994669,0.00969313608684197,0.0024011968853734356,Graded-test temporal holdout,vo2r,0.60-<0.80,
A207.xlsx,0.05738409884057494,0.028742555993485297,0.03518034495494765,0.02175096519050268,Graded-test temporal holdout,vo2r,0.60-<0.80,
A208.xlsx,0.03320802005012524,0.004071438190863641,0.009899552324380778,0.003040994922293927,Graded-test temporal holdout,vo2r,0.60-<0.80,
A220.xlsx,0.04096779418911156,0.012098520420301961,0.01825584297991789,0.010319286274605655,Graded-test temporal holdout,vo2r,0.60-<0.80,
A221.xlsx,0.07291458541458545,0.041312600474924854,0.04410439997080717,0.033598346098346166,Graded-test temporal holdout,vo2r,0.60-<0.80,
A226.xlsx,0.10949111470113088,0.0778050819291839,0.08049337069878332,0.07007031091862503,Graded-test temporal holdout,vo2r,0.60-<0.80,
A232.xlsx,0.00554785020804438,0.0256699160697359,0.022404924682274063,0.03329038011954755,Graded-test temporal holdout,vo2r,0.60-<0.80,
A236.xlsx,0.03741560390097537,0.016312191878659177,0.014238225490360024,0.015666910648634846,Graded-test temporal holdout,vo2r,0.60-<0.80,
A237.xlsx,0.04688138015516541,0.017274853427206083,0.02252419790838811,0.010047703650933049,Graded-test temporal holdout,vo2r,0.60-<0.80,
A238.xlsx,0.06373359261059786,0.032883094171379745,0.036600401337557154,0.025352282639801105,Graded-test temporal holdout,vo2r,0.60-<0.80,
A239.xlsx,0.03561823940715941,0.03637177169662309,0.03729979889778101,0.036555713932308165,Graded-test temporal holdout,vo2r,0.60-<0.80,
A240.xlsx,0.06949799115295652,0.03911777470214106,0.04341426670691784,0.03170176212683651,Graded-test temporal holdout,vo2r,0.60-<0.80,
A241.xlsx,0.05958846752003827,0.030339821884394935,0.036029921716201396,0.02320003325926362,Graded-test temporal holdout,vo2r,0.60-<0.80,
A246.xlsx,0.08175762784701329,0.11285532579295593,0.10944246193937557,0.12044648036565297,Graded-test temporal holdout,vo2r,0.60-<0.80,
A251.xlsx,0.08307533539731693,0.05202187315257767,0.05548921633578063,0.044441516808291226,Graded-test temporal holdout,vo2r,0.60-<0.80,
A274.xlsx,0.08581497949195183,0.11782688192943003,0.11553992422138404,0.1256411998892808,Graded-test temporal holdout,vo2r,0.60-<0.80,
A275.xlsx,0.047008671149907755,0.07644625075564931,0.07098883619284263,0.08363215941749658,Graded-test temporal holdout,vo2r,0.60-<0.80,
A294.xlsx,0.1264100418410043,0.09546699190646851,0.0990703154964096,0.08791358794029519,Graded-test temporal holdout,vo2r,0.60-<0.80,
A295.xlsx,0.1372162975116215,0.10752996882482668,0.112681031666933,0.10028333886047747,Graded-test temporal holdout,vo2r,0.60-<0.80,
A3000.xlsx,0.045858289236494654,0.013268017717191327,0.014842673845401111,0.005312516023810276,Graded-test temporal holdout,vo2r,0.60-<0.80,
A3001.xlsx,0.04059427414690581,0.06938065670497434,0.06312124787861134,0.07640760384321416,Graded-test temporal holdout,vo2r,0.60-<0.80,
A3002.xlsx,0.11130468447541624,0.08062836455042133,0.08456018461978372,0.07314007115079608,Graded-test temporal holdout,vo2r,0.60-<0.80,
A3003.xlsx,0.018066255778120155,0.011335204098043783,0.00583330558675188,0.018512295694048275,Graded-test temporal holdout,vo2r,0.60-<0.80,
A3005.xlsx,0.6479509023618301,0.616881792113944,0.6203298636975526,0.609297615988179,Graded-test temporal holdout,vo2r,0.60-<0.80,
A3008.xlsx,0.005913568747000886,0.03505571828212369,0.031424566502368245,0.04260360648384195,Graded-test temporal holdout,vo2r,0.60-<0.80,
A3009.xlsx,0.01224550957041226,0.032939712907446496,0.02913616654610533,0.04045343115733868,Graded-test temporal holdout,vo2r,0.60-<0.80,
A3010.xlsx,0.001000470809792764,0.028591370141019756,0.02332393910820224,0.03581493502157046,Graded-test temporal holdout,vo2r,0.60-<0.80,
A3011.xlsx,0.022307590846138592,0.009915493328722713,0.007888620555880854,0.017781362153019842,Graded-test temporal holdout,vo2r,0.60-<0.80,
A3012.xlsx,0.053685729824708206,0.025228842886816594,0.029610513274623718,0.024675280875651018,Graded-test temporal holdout,vo2r,0.60-<0.80,
A3013.xlsx,0.06767676767676763,0.03773083632141546,0.04256218049813332,0.030420835621781255,Graded-test temporal holdout,vo2r,0.60-<0.80,
A3014.xlsx,0.016056050211647965,0.014794448227570145,0.015314646466913606,0.022325259759148786,Graded-test temporal holdout,vo2r,0.60-<0.80,
A3018.xlsx,0.09879336349924583,0.06644318805256572,0.06831353912232097,0.058546295404868665,Graded-test temporal holdout,vo2r,0.60-<0.80,
A3019.xlsx,0.11932434526576796,0.08659140706822932,0.08799035930165922,0.07860107949131379,Graded-test temporal holdout,vo2r,0.60-<0.80,
A3020.xlsx,0.014450989085228091,0.028745090902745647,0.025749901909605428,0.03641903189325779,Graded-test temporal holdout,vo2r,0.60-<0.80,
A3022.xlsx,0.021645796064400757,0.019124361095810782,0.016019039307320737,0.018508862076402954,Graded-test temporal holdout,vo2r,0.60-<0.80,
A3023.xlsx,0.06115839243498811,0.031002030210652398,0.035574214198602405,0.023640661938534313,Graded-test temporal holdout,vo2r,0.60-<0.80,
A3024.xlsx,0.13509525947783688,0.10623669843784303,0.11240721446491722,0.0991921320528645,Graded-test temporal holdout,vo2r,0.60-<0.80,
A3027.xlsx,0.09627577084473637,0.06459551914061863,0.06729092769562368,0.056862159327106,Graded-test temporal holdout,vo2r,0.60-<0.80,
A3031.xlsx,0.11484239444765759,0.08353457692099908,0.08668866395887204,0.07589213076335144,Graded-test temporal holdout,vo2r,0.60-<0.80,
A3032.xlsx,0.031931464174454804,0.06170063675737595,0.05759036020898097,0.06915355868978046,Graded-test temporal holdout,vo2r,0.60-<0.80,
A3036.xlsx,0.048039215686274485,0.0178100120072906,0.022292486699128717,0.0131078199601354,Graded-test temporal holdout,vo2r,0.60-<0.80,
A3037.xlsx,0.017970525526580922,0.02969622310408863,0.03023328755373404,0.034002410796210435,Graded-test temporal holdout,vo2r,0.60-<0.80,
A3039.xlsx,0.06420192489943768,0.03312054692092928,0.03655350994466172,0.025533376160655596,Graded-test temporal holdout,vo2r,0.60-<0.80,
A3041.xlsx,0.07895819935691317,0.1097264298002934,0.10590780389968363,0.11723715916778776,Graded-test temporal holdout,vo2r,0.60-<0.80,
A3043.xlsx,0.052751572327043916,0.08425550146237049,0.08134293945249127,0.09194581976597216,Graded-test temporal holdout,vo2r,0.60-<0.80,
A3045.xlsx,0.038456930633760544,0.046277380255063616,0.04391702042503315,0.05407714934134156,Graded-test temporal holdout,vo2r,0.60-<0.80,
A3049.xlsx,0.09700297414779231,0.06633907146526301,0.07028618422869115,0.05885380919698021,Graded-test temporal holdout,vo2r,0.60-<0.80,
A3051.xlsx,0.11893433884786986,0.08717207664663995,0.08976648359472683,0.07941869752619202,Graded-test temporal holdout,vo2r,0.60-<0.80,
A3052.xlsx,0.018339768339768248,0.028979923451016465,0.022666894203380694,0.0359962426031854,Graded-test temporal holdout,vo2r,0.60-<0.80,
A3053.xlsx,0.01928166351606808,0.0498750744682927,0.0458411462570143,0.057343129237108215,Graded-test temporal holdout,vo2r,0.60-<0.80,
A3056.xlsx,0.078356702783089,0.047884694255277936,0.052068137960076255,0.04044627462443399,Graded-test temporal holdout,vo2r,0.60-<0.80,
A3057.xlsx,0.14047853009530048,0.11015615711385963,0.1145238873571825,0.10275426451353865,Graded-test temporal holdout,vo2r,0.60-<0.80,
A3058.xlsx,0.031688681688681775,0.016366711558005065,0.0208104027062375,0.01780902312817197,Graded-test temporal holdout,vo2r,0.60-<0.80,
A3059.xlsx,0.008535307440083831,0.022518154804655466,0.019050811621452463,0.03009851114894187,Graded-test temporal holdout,vo2r,0.60-<0.80,
A3060.xlsx,0.07751044904083165,0.04755146366134899,0.05236673090327976,0.04023827638773936,Graded-test temporal holdout,vo2r,0.60-<0.80,
A3062.xlsx,0.04683155977375136,0.028376568252395207,0.030265185012646467,0.028750906837298196,Graded-test temporal holdout,vo2r,0.60-<0.80,
A3063.xlsx,0.04123195817706552,0.009597955015581508,0.012350321853832261,0.00667064842152439,Graded-test temporal holdout,vo2r,0.60-<0.80,
A3066.xlsx,0.011731783446345845,0.03343515605662517,0.027134887733045232,0.04045400452355702,Graded-test temporal holdout,vo2r,0.60-<0.80,
A3071.xlsx,0.09250830640389601,0.06067601716789173,0.06318418097285688,0.05290554398324121,Graded-test temporal holdout,vo2r,0.60-<0.80,
A3072.xlsx,0.12135752922701104,0.09155875232549354,0.09657132740344765,0.08428467300521875,Graded-test temporal holdout,vo2r,0.60-<0.80,
A4000.xlsx,0.0498445114131828,0.017260967860749654,0.018843909946112625,0.009307108508758655,Graded-test temporal holdout,vo2r,0.60-<0.80,
A4001.xlsx,0.06197196620583717,0.03094931096729303,0.03445459511219756,0.023376474817792647,Graded-test temporal holdout,vo2r,0.60-<0.80,
A530.xlsx,0.1104645004104764,0.08097259438219945,0.0863631021932193,0.073773424279857,Graded-test temporal holdout,vo2r,0.60-<0.80,
A531.xlsx,0.0748661867847914,0.044342148646517365,0.048461514282664264,0.03689102824225704,Graded-test temporal holdout,vo2r,0.60-<0.80,
A535.xlsx,0.26911005719068215,0.23663774516529018,0.23835767657966256,0.2287110381676823,Graded-test temporal holdout,vo2r,0.60-<0.80,
A536.xlsx,0.0045087802562885915,0.025817049842126516,0.021453577277783853,0.033219786347657876,Graded-test temporal holdout,vo2r,0.60-<0.80,
A538.xlsx,0.09606124546880912,0.06561112918146605,0.06982153469657126,0.05817805359189565,Graded-test temporal holdout,vo2r,0.60-<0.80,
A543.xlsx,0.04298573975044567,0.013380545722101123,0.014963300252658629,0.012793769990265602,Graded-test temporal holdout,vo2r,0.60-<0.80,
A547.xlsx,0.01119887371327218,0.024823815369083808,0.02056343650742576,0.032246985851262844,Graded-test temporal holdout,vo2r,0.60-<0.80,
A577.xlsx,0.10535385195826624,0.07472308641391434,0.07871100985795587,0.06724591314110767,Graded-test temporal holdout,vo2r,0.60-<0.80,
A582.xlsx,0.041789629005059115,0.07320250632207548,0.0701778076920564,0.08087059827219856,Graded-test temporal holdout,vo2r,0.60-<0.80,
A600.xlsx,0.01475856697819311,0.022920931818064372,0.018214183885946422,0.030255628466008155,Graded-test temporal holdout,vo2r,0.60-<0.80,
A1085.xlsx,0.1300122436486073,0.09317011947945841,0.08950832460278724,0.08417671231984591,Graded-test temporal holdout,vo2r,0.80-<0.90,
A1086.xlsx,0.035030288196781445,0.0008965987567995937,0.0034312156167680685,0.009666590434464162,Graded-test temporal holdout,vo2r,0.80-<0.90,
A1088.xlsx,0.05932542327689633,0.02234437707091047,0.018511490084680615,0.01619775274162727,Graded-test temporal holdout,vo2r,0.80-<0.90,
A1096.xlsx,0.053502235469448656,0.01814102021298125,0.016303067224205603,0.009509112752921767,Graded-test temporal holdout,vo2r,0.80-<0.90,
A1106.xlsx,0.11751256566267332,0.08078187470179565,0.07725731753853649,0.07181566912829385,Graded-test temporal holdout,vo2r,0.80-<0.90,
A1108.xlsx,0.054704704704704676,0.01868865212867299,0.016044221629396116,0.009896894530464273,Graded-test temporal holdout,vo2r,0.80-<0.90,
A1116.xlsx,0.01922726444322942,0.05517804689860861,0.057742092723950034,0.0639538716269401,Graded-test temporal holdout,vo2r,0.80-<0.90,
A1117.xlsx,0.08788585387519432,0.0510817504740218,0.04746678080628247,0.04209762443634907,Graded-test temporal holdout,vo2r,0.80-<0.90,
A1120.xlsx,0.1157630183590278,0.07798423001608701,0.07316886833971326,0.06876217691173858,Graded-test temporal holdout,vo2r,0.80-<0.90,
A202.xlsx,0.0862454741466987,0.049049837730620105,0.04495266803898679,0.03997013588403597,Graded-test temporal holdout,vo2r,0.80-<0.90,
A203.xlsx,0.07183514282702652,0.033902611727233134,0.02889790519817681,0.024643028995009142,Graded-test temporal holdout,vo2r,0.80-<0.90,
A204.xlsx,0.06285589592252383,0.02517159234434624,0.02047259519942185,0.01597260359850211,Graded-test temporal holdout,vo2r,0.80-<0.90,
A205.xlsx,0.04881952781112442,0.013684237922014897,0.012124527669843066,0.005107480344383686,Graded-test temporal holdout,vo2r,0.80-<0.90,
A207.xlsx,0.08759365541423403,0.051526527384565535,0.04881919392684997,0.04272230192895787,Graded-test temporal holdout,vo2r,0.80-<0.90,
A208.xlsx,0.074812030075188,0.03859942119296289,0.03571291798989196,0.029759682895181272,Graded-test temporal holdout,vo2r,0.80-<0.90,
A220.xlsx,0.07128131120503034,0.03379135151914564,0.029331702337073662,0.024639803407949745,Graded-test temporal holdout,vo2r,0.80-<0.90,
A221.xlsx,0.06778221778221794,0.031473554234522805,0.028468753058556895,0.02261036835504948,Graded-test temporal holdout,vo2r,0.80-<0.90,
A226.xlsx,0.08455573505654279,0.046969544458095425,0.042391380242627896,0.037794505742122064,Graded-test temporal holdout,vo2r,0.80-<0.90,
A232.xlsx,0.019486823855755953,0.01641360736369135,0.018915642154853973,0.02517714102097479,Graded-test temporal holdout,vo2r,0.80-<0.90,
A236.xlsx,0.0743489443789519,0.0373407859690027,0.03347450842590738,0.028306848748661406,Graded-test temporal holdout,vo2r,0.80-<0.90,
A237.xlsx,0.07589832584728473,0.0395950847403822,0.03659696167578941,0.03073322251471411,Graded-test temporal holdout,vo2r,0.80-<0.90,
A238.xlsx,0.02697409542329332,0.009385420594356653,0.012452850108913838,0.018261019899431408,Graded-test temporal holdout,vo2r,0.80-<0.90,
A239.xlsx,0.02496563676567265,0.06000488822573291,0.06144632050128651,0.06855820218509057,Graded-test temporal holdout,vo2r,0.80-<0.90,
A240.xlsx,0.0442893280846286,0.008756911183090077,0.006708111511656734,8.32122646052813e-05,Graded-test temporal holdout,vo2r,0.80-<0.90,
A241.xlsx,0.05921760976193324,0.022236563555947386,0.01840367656971753,0.013396469370791864,Graded-test temporal holdout,vo2r,0.80-<0.90,
A246.xlsx,0.07627847013321865,0.11494047298493115,0.12084357449682104,0.12437812461585174,Graded-test temporal holdout,vo2r,0.80-<0.90,
A251.xlsx,0.05572755417956654,0.0291908830493523,0.03107949980960356,0.02956522163425529,Graded-test temporal holdout,vo2r,0.80-<0.90,
A275.xlsx,0.03039259829481905,0.06777651840763194,0.072105572511582,0.07690218155488576,Graded-test temporal holdout,vo2r,0.80-<0.90,
A294.xlsx,0.0945718270571827,0.05855901187913537,0.05591856845968568,0.049768044551272594,Graded-test temporal holdout,vo2r,0.80-<0.90,
A295.xlsx,0.1613344271260596,0.12546344662951592,0.12299768244325016,0.1167071020892605,Graded-test temporal holdout,vo2r,0.80-<0.90,
A3000.xlsx,0.07305053206954693,0.03499715145163207,0.02984361037144656,0.025708068549534002,Graded-test temporal holdout,vo2r,0.80-<0.90,
A3001.xlsx,0.03766628108733372,0.0011054740427794973,0.0022098593120353227,0.007819261738634564,Graded-test temporal holdout,vo2r,0.80-<0.90,
A3002.xlsx,0.13066202090592338,0.09335298315930796,0.08911615187538835,0.08424559929489883,Graded-test temporal holdout,vo2r,0.80-<0.90,
A3003.xlsx,0.051232665639445285,0.015474133357624265,0.013146856935510765,0.006745238173294532,Graded-test temporal holdout,vo2r,0.80-<0.90,
A3005.xlsx,0.7805602984885854,0.7430989789552491,0.7386746021045449,0.7339544220954751,Graded-test temporal holdout,vo2r,0.80-<0.90,
A3008.xlsx,0.01431111863832668,0.024488105164057306,0.03056020378008284,0.03395925334025185,Graded-test temporal holdout,vo2r,0.80-<0.90,
A3009.xlsx,0.015284164603230788,0.05252683830271487,0.05668193766647944,0.061618022262529215,Graded-test temporal holdout,vo2r,0.80-<0.90,
A3010.xlsx,0.004766949152542277,0.032109037263085616,0.03581253584146177,0.04111071042192571,Graded-test temporal holdout,vo2r,0.80-<0.90,
A3011.xlsx,0.03643738046560696,0.002822928988821749,0.009462886518319502,0.01240663123451713,Graded-test temporal holdout,vo2r,0.80-<0.90,
A3012.xlsx,0.07661172237794417,0.039297656459125696,0.035054632632906535,0.030189045184492225,Graded-test temporal holdout,vo2r,0.80-<0.90,
A3013.xlsx,0.08720538720538723,0.049975310385219684,0.045835724950743895,0.04088720140729607,Graded-test temporal holdout,vo2r,0.80-<0.90,
A3014.xlsx,0.02899819977618845,0.008707964982855976,0.013433885686037206,0.017912290188118685,Graded-test temporal holdout,vo2r,0.80-<0.90,
A3018.xlsx,0.09200603318250367,0.05387138927847013,0.04861776683345398,0.044562469468602095,Graded-test temporal holdout,vo2r,0.80-<0.90,
A3019.xlsx,0.08412225462434675,0.04626908028417637,0.0413621071005329,0.03702886906394448,Graded-test temporal holdout,vo2r,0.80-<0.90,
A3020.xlsx,0.0075368927734499325,0.046257876560100164,0.05223361717815367,0.05570992582890166,Graded-test temporal holdout,vo2r,0.80-<0.90,
A3022.xlsx,0.07607334525939169,0.03951253821483747,0.03619720486002265,0.030587802433423406,Graded-test temporal holdout,vo2r,0.80-<0.90,
A3023.xlsx,0.09204491725768321,0.055114299751069185,0.05134351920060909,0.04609929078014191,Graded-test temporal holdout,vo2r,0.80-<0.90,
A3024.xlsx,0.1573064340239912,0.12077449837220716,0.11749472213710782,0.11185681028948857,Graded-test temporal holdout,vo2r,0.80-<0.90,
A3027.xlsx,0.03857074438971003,0.0012637478808124047,0.004089003188426088,0.008466667895929092,Graded-test temporal holdout,vo2r,0.80-<0.90,
A3031.xlsx,0.12456622325043365,0.08716493788301616,0.08281449726537127,0.07803503576179949,Graded-test temporal holdout,vo2r,0.80-<0.90,
A3036.xlsx,0.032352941176470584,0.003703578874365565,0.006397847871482454,0.01250521485189815,Graded-test temporal holdout,vo2r,0.80-<0.90,
A3037.xlsx,0.009793584967550228,0.027160128610049794,0.03095935357147217,0.0361807754852741,Graded-test temporal holdout,vo2r,0.80-<0.90,
A3039.xlsx,0.02516690183855269,0.023426697257738438,0.024733143317620998,0.023685645065256278,Graded-test temporal holdout,vo2r,0.80-<0.90,
A3041.xlsx,0.06506752411575567,0.101080339293803,0.10372078271325269,0.10987130662166578,Graded-test temporal holdout,vo2r,0.80-<0.90,
A3043.xlsx,0.022222222222222143,0.06009977863926219,0.06503678003917746,0.0693459416863671,Graded-test temporal holdout,vo2r,0.80-<0.90,
A3045.xlsx,0.040955689811566054,0.0027598346011055153,0.002569173807029923,0.006564027295134722,Graded-test temporal holdout,vo2r,0.80-<0.90,
A3049.xlsx,0.06131320064058576,0.024305042230636564,0.020438764687541244,0.015271105010295272,Graded-test temporal holdout,vo2r,0.80-<0.90,
A3051.xlsx,0.10155170371540251,0.06394518526914628,0.059341985901275485,0.05476518439053596,Graded-test temporal holdout,vo2r,0.80-<0.90,
A3052.xlsx,0.05792352502878817,0.02051845372297939,0.016163350460006443,0.011387627429060854,Graded-test temporal holdout,vo2r,0.80-<0.90,
A3053.xlsx,0.014943786687891758,0.021400265420766118,0.024448650060430066,0.030272089882967923,Graded-test temporal holdout,vo2r,0.80-<0.90,
A3056.xlsx,0.07213989802421927,0.034808652517040406,0.030544470837964632,0.02569584759080723,Graded-test temporal holdout,vo2r,0.80-<0.90,
A3057.xlsx,0.13700809508212064,0.10041796902630384,0.09706652727859955,0.09148607627954775,Graded-test temporal holdout,vo2r,0.80-<0.90,
A3058.xlsx,0.018919968919968944,0.041996580089960156,0.04554716509541823,0.05096794458496573,Graded-test temporal holdout,vo2r,0.80-<0.90,
A3059.xlsx,0.02149883378967654,0.016072021765687006,0.02063129981355205,0.02524331709581129,Graded-test temporal holdout,vo2r,0.80-<0.90,
A3060.xlsx,0.10364644732611727,0.0657571422873598,0.06080567164613615,0.05650811132367706,Graded-test temporal holdout,vo2r,0.80-<0.90,
A3062.xlsx,0.009371105359025966,0.04713364895293737,0.05192900409583373,0.056351736606174485,Graded-test temporal holdout,vo2r,0.80-<0.90,
A3063.xlsx,0.04566428003182188,0.007786723614781832,0.002849722214866568,0.001459439432323073,Graded-test temporal holdout,vo2r,0.80-<0.90,
A3066.xlsx,0.041330319664191206,0.005292968417209831,0.002622307129596102,0.0035039883280114648,Graded-test temporal holdout,vo2r,0.80-<0.90,
A3071.xlsx,0.0873044771137712,0.05031019502868517,0.04646100714067847,0.041279645111388596,Graded-test temporal holdout,vo2r,0.80-<0.90,
A3072.xlsx,0.1650846274646659,0.12892877815749137,0.12611217830204002,0.12010289524889117,Graded-test temporal holdout,vo2r,0.80-<0.90,
A4000.xlsx,0.23765709156193893,0.19941532787165817,0.1940297799911832,0.19008025941063877,Graded-test temporal holdout,vo2r,0.80-<0.90,
A4001.xlsx,0.07667690732206855,0.03921558778873224,0.03479121093802806,0.030071030928958187,Graded-test temporal holdout,vo2r,0.80-<0.90,
A530.xlsx,0.12727417176451894,0.08996513401790351,0.08572830273398385,0.08085775015349445,Graded-test temporal holdout,vo2r,0.80-<0.90,
A531.xlsx,0.03503368401624213,0.01486066507100936,0.016355820006208277,0.015157016450724203,Graded-test temporal holdout,vo2r,0.80-<0.90,
A535.xlsx,0.23255684195843218,0.19538727725012184,0.19132221667222915,0.186313939680533,Graded-test temporal holdout,vo2r,0.80-<0.90,
A536.xlsx,0.0009492168960607561,0.03517419836822777,0.03795085345361071,0.04399216391158134,Graded-test temporal holdout,vo2r,0.80-<0.90,
A538.xlsx,0.10812638640913269,0.07015330021550492,0.06509864727970516,0.060883817715570054,Graded-test temporal holdout,vo2r,0.80-<0.90,
A543.xlsx,0.06786096256684493,0.029837723240508596,0.02472130324836941,0.02055599802783792,Graded-test temporal holdout,vo2r,0.80-<0.90,
A547.xlsx,0.0021392134276781993,0.036473829521731504,0.04231663352316539,0.04589952971538214,Graded-test temporal holdout,vo2r,0.80-<0.90,
A577.xlsx,0.08068143891573432,0.0422062090246581,0.03653313134895264,0.03281414991369358,Graded-test temporal holdout,vo2r,0.80-<0.90,
A582.xlsx,0.005546479763912315,0.04208102186087703,0.04536400811372843,0.050999346194172235,Graded-test temporal holdout,vo2r,0.80-<0.90,
A600.xlsx,0.05716510903426786,0.018559138070746273,0.012725043709711614,0.009135164195812506,Graded-test temporal holdout,vo2r,0.80-<0.90,
A1085.xlsx,0.07234976022854818,0.03447369831739511,0.032956540368603036,0.04068231770380767,Graded-test temporal holdout,vo2r,>=0.90,
A1086.xlsx,0.05058740745273199,0.010001988589919075,0.011826584443043242,0.022822703008545775,Graded-test temporal holdout,vo2r,>=0.90,
A1088.xlsx,0.0062213927031952165,0.04768498996445203,0.05703844901910882,0.044901308087965885,Graded-test temporal holdout,vo2r,>=0.90,
A1096.xlsx,0.024515648286140224,0.017003980863307455,0.026426447068819636,0.011748105400006259,Graded-test temporal holdout,vo2r,>=0.90,
A1106.xlsx,0.06046634669891526,0.035199303316965413,0.03691714090208753,0.031888863867558126,Graded-test temporal holdout,vo2r,>=0.90,
A1108.xlsx,0.039164164164164184,0.0033976129427804036,0.011687625218151199,0.018393945561006264,Graded-test temporal holdout,vo2r,>=0.90,
A1116.xlsx,0.008041735010023643,0.04845640548769625,0.058182725760684284,0.03465479354979639,Graded-test temporal holdout,vo2r,>=0.90,
A1117.xlsx,0.035420830557406136,0.006558849884556239,0.01654790111814375,0.013725099860845025,Graded-test temporal holdout,vo2r,>=0.90,
A1120.xlsx,0.06782725963159342,0.02708542906567679,0.018620875683054927,0.022778929045358054,Graded-test temporal holdout,vo2r,>=0.90,
A202.xlsx,0.06097527900953311,0.022927806531088724,0.021371212457752937,0.03324699786437909,Graded-test temporal holdout,vo2r,>=0.90,
A203.xlsx,0.05444292189311706,0.01238728958682439,0.010771258137182549,0.027556192560601822,Graded-test temporal holdout,vo2r,>=0.90,
A204.xlsx,0.025385510619726492,0.016758473855276845,0.02694987688460554,0.013443767410743879,Graded-test temporal holdout,vo2r,>=0.90,
A205.xlsx,0.037064825930372136,0.013082617937165086,0.015457275775422274,0.008553588310584948,Graded-test temporal holdout,vo2r,>=0.90,
A207.xlsx,0.061053130668254574,0.033217399483759756,0.03144399095793282,0.030891175755536165,Graded-test temporal holdout,vo2r,>=0.90,
A208.xlsx,0.04642857142857154,0.004596764616346005,0.005210170001074377,0.018181464863329277,Graded-test temporal holdout,vo2r,>=0.90,
A220.xlsx,0.0292311543728922,0.01347131307680538,0.024350526567804898,0.016030410437379516,Graded-test temporal holdout,vo2r,>=0.90,
A221.xlsx,0.038086913086913254,0.0066192820805289765,0.012104948033769214,0.012394429538455876,Graded-test temporal holdout,vo2r,>=0.90,
A226.xlsx,0.054507269789983825,0.01255059191264718,0.009943221249260004,0.03058291990818718,Graded-test temporal holdout,vo2r,>=0.90,
A232.xlsx,0.008139736477115078,0.04891822139890384,0.0583887461559045,0.036202157608550556,Graded-test temporal holdout,vo2r,>=0.90,
A236.xlsx,0.04178276712035145,0.014536038031376652,0.016055308368756238,0.015784189004076854,Graded-test temporal holdout,vo2r,>=0.90,
A237.xlsx,0.056043282972641884,0.014453162092889493,0.006965029962859248,0.03151578871060695,Graded-test temporal holdout,vo2r,>=0.90,
A238.xlsx,0.02258490172928662,0.019650899705357272,0.029955381679364845,0.022994607290676317,Graded-test temporal holdout,vo2r,>=0.90,
A239.xlsx,0.015373812227335193,0.03077673274235032,0.04010639622774659,0.03565882134908882,Graded-test temporal holdout,vo2r,>=0.90,
A240.xlsx,0.04116445490578036,0.01409845147596217,0.01606767992719982,0.009032359093673115,Graded-test temporal holdout,vo2r,>=0.90,
A241.xlsx,0.01744227778442381,0.02491782968788725,0.03537540315622939,0.006301899478574902,Graded-test temporal holdout,vo2r,>=0.90,
A246.xlsx,0.1188762354963473,0.07559160186888658,0.06399541041143142,0.10944532498114878,Graded-test temporal holdout,vo2r,>=0.90,
A251.xlsx,0.022652218782249767,0.020285901852451493,0.03145533856119603,0.021536960614604916,Graded-test temporal holdout,vo2r,>=0.90,
A274.xlsx,0.02028401061593077,0.052778827886654056,0.062059647835147336,0.040492083367175524,Graded-test temporal holdout,vo2r,>=0.90,
A275.xlsx,0.007552760388676805,0.03579091510443955,0.04745982070845722,0.0006138522666420121,Graded-test temporal holdout,vo2r,>=0.90,
A294.xlsx,0.06860251046025101,0.02647101309175881,0.01772030123733853,0.045504638119825525,Graded-test temporal holdout,vo2r,>=0.90,
A295.xlsx,0.09957615531856723,0.05772667807259957,0.04789798109224097,0.07531712469511531,Graded-test temporal holdout,vo2r,>=0.90,
A3000.xlsx,0.05648514275745775,0.014475717619858608,0.006688505157892322,0.027116328754090258,Graded-test temporal holdout,vo2r,>=0.90,
A3001.xlsx,0.019664545980335475,0.022079210721875797,0.031777705530809275,0.02229169521787307,Graded-test temporal holdout,vo2r,>=0.90,
A3002.xlsx,0.07781649245063889,0.036243564675838856,0.03377042460886929,0.048985479352409045,Graded-test temporal holdout,vo2r,>=0.90,
A3003.xlsx,0.03368644067796617,0.007833188471481567,0.017255654676993637,0.02679859358095915,Graded-test temporal holdout,vo2r,>=0.90,
A3005.xlsx,0.8763374318297483,0.8342677753696921,0.8241679124384369,0.851460582841492,Graded-test temporal holdout,vo2r,>=0.90,
A3008.xlsx,0.02332966381573376,0.019037304704110913,0.02950332802765976,0.0032003576587700255,Graded-test temporal holdout,vo2r,>=0.90,
A3009.xlsx,0.023589494163424207,0.018414799917729152,0.028434164552624153,0.02738811012463732,Graded-test temporal holdout,vo2r,>=0.90,
A3010.xlsx,0.00741525423728806,0.035379100368502336,0.0463714792559734,0.011747636490318958,Graded-test temporal holdout,vo2r,>=0.90,
A3011.xlsx,0.026544878981731967,0.016789613529288427,0.02844720965487757,0.018180322452977293,Graded-test temporal holdout,vo2r,>=0.90,
A3012.xlsx,0.05012969083378649,0.009596645694462558,0.010866116865857867,0.024970564519937233,Graded-test temporal holdout,vo2r,>=0.90,
A3013.xlsx,0.03030303030303035,0.012189787675621658,0.02190334866895242,0.00821370757453399,Graded-test temporal holdout,vo2r,>=0.90,
A3014.xlsx,0.022697416435556894,0.019722018918368,0.030252658781733444,0.0029841953831379886,Graded-test temporal holdout,vo2r,>=0.90,
A3018.xlsx,0.03355957767722462,0.012760488963528549,0.018912407096653705,0.007778667807134765,Graded-test temporal holdout,vo2r,>=0.90,
A3019.xlsx,0.06070467576743732,0.022715599352988725,0.023616445841142086,0.04646043301834468,Graded-test temporal holdout,vo2r,>=0.90,
A3020.xlsx,0.020108936601431204,0.023212560110365543,0.034854151009172996,0.01146506945773107,Graded-test temporal holdout,vo2r,>=0.90,
A3022.xlsx,0.07327072152653546,0.03110672566289252,0.02512846043359714,0.04840984938661271,Graded-test temporal holdout,vo2r,>=0.90,
A3023.xlsx,0.02082742316784869,0.031129254709487963,0.04108997669167169,0.016903073286051895,Graded-test temporal holdout,vo2r,>=0.90,
A3024.xlsx,0.08552504971454222,0.04337709351354935,0.033978645120776384,0.05991775360646945,Graded-test temporal holdout,vo2r,>=0.90,
A3027.xlsx,0.01424808429118768,0.028242764253568753,0.038861354407240034,0.009561187914866986,Graded-test temporal holdout,vo2r,>=0.90,
A3031.xlsx,0.06658473105841523,0.024981054076681164,0.02356030940157755,0.03752787456702528,Graded-test temporal holdout,vo2r,>=0.90,
A3032.xlsx,0.02560151123483817,0.0155461615504488,0.024510537733261673,0.02397153798847429,Graded-test temporal holdout,vo2r,>=0.90,
A3036.xlsx,0.028676470588235137,0.01591761340668868,0.022265624766724668,0.003343492637401857,Graded-test temporal holdout,vo2r,>=0.90,
A3037.xlsx,0.017494123068031813,0.04348371058550412,0.053555292836053835,0.03135495667338876,Graded-test temporal holdout,vo2r,>=0.90,
A3039.xlsx,0.01760630120253559,0.058977418648331725,0.06821698240546031,0.05406459623594645,Graded-test temporal holdout,vo2r,>=0.90,
A3041.xlsx,0.027138263665594797,0.06510305907670155,0.0742025718162107,0.05594778682356155,Graded-test temporal holdout,vo2r,>=0.90,
A3043.xlsx,0.0064465408805032265,0.03616571008866676,0.046933815735857976,0.01598253713368103,Graded-test temporal holdout,vo2r,>=0.90,
A3045.xlsx,0.09139297266768209,0.04805536771735186,0.03639393840719729,0.08309545257495587,Graded-test temporal holdout,vo2r,>=0.90,
A3049.xlsx,0.018988789750629065,0.022601331129123325,0.032110612782485726,0.014662868416715102,Graded-test temporal holdout,vo2r,>=0.90,
A3051.xlsx,0.06744778299838122,0.03764980564435172,0.03858862385947659,0.05273693680588315,Graded-test temporal holdout,vo2r,>=0.90,
A3052.xlsx,0.018636117320327772,0.03211332687521001,0.0422874115076059,0.01838596841648582,Graded-test temporal holdout,vo2r,>=0.90,
A3053.xlsx,0.055118893642423616,0.01569038880069057,0.013424048688389034,0.036930343811944266,Graded-test temporal holdout,vo2r,>=0.90,
A3056.xlsx,0.05878744423199489,0.016357296899445206,0.013703331165890453,0.03564093779648142,Graded-test temporal holdout,vo2r,>=0.90,
A3057.xlsx,0.07450906992341651,0.03887372442850986,0.03733932463921963,0.04050478843630941,Graded-test temporal holdout,vo2r,>=0.90,
A3058.xlsx,0.002641802641802804,0.039871119071028804,0.05051689385988556,0.0214892564989273,Graded-test temporal holdout,vo2r,>=0.90,
A3059.xlsx,0.01576919176554109,0.025635424560777997,0.03491624450927128,0.017535487711187625,Graded-test temporal holdout,vo2r,>=0.90,
A3060.xlsx,0.012503125781445301,0.03247115364023493,0.04284858977209993,0.015722052387790526,Graded-test temporal holdout,vo2r,>=0.90,
A3062.xlsx,0.014907487297478594,0.028414009414318153,0.040055600313125606,0.00626362015377846,Graded-test temporal holdout,vo2r,>=0.90,
A3063.xlsx,0.020377315604045876,0.021662609650031528,0.03172585654205745,0.006649160865186354,Graded-test temporal holdout,vo2r,>=0.90,
A3066.xlsx,0.020261543429125006,0.021334760935741826,0.030851657979266534,0.015576409220368348,Graded-test temporal holdout,vo2r,>=0.90,
A3071.xlsx,0.04540834129837812,0.008416113906357547,0.010111407691150043,0.01855701099997281,Graded-test temporal holdout,vo2r,>=0.90,
A3072.xlsx,0.10152969231664044,0.05967896564606475,0.04984872991277112,0.07717394919880845,Graded-test temporal holdout,vo2r,>=0.90,
A4000.xlsx,0.06120960502692996,0.01887050951269048,0.012941850263463783,0.03954515467232006,Graded-test temporal holdout,vo2r,>=0.90,
A4001.xlsx,0.07893305171530973,0.03620373412259803,0.02529145282094125,0.0612911323589147,Graded-test temporal holdout,vo2r,>=0.90,
A530.xlsx,0.06680834723656676,0.035123367756825175,0.036217383563068306,0.05030293366718003,Graded-test temporal holdout,vo2r,>=0.90,
A531.xlsx,0.012066260612772162,0.04127761971035149,0.05082824205316633,0.032512842187350954,Graded-test temporal holdout,vo2r,>=0.90,
A535.xlsx,0.12813502580555178,0.0867447412951989,0.07748157197063321,0.09511071358004582,Graded-test temporal holdout,vo2r,>=0.90,
A536.xlsx,0.009017560512577238,0.03290343991758482,0.04282022265269331,0.01899578695986076,Graded-test temporal holdout,vo2r,>=0.90,
A538.xlsx,0.036357734134069175,0.006988901992619145,0.018661453821922414,0.02825504179241123,Graded-test temporal holdout,vo2r,>=0.90,
A543.xlsx,0.014215686274509809,0.030829391189587718,0.04105924106010728,0.014753479728448426,Graded-test temporal holdout,vo2r,>=0.90,
A547.xlsx,0.02418956722066845,0.019090986414933675,0.030682153079850893,0.014672022569365617,Graded-test temporal holdout,vo2r,>=0.90,
A577.xlsx,0.04215460072845467,0.012831055246731116,0.014211198263837821,0.011510161706734967,Graded-test temporal holdout,vo2r,>=0.90,
A582.xlsx,0.028839059865092664,0.013841479967810044,0.02469368808010608,0.01638194601729087,Graded-test temporal holdout,vo2r,>=0.90,
A600.xlsx,0.05521806853582556,0.011877403020173927,0.00021220441186342587,0.04698652138583881,Graded-test temporal holdout,vo2r,>=0.90,
A1085.xlsx,0.12107438016528924,0.10271972010333455,0.09825782467986927,0.09546040677568726,Graded-test temporal holdout,load_fraction,<0.60,
A1086.xlsx,0.11412429378531075,0.09409226266803618,0.09026249338280797,0.08616954495064849,Graded-test temporal holdout,load_fraction,<0.60,
A1088.xlsx,0.049857549857549865,0.06739663073246611,0.07216588147859188,0.07433338047995257,Graded-test temporal holdout,load_fraction,<0.60,
A1096.xlsx,0.0363636363636363,0.01936142493782565,0.01438985210528724,0.012637008381689222,Graded-test temporal holdout,load_fraction,<0.60,
A1106.xlsx,0.020685579196217524,0.01089910287320009,0.011914455665084644,0.009833509380815897,Graded-test temporal holdout,load_fraction,<0.60,
A1108.xlsx,0.026851851851851877,0.008272081842743556,0.008723898655001672,0.0069127046668418235,Graded-test temporal holdout,load_fraction,<0.60,
A1116.xlsx,0.043255131964809346,0.05928040180667724,0.06462014023309685,0.0656184355566647,Graded-test temporal holdout,load_fraction,<0.60,
A1117.xlsx,0.03846153846153849,0.018979837869463778,0.01494267362022611,0.011274777232224142,Graded-test temporal holdout,load_fraction,<0.60,
A1120.xlsx,0.024482109227871935,0.007369705486591234,0.0055134726280209505,0.0085213233428163,Graded-test temporal holdout,load_fraction,<0.60,
A202.xlsx,0.08101472995090014,0.05987501228715947,0.056462680525235454,0.05151420180845262,Graded-test temporal holdout,load_fraction,<0.60,
A203.xlsx,0.06676342525399132,0.0461789868925539,0.042557395193840775,0.03803779074754593,Graded-test temporal holdout,load_fraction,<0.60,
A204.xlsx,0.08948194662480374,0.0680123174008847,0.06472431455225253,0.05952102608637572,Graded-test temporal holdout,load_fraction,<0.60,
A205.xlsx,0.011982570806100231,0.026738994632326412,0.031735868911097975,0.03343685780064585,Graded-test temporal holdout,load_fraction,<0.60,
A207.xlsx,0.06601941747572809,0.04786171595301769,0.043325595664153393,0.040680300213454534,Graded-test temporal holdout,load_fraction,<0.60,
A208.xlsx,0.12380952380952392,0.10228688315542234,0.09901885794413967,0.09377462568951944,Graded-test temporal holdout,load_fraction,<0.60,
A220.xlsx,0.0400333611342786,0.02978620691191375,0.029226303111426915,0.02639315268634033,Graded-test temporal holdout,load_fraction,<0.60,
A221.xlsx,0.07435897435897433,0.05587633533572397,0.051462669459515296,0.04856640601321455,Graded-test temporal holdout,load_fraction,<0.60,
A226.xlsx,0.08111111111111116,0.06279831255456095,0.05832064140176721,0.055555555555555636,Graded-test temporal holdout,load_fraction,<0.60,
A232.xlsx,0.015873015873015872,0.013089915788433742,0.014807077678207714,0.018743667679837817,Graded-test temporal holdout,load_fraction,<0.60,
A236.xlsx,0.010215053763440896,0.02540240099919805,0.031057914983722363,0.031409034291669836,Graded-test temporal holdout,load_fraction,<0.60,
A237.xlsx,0.046236559139784916,0.028849665062987046,0.024023061918487614,0.021973105569536595,Graded-test temporal holdout,load_fraction,<0.60,
A238.xlsx,0.042577030812324924,0.025332724405894624,0.02045238634499506,0.018512558687777774,Graded-test temporal holdout,load_fraction,<0.60,
A239.xlsx,0.026618269812462143,0.03378395278885743,0.034876509318168804,0.0366179980807157,Graded-test temporal holdout,load_fraction,<0.60,
A240.xlsx,0.034688346883468835,0.028141650749546703,0.02681582576057571,0.025552416280663997,Graded-test temporal holdout,load_fraction,<0.60,
A241.xlsx,0.06713286713286715,0.05034863277661816,0.04529491413455879,0.04371042668915015,Graded-test temporal holdout,load_fraction,<0.60,
A246.xlsx,0.04700854700854701,0.06249400132532434,0.06803717208244602,0.06861853670364304,Graded-test temporal holdout,load_fraction,<0.60,
A251.xlsx,0.08918128654970761,0.0705540465099169,0.06619487429024348,0.06318692712869647,Graded-test temporal holdout,load_fraction,<0.60,
A274.xlsx,0.05701754385964912,0.0742776470157855,0.07915203198815603,0.08110406038737503,Graded-test temporal holdout,load_fraction,<0.60,
A275.xlsx,0.04717630853994495,0.063196384646651,0.06853808035958776,0.06953236426157124,Graded-test temporal holdout,load_fraction,<0.60,
A294.xlsx,0.04800000000000001,0.03054439626950108,0.025743686720766212,0.02364066193853433,Graded-test temporal holdout,load_fraction,<0.60,
A295.xlsx,0.0686582809224319,0.05083068698440127,0.04617016390937673,0.04377982960881402,Graded-test temporal holdout,load_fraction,<0.60,
A3000.xlsx,0.04956896551724138,0.06711929061958456,0.07188430391923814,0.07406048748675302,Graded-test temporal holdout,load_fraction,<0.60,
A3001.xlsx,0.13292378917378916,0.1465047823749951,0.15276565935853026,0.15187609868460927,Graded-test temporal holdout,load_fraction,<0.60,
A3002.xlsx,0.03339140534262486,0.050180513169941265,0.055232395218698355,0.056820646727237245,Graded-test temporal holdout,load_fraction,<0.60,
A3003.xlsx,0.08181818181818182,0.06109673664297505,0.057526776685387804,0.052901353965183806,Graded-test temporal holdout,load_fraction,<0.60,
A3005.xlsx,0.054421768707483,0.035602710992689725,0.03131582627658356,0.028159727247873207,Graded-test temporal holdout,load_fraction,<0.60,
A3008.xlsx,0.014533085961657366,0.019790802700188775,0.024527184256658324,0.02676204803864372,Graded-test temporal holdout,load_fraction,<0.60,
A3009.xlsx,0.010775217000897924,0.00800791511534385,0.011469143065486798,0.012814852081347639,Graded-test temporal holdout,load_fraction,<0.60,
A3010.xlsx,0.03958333333333333,0.02050750150359351,0.02114626183202123,0.01895193065405834,Graded-test temporal holdout,load_fraction,<0.60,
A3011.xlsx,0.02146892655367229,0.018864713823581365,0.01938085538395612,0.022303695689919967,Graded-test temporal holdout,load_fraction,<0.60,
A3013.xlsx,0.0691358024691358,0.050856675987682974,0.046366315335609844,0.04362723637743341,Graded-test temporal holdout,load_fraction,<0.60,
A3014.xlsx,0.02941176470588236,0.04774748291018799,0.05221651667271593,0.054999304686413536,Graded-test temporal holdout,load_fraction,<0.60,
A3018.xlsx,0.03823529411764706,0.03479734695433975,0.03609295549421057,0.03343763037129749,Graded-test temporal holdout,load_fraction,<0.60,
A3019.xlsx,0.07559274755927477,0.057062036535850826,0.05266648684671401,0.04973309461869959,Graded-test temporal holdout,load_fraction,<0.60,
A3020.xlsx,0.010964912280701788,0.028395907547294957,0.03320589092557835,0.03528990917008834,Graded-test temporal holdout,load_fraction,<0.60,
A3022.xlsx,0.06410256410256408,0.07958801841934142,0.0851311891764631,0.08571255379766012,Graded-test temporal holdout,load_fraction,<0.60,
A3023.xlsx,0.030000000000000027,0.01220765047440553,0.01308866428151767,0.011283043197936798,Graded-test temporal holdout,load_fraction,<0.60,
A3024.xlsx,0.022788504714863017,0.0145716108841292,0.015468317049128821,0.013630534775764036,Graded-test temporal holdout,load_fraction,<0.60,
A3027.xlsx,0.07407407407407411,0.05448929570108894,0.05049097685780862,0.04674346754725014,Graded-test temporal holdout,load_fraction,<0.60,
A3031.xlsx,0.023018648018648002,0.012736710037624721,0.012379305392011042,0.009131136790711277,Graded-test temporal holdout,load_fraction,<0.60,
A3032.xlsx,0.03191489361702124,0.05015308140534652,0.05465887002006936,0.05736632966148575,Graded-test temporal holdout,load_fraction,<0.60,
A3036.xlsx,0.06666666666666664,0.047834356094327755,0.04355246578755895,0.04038613081166276,Graded-test temporal holdout,load_fraction,<0.60,
A3037.xlsx,0.03814884302689181,0.021676510818958716,0.017681172755098357,0.015275997459010815,Graded-test temporal holdout,load_fraction,<0.60,
A3039.xlsx,0.07152103559870546,0.05185019228243587,0.047884307467430554,0.04407032523124241,Graded-test temporal holdout,load_fraction,<0.60,
A3041.xlsx,0.04640000000000003,0.06329453075344722,0.06830668361588901,0.06997635933806144,Graded-test temporal holdout,load_fraction,<0.60,
A3043.xlsx,0.024431818181818166,0.03587731727966209,0.03774811720771662,0.04097714736012602,Graded-test temporal holdout,load_fraction,<0.60,
A3045.xlsx,0.044117647058823484,0.06188037406924454,0.0665653425884176,0.06890557641496306,Graded-test temporal holdout,load_fraction,<0.60,
A3049.xlsx,0.10300586510263929,0.0830528330446273,0.0791932925468235,0.07516135965003506,Graded-test temporal holdout,load_fraction,<0.60,
A3051.xlsx,0.05620155038759687,0.03777699633927817,0.033341440833594436,0.030490039767625154,Graded-test temporal holdout,load_fraction,<0.60,
A3052.xlsx,0.024774774774774744,0.02128524312981524,0.026623203540704965,0.027625142873369795,Graded-test temporal holdout,load_fraction,<0.60,
A3053.xlsx,0.028947368421052583,0.010285949959170482,0.006489062026025949,0.0047467960681847055,Graded-test temporal holdout,load_fraction,<0.60,
A3056.xlsx,0.06587301587301587,0.0466077786208531,0.04248903901910508,0.03898832976847166,Graded-test temporal holdout,load_fraction,<0.60,
A3057.xlsx,0.15961945031712482,0.1392316241161164,0.13553593808668968,0.13116818856551676,Graded-test temporal holdout,load_fraction,<0.60,
A3058.xlsx,0.05454545454545459,0.03648060490553076,0.03190949289440695,0.02933591231463581,Graded-test temporal holdout,load_fraction,<0.60,
A3059.xlsx,0.05789473684210531,0.07512066157615031,0.08000792686733829,0.08193355729749904,Graded-test temporal holdout,load_fraction,<0.60,
A3060.xlsx,0.07661290322580644,0.0590165284974809,0.05426886924250762,0.05205711888965153,Graded-test temporal holdout,load_fraction,<0.60,
A3062.xlsx,0.030834662413609826,0.011922602189724426,0.00767076596019628,0.004442835723164303,Graded-test temporal holdout,load_fraction,<0.60,
A3063.xlsx,0.060256410256410264,0.041424099684071375,0.037142209377302574,0.033975874401406383,Graded-test temporal holdout,load_fraction,<0.60,
A3066.xlsx,0.014088250930356186,0.03022812582851468,0.03512397799891426,0.037032009783036245,Graded-test temporal holdout,load_fraction,<0.60,
A3071.xlsx,0.11253280839895016,0.09028992189618765,0.0872933251356652,0.08149280542059908,Graded-test temporal holdout,load_fraction,<0.60,
A3072.xlsx,0.05909090909090908,0.0408489530819664,0.03634458454107836,0.03363421448527837,Graded-test temporal holdout,load_fraction,<0.60,
A4000.xlsx,0.014880952380952356,0.004213755413711384,0.007987559663959642,0.01084937521107733,Graded-test temporal holdout,load_fraction,<0.60,
A4001.xlsx,0.023333333333333355,0.03952489220940186,0.04417387160246742,0.04658786446020489,Graded-test temporal holdout,load_fraction,<0.60,
A530.xlsx,0.054323725055432426,0.03626751475058268,0.031693146960422997,0.029126239038019086,Graded-test temporal holdout,load_fraction,<0.60,
A531.xlsx,0.07010582010582006,0.0511395084182976,0.04690811713927331,0.04363828536405371,Graded-test temporal holdout,load_fraction,<0.60,
A535.xlsx,0.1993769470404984,0.17862074267137212,0.17506388189953198,0.17041161264664945,Graded-test temporal holdout,load_fraction,<0.60,
A536.xlsx,0.038131041890440386,0.020239684203841146,0.01560319083411904,0.013163608108416991,Graded-test temporal holdout,load_fraction,<0.60,
A538.xlsx,0.023679417122040025,0.01685899530445273,0.01864602600493781,0.01896420312883514,Graded-test temporal holdout,load_fraction,<0.60,
A543.xlsx,0.08000000000000002,0.0612975674316083,0.056966731913333235,0.05390070921985821,Graded-test temporal holdout,load_fraction,<0.60,
A547.xlsx,0.00825242718446606,0.02546441508620198,0.03035693254622812,0.03227179875599623,Graded-test temporal holdout,load_fraction,<0.60,
A577.xlsx,0.08226495726495725,0.06444835928758977,0.05978369232673375,0.05740185084156721,Graded-test temporal holdout,load_fraction,<0.60,
A582.xlsx,0.06445312499999996,0.08142351262512756,0.08640707842497394,0.08813534278959805,Graded-test temporal holdout,load_fraction,<0.60,
A600.xlsx,0.038888888888888896,0.05469071270246062,0.060114657944374796,0.060940372997110547,Graded-test temporal holdout,load_fraction,<0.60,
A1085.xlsx,0.12768595041322311,0.10128100085041108,0.09985289952857168,0.09083777816853256,Graded-test temporal holdout,load_fraction,0.60-<0.80,
A1086.xlsx,0.044915254237288205,0.01783899239745551,0.016663878651548336,0.009931081460111402,Graded-test temporal holdout,load_fraction,0.60-<0.80,
A1088.xlsx,0.00940170940170948,0.018238994002430675,0.019201394964738494,0.029170960376634025,Graded-test temporal holdout,load_fraction,0.60-<0.80,
A1096.xlsx,0.018181818181818188,0.007852818063954381,0.009420473914468597,0.01814958091553831,Graded-test temporal holdout,load_fraction,0.60-<0.80,
A1106.xlsx,0.07505910165484636,0.04832357637423318,0.047020054256992405,0.03774961018057449,Graded-test temporal holdout,load_fraction,0.60-<0.80,
A1108.xlsx,0.021296296296296313,0.004859690609729905,0.006381614823230741,0.015204447946764676,Graded-test temporal holdout,load_fraction,0.60-<0.80,
A1116.xlsx,0.010997067448680342,0.023043093920219748,0.02435669398080431,0.03360648350353218,Graded-test temporal holdout,load_fraction,0.60-<0.80,
A1117.xlsx,0.0644399460188934,0.03795166889809002,0.036554970006425345,0.027475489961492256,Graded-test temporal holdout,load_fraction,0.60-<0.80,
A1120.xlsx,0.015065913370998107,0.01366134004443409,0.01421426889831301,0.025023039628160326,Graded-test temporal holdout,load_fraction,0.60-<0.80,
A202.xlsx,0.10801963993453356,0.0798333497162127,0.0790765560253713,0.06868560241127024,Graded-test temporal holdout,load_fraction,0.60-<0.80,
A203.xlsx,0.10474117077890661,0.07668262086956627,0.07587768756885327,0.06558539517190669,Graded-test temporal holdout,load_fraction,0.60-<0.80,
A204.xlsx,0.10910518053375196,0.08087659396156206,0.08013573987498886,0.06971211834433728,Graded-test temporal holdout,load_fraction,0.60-<0.80,
A205.xlsx,0.019607843137254943,0.007131745910690768,0.008433736575756745,0.01770731933435299,Graded-test temporal holdout,load_fraction,0.60-<0.80,
A207.xlsx,0.10533980582524272,0.0798055380589312,0.07804931570512946,0.06970667217517046,Graded-test temporal holdout,load_fraction,0.60-<0.80,
A208.xlsx,0.09523809523809523,0.06926249444866228,0.06767259077473609,0.058989080265676064,Graded-test temporal holdout,load_fraction,0.60-<0.80,
A220.xlsx,0.06964136780650548,0.04390407528119572,0.042224363879735216,0.033724912604475465,Graded-test temporal holdout,load_fraction,0.60-<0.80,
A221.xlsx,0.0730769230769231,0.044903386836076586,0.04414178674148661,0.03376068376068381,Graded-test temporal holdout,load_fraction,0.60-<0.80,
A226.xlsx,0.11388888888888893,0.08564042303038061,0.08490706055781344,0.07446808510638309,Graded-test temporal holdout,load_fraction,0.60-<0.80,
A232.xlsx,0.04761904761904767,0.019788046773226653,0.018897360406532338,0.008780817291455745,Graded-test temporal holdout,load_fraction,0.60-<0.80,
A236.xlsx,0.015322580645161343,0.01060064998138971,0.01221028962769738,0.02085335163578117,Graded-test temporal holdout,load_fraction,0.60-<0.80,
A237.xlsx,0.02741935483870972,0.004252066062185145,0.005080976902209988,0.00941432166552264,Graded-test temporal holdout,load_fraction,0.60-<0.80,
A238.xlsx,0.055882352941176494,0.02837877563471808,0.027364697978512265,0.017501042970379743,Graded-test temporal holdout,load_fraction,0.60-<0.80,
A239.xlsx,0.035390199637023556,0.03799626159478642,0.039501776973012215,0.048358239693143235,Graded-test temporal holdout,load_fraction,0.60-<0.80,
A240.xlsx,0.045121951219512235,0.022653430114996043,0.022235605138723358,0.023091929500855257,Graded-test temporal holdout,load_fraction,0.60-<0.80,
A241.xlsx,0.07832167832167836,0.05224617137536297,0.05069391786413391,0.04193324406090371,Graded-test temporal holdout,load_fraction,0.60-<0.80,
A246.xlsx,0.030982905982905984,0.03840771921863617,0.039338745045363055,0.04937261320240033,Graded-test temporal holdout,load_fraction,0.60-<0.80,
A251.xlsx,0.1549707602339181,0.12728623833991715,0.12634035060686244,0.11633694164489239,Graded-test temporal holdout,load_fraction,0.60-<0.80,
A274.xlsx,0.04027113237639557,0.06881011482268046,0.06943399458529947,0.08009735277372454,Graded-test temporal holdout,load_fraction,0.60-<0.80,
A275.xlsx,0.03477961432506882,0.061023558097863695,0.06251233530173567,0.07140310259265764,Graded-test temporal holdout,load_fraction,0.60-<0.80,
A294.xlsx,0.05800000000000005,0.030413911961622297,0.029430928910373355,0.019503546099290947,Graded-test temporal holdout,load_fraction,0.60-<0.80,
A295.xlsx,0.06813417190775678,0.04166846544305153,0.04026326068046959,0.031201213256612736,Graded-test temporal holdout,load_fraction,0.60-<0.80,
A3000.xlsx,0.014920424403182975,0.01413418079016987,0.014563745398215533,0.025625348809501403,Graded-test temporal holdout,load_fraction,0.60-<0.80,
A3001.xlsx,0.04504985754985752,0.07071325159903286,0.07242081203138745,0.08086318724616587,Graded-test temporal holdout,load_fraction,0.60-<0.80,
A3002.xlsx,0.05903987611304684,0.031691580972952806,0.030618984412507138,0.0208752627884267,Graded-test temporal holdout,load_fraction,0.60-<0.80,
A3003.xlsx,0.022727272727272763,0.00631651823564322,0.0056490835332854705,0.013851278744895668,Graded-test temporal holdout,load_fraction,0.60-<0.80,
A3005.xlsx,0.06802721088435375,0.040328738613989,0.039388108153920985,0.02937392451070268,Graded-test temporal holdout,load_fraction,0.60-<0.80,
A3008.xlsx,0.019789734075448373,0.0473556777703568,0.04834625232379852,0.058258076495158496,Graded-test temporal holdout,load_fraction,0.60-<0.80,
A3009.xlsx,0.01376833283448072,0.01655089872083304,0.016506290537894614,0.02632172952563705,Graded-test temporal holdout,load_fraction,0.60-<0.80,
A3010.xlsx,0.027083333333333348,0.009956808382672822,0.009344993238844967,0.010598896769109523,Graded-test temporal holdout,load_fraction,0.60-<0.80,
A3011.xlsx,0.012711864406779683,0.04143911782221188,0.0419920466760908,0.052800817405938116,Graded-test temporal holdout,load_fraction,0.60-<0.80,
A3012.xlsx,0.12452830188679243,0.09824638505031424,0.0967719181959783,0.08785182211517023,Graded-test temporal holdout,load_fraction,0.60-<0.80,
A3013.xlsx,0.08518518518518518,0.05848803992937912,0.05717005409715422,0.0479292531301988,Graded-test temporal holdout,load_fraction,0.60-<0.80,
A3014.xlsx,0.01633986928104575,0.043843446587504165,0.04485752424370998,0.0547211792518425,Graded-test temporal holdout,load_fraction,0.60-<0.80,
A3018.xlsx,0.09019607843137256,0.061355521672516844,0.06084529178181641,0.04994901033699539,Graded-test temporal holdout,load_fraction,0.60-<0.80,
A3019.xlsx,0.14895397489539752,0.11977218070308482,0.11939054794081871,0.10823070912094335,Graded-test temporal holdout,load_fraction,0.60-<0.80,
A3020.xlsx,0.030701754385964897,0.05872806050087942,0.059545145045759806,0.0698125336983119,Graded-test temporal holdout,load_fraction,0.60-<0.80,
A3022.xlsx,0.028846153846153855,0.01698288070091447,0.01783000936159923,0.01609383524277147,Graded-test temporal holdout,load_fraction,0.60-<0.80,
A3023.xlsx,0.05363636363636359,0.026751616819300494,0.025504329625917976,0.0161186331399098,Graded-test temporal holdout,load_fraction,0.60-<0.80,
A3024.xlsx,0.08677593174674447,0.061048189743470205,0.05936487917735661,0.0508728043217721,Graded-test temporal holdout,load_fraction,0.60-<0.80,
A3027.xlsx,0.08201058201058198,0.053767270041119176,0.05303196529825416,0.0425969704929516,Graded-test temporal holdout,load_fraction,0.60-<0.80,
A3031.xlsx,0.03452797202797203,0.02235270413685675,0.02199973386157139,0.02272313974441631,Graded-test temporal holdout,load_fraction,0.60-<0.80,
A3032.xlsx,0.028691166989039323,0.05591028058222173,0.0570315598906627,0.06667550714630836,Graded-test temporal holdout,load_fraction,0.60-<0.80,
A3036.xlsx,0.024999999999999984,0.018831805319062478,0.01866838271403289,0.02298397688468608,Graded-test temporal holdout,load_fraction,0.60-<0.80,
A3037.xlsx,0.0648321867834063,0.03832862662833447,0.03693768722882388,0.027846403213986754,Graded-test temporal holdout,load_fraction,0.60-<0.80,
A3039.xlsx,0.07783171521035603,0.05012230611580315,0.04918579725567376,0.039163166471573946,Graded-test temporal holdout,load_fraction,0.60-<0.80,
A3041.xlsx,0.055999999999999994,0.08343023443364117,0.08447195173869754,0.09427895981087459,Graded-test temporal holdout,load_fraction,0.60-<0.80,
A3043.xlsx,0.05189393939393944,0.07998005774751382,0.08077460173446371,0.09108818683286768,Graded-test temporal holdout,load_fraction,0.60-<0.80,
A3045.xlsx,0.041634835752482835,0.07012068367702906,0.07076458746470032,0.08138690679366523,Graded-test temporal holdout,load_fraction,0.60-<0.80,
A3049.xlsx,0.0652492668621701,0.03791204183780724,0.03683527344580121,0.028967321348927433,Graded-test temporal holdout,load_fraction,0.60-<0.80,
A3051.xlsx,0.10174418604651164,0.07342776076733326,0.07272000916125193,0.0622285447248338,Graded-test temporal holdout,load_fraction,0.60-<0.80,
A3052.xlsx,0.03265765765765766,0.010281257593649562,0.011074963726182996,0.009448278065299354,Graded-test temporal holdout,load_fraction,0.60-<0.80,
A3053.xlsx,0.050000000000000044,0.022725619171095446,0.0216251676122316,0.011938534278959911,Graded-test temporal holdout,load_fraction,0.60-<0.80,
A3056.xlsx,0.05436507936507936,0.027198930206130734,0.0260576909710117,0.016454651206424347,Graded-test temporal holdout,load_fraction,0.60-<0.80,
A3057.xlsx,0.1483439041578577,0.12131115682466875,0.12011964440718866,0.11061963857609587,Graded-test temporal holdout,load_fraction,0.60-<0.80,
A3058.xlsx,0.02424242424242425,0.022275310611626836,0.022241666976500134,0.026291281610430522,Graded-test temporal holdout,load_fraction,0.60-<0.80,
A3059.xlsx,0.03947368421052633,0.06715820610452727,0.06810409383758194,0.07810750279955203,Graded-test temporal holdout,load_fraction,0.60-<0.80,
A3060.xlsx,0.14381720430107525,0.11710842123129539,0.11579482117071083,0.10654503164798296,Graded-test temporal holdout,load_fraction,0.60-<0.80,
A3062.xlsx,0.04625199362041471,0.017883903284586666,0.01719562192788049,0.012274669049585074,Graded-test temporal holdout,load_fraction,0.60-<0.80,
A3063.xlsx,0.031501831501831466,0.009669230438480003,0.008766346649980957,0.011872288468033121,Graded-test temporal holdout,load_fraction,0.60-<0.80,
A3066.xlsx,0.02392344497607657,0.04955726154459594,0.051275968406696404,0.05969549922517442,Graded-test temporal holdout,load_fraction,0.60-<0.80,
A3071.xlsx,0.10334645669291337,0.07496760149973364,0.07428337693635584,0.06374369427225857,Graded-test temporal holdout,load_fraction,0.60-<0.80,
A3072.xlsx,0.09090909090909094,0.06434313555626175,0.06297571011645486,0.053836234687298645,Graded-test temporal holdout,load_fraction,0.60-<0.80,
A4000.xlsx,0.03720238095238093,0.008153773819555232,0.007721948810731849,0.004770347855454216,Graded-test temporal holdout,load_fraction,0.60-<0.80,
A4001.xlsx,0.029821428571428554,0.0021643714808938785,0.0012081334916466124,0.008774062816615968,Graded-test temporal holdout,load_fraction,0.60-<0.80,
A530.xlsx,0.0838876570583888,0.05759528064957253,0.05612475554029567,0.047196580927769405,Graded-test temporal holdout,load_fraction,0.60-<0.80,
A531.xlsx,0.07341269841269843,0.04620016425234008,0.045076405449901824,0.03543753987016407,Graded-test temporal holdout,load_fraction,0.60-<0.80,
A535.xlsx,0.24299065420560745,0.2140412112697207,0.21357201570972223,0.2025916351826076,Graded-test temporal holdout,load_fraction,0.60-<0.80,
A536.xlsx,0.011815252416756128,0.01736880468846458,0.018559155615401113,0.028061541899327747,Graded-test temporal holdout,load_fraction,0.60-<0.80,
A538.xlsx,0.030054644808743203,0.0029080128361800295,0.0017594184463264328,0.007828547068170266,Graded-test temporal holdout,load_fraction,0.60-<0.80,
A543.xlsx,0.06500000000000006,0.03714116815333318,0.0362609700462474,0.0261229314420805,Graded-test temporal holdout,load_fraction,0.60-<0.80,
A547.xlsx,0.005501618122977336,0.03131757687570269,0.03247980394423463,0.04203982954241159,Graded-test temporal holdout,load_fraction,0.60-<0.80,
A577.xlsx,0.07585470085470084,0.04854701797350208,0.047459116468870605,0.037746762037542264,Graded-test temporal holdout,load_fraction,0.60-<0.80,
A582.xlsx,0.008522727272727293,0.036527671873834655,0.03735280661797602,0.047603696539866736,Graded-test temporal holdout,load_fraction,0.60-<0.80,
A600.xlsx,0.03472222222222221,0.06150956053632495,0.06279355663833713,0.07210401891252949,Graded-test temporal holdout,load_fraction,0.60-<0.80,
A1085.xlsx,0.14297520661157026,0.11013002544807238,0.11112895940753365,0.09713967528280887,Graded-test temporal holdout,load_fraction,0.80-<0.90,
A1086.xlsx,0.02203389830508473,0.009995338261546527,0.009303897331368827,0.022662980326160875,Graded-test temporal holdout,load_fraction,0.80-<0.90,
A1088.xlsx,0.01581196581196581,0.03681518561735725,0.03576957790248636,0.04985451900345517,Graded-test temporal holdout,load_fraction,0.80-<0.90,
A1096.xlsx,0.009090909090909038,0.02243402459444821,0.02193263286765368,0.03490221362561785,Graded-test temporal holdout,load_fraction,0.80-<0.90,
A1106.xlsx,0.06264775413711587,0.029901916971713738,0.030863412620984687,0.016950857602736402,Graded-test temporal holdout,load_fraction,0.80-<0.90,
A1108.xlsx,0.024074074074074026,0.008034654679530573,0.007313256698995851,0.020733736100166378,Graded-test temporal holdout,load_fraction,0.80-<0.90,
A1116.xlsx,0.004398826979472137,0.027651712704263698,0.026952243581930713,0.04032778020423855,Graded-test temporal holdout,load_fraction,0.80-<0.90,
A1117.xlsx,0.034412955465587036,0.001601670257882215,0.0025878303474419218,0.011375273973258215,Graded-test temporal holdout,load_fraction,0.80-<0.90,
A1120.xlsx,0.024482109227871862,0.05816233737010268,0.05684871154789661,0.07148295067516108,Graded-test temporal holdout,load_fraction,0.80-<0.90,
A202.xlsx,0.08183306055646478,0.04867271912314608,0.0497904228942454,0.03555772229380205,Graded-test temporal holdout,load_fraction,0.80-<0.90,
A203.xlsx,0.06023222060957911,0.026414929015789068,0.027780207923371103,0.013040106777561733,Graded-test temporal holdout,load_fraction,0.80-<0.90,
A204.xlsx,0.05455259026687598,0.02095659638870634,0.022238478083768165,0.014338414034462621,Graded-test temporal holdout,load_fraction,0.80-<0.90,
A205.xlsx,0.02614379084967322,0.005179727749348828,0.004754240361253825,0.017568256617067513,Graded-test temporal holdout,load_fraction,0.80-<0.90,
A207.xlsx,0.12524271844660195,0.09308845533346888,0.09382701317780029,0.0803713649613258,Graded-test temporal holdout,load_fraction,0.80-<0.90,
A208.xlsx,0.11428571428571432,0.08200175330456194,0.0827891884752241,0.0692333671057076,Graded-test temporal holdout,load_fraction,0.80-<0.90,
A220.xlsx,0.08507089241034194,0.05164815836705777,0.05286474617858061,0.03842938461326134,Graded-test temporal holdout,load_fraction,0.80-<0.90,
A221.xlsx,0.03076923076923077,0.0016003640606779834,0.0007806573219897306,0.014402618657937682,Graded-test temporal holdout,load_fraction,0.80-<0.90,
A226.xlsx,0.0822222222222222,0.048713697203853656,0.04996261579728889,0.03546099290780147,Graded-test temporal holdout,load_fraction,0.80-<0.90,
A232.xlsx,0.04365079365079361,0.011645142678099463,0.012327695252676851,0.0010131712259371373,Graded-test temporal holdout,load_fraction,0.80-<0.90,
A236.xlsx,0.04677419354838708,0.013780990932776627,0.014835707557977473,0.0007320979180965859,Graded-test temporal holdout,load_fraction,0.80-<0.90,
A237.xlsx,0.030645161290322576,0.0017195993707047608,0.0009017144140824884,0.014519942042248046,Graded-test temporal holdout,load_fraction,0.80-<0.90,
A238.xlsx,0.031932773109243695,0.00048215728765377275,0.00035463439881300296,0.013302342213481033,Graded-test temporal holdout,load_fraction,0.80-<0.90,
A239.xlsx,0.040381125226860215,0.07161902445208346,0.0712258031770503,0.08397369064627813,Graded-test temporal holdout,load_fraction,0.80-<0.90,
A240.xlsx,0.01300813008130075,0.01866943185703207,0.018110521367270094,0.031197985738722567,Graded-test temporal holdout,load_fraction,0.80-<0.90,
A241.xlsx,0.07342657342657338,0.04045754165537002,0.04150314937024091,0.02741820826927216,Graded-test temporal holdout,load_fraction,0.80-<0.90,
A246.xlsx,0.004273504273504258,0.03874112839794408,0.03713076824261674,0.05237315875613735,Graded-test temporal holdout,load_fraction,0.80-<0.90,
A251.xlsx,0.13742690058479534,0.10393204693526342,0.1051758134011716,0.09068474969930745,Graded-test temporal holdout,load_fraction,0.80-<0.90,
A275.xlsx,0.01962809917355368,0.05295629770710297,0.05177533610154422,0.06613768243362039,Graded-test temporal holdout,load_fraction,0.80-<0.90,
A294.xlsx,0.02399999999999991,0.008105842575739208,0.0073855322665713485,0.020803782505910196,Graded-test temporal holdout,load_fraction,0.80-<0.90,
A295.xlsx,0.042976939203354325,0.010997543891835493,0.011670201881876507,0.0016503858334447896,Graded-test temporal holdout,load_fraction,0.80-<0.90,
A3000.xlsx,0.024535809018567667,0.009389221322803842,0.007983340499365887,0.022806654501445256,Graded-test temporal holdout,load_fraction,0.80-<0.90,
A3001.xlsx,0.021723646723646794,0.010870736959247451,0.009966317354490717,0.02376189610232149,Graded-test temporal holdout,load_fraction,0.80-<0.90,
A3002.xlsx,0.06794425087108014,0.03468281083583058,0.035838614148839376,0.021527829260055587,Graded-test temporal holdout,load_fraction,0.80-<0.90,
A3003.xlsx,0.018181818181818188,0.013697328241576767,0.013062449574310686,0.026305609284332565,Graded-test temporal holdout,load_fraction,0.80-<0.90,
A3005.xlsx,0.0714285714285714,0.038031370413586174,0.0392383359685875,0.024822695035461084,Graded-test temporal holdout,load_fraction,0.80-<0.90,
A3008.xlsx,0.02133580705009286,0.05592576524418469,0.054269302848820034,0.06960617902867139,Graded-test temporal holdout,load_fraction,0.80-<0.90,
A3009.xlsx,0.005986231667165498,0.027216044050066945,0.02608253712267361,0.04034762599213293,Graded-test temporal holdout,load_fraction,0.80-<0.90,
A3010.xlsx,0.01874999999999999,0.039125369749126115,0.03811505906178381,0.05212765957446802,Graded-test temporal holdout,load_fraction,0.80-<0.90,
A3011.xlsx,0.0016949152542372614,0.036695936656947814,0.03488456292111897,0.05053892695436135,Graded-test temporal holdout,load_fraction,0.80-<0.90,
A3012.xlsx,0.10377358490566041,0.07050766219655175,0.07166515482887148,0.057350907712208465,Graded-test temporal holdout,load_fraction,0.80-<0.90,
A3013.xlsx,0.0851851851851852,0.05199413973202083,0.053123414475107544,0.03886699938709404,Graded-test temporal holdout,load_fraction,0.80-<0.90,
A3014.xlsx,0.02614379084967311,0.05975927422423344,0.05847004780955778,0.07305428081398024,Graded-test temporal holdout,load_fraction,0.80-<0.90,
A3018.xlsx,0.0725490196078431,0.03855154210402645,0.039984725023132106,0.02510545589394153,Graded-test temporal holdout,load_fraction,0.80-<0.90,
A3019.xlsx,0.11610878661087864,0.08236224248904211,0.08370085983829206,0.06901540105047638,Graded-test temporal holdout,load_fraction,0.80-<0.90,
A3020.xlsx,0.030701754385964897,0.0652219606982376,0.06359178466780657,0.07887478744141663,Graded-test temporal holdout,load_fraction,0.80-<0.90,
A3022.xlsx,0.06730769230769229,0.034713308624798045,0.03561772822955478,0.021822149481724007,Graded-test temporal holdout,load_fraction,0.80-<0.90,
A3023.xlsx,0.07227272727272727,0.039348653272121004,0.04037731841377812,0.026327100795185965,Graded-test temporal holdout,load_fraction,0.80-<0.90,
A3024.xlsx,0.08587786259541985,0.05330921809416517,0.054203937752425546,0.04042823886091723,Graded-test temporal holdout,load_fraction,0.80-<0.90,
A3027.xlsx,0.04365079365079372,0.009944359293077132,0.011267861065950402,0.005694397538369145,Graded-test temporal holdout,load_fraction,0.80-<0.90,
A3031.xlsx,0.037587412587412494,0.004243732727900018,0.00543052855288495,0.008943774901221668,Graded-test temporal holdout,load_fraction,0.80-<0.90,
A3036.xlsx,0.008333333333333415,0.04047813931025668,0.039743145437636906,0.05319148936170215,Graded-test temporal holdout,load_fraction,0.80-<0.90,
A3037.xlsx,0.07629768605378362,0.04335302163791743,0.04438944638627684,0.030323325600959294,Graded-test temporal holdout,load_fraction,0.80-<0.90,
A3039.xlsx,0.025889967637540423,0.010007202294113615,0.009650805122951744,0.020829029814776523,Graded-test temporal holdout,load_fraction,0.80-<0.90,
A3041.xlsx,0.05600000000000005,0.08810584257573917,0.08738553226657131,0.10080378250591016,Graded-test temporal holdout,load_fraction,0.80-<0.90,
A3043.xlsx,0.042424242424242475,0.07619252345050531,0.07484571443405763,0.08954796188838743,Graded-test temporal holdout,load_fraction,0.80-<0.90,
A3045.xlsx,0.035141329258976395,0.06919337735268682,0.0677396292186625,0.08266104636567717,Graded-test temporal holdout,load_fraction,0.80-<0.90,
A3049.xlsx,0.02859237536656889,0.004400827249041561,0.0033461106238407146,0.017449720263721602,Graded-test temporal holdout,load_fraction,0.80-<0.90,
A3051.xlsx,0.06879844961240311,0.03527180208185593,0.03652755023968729,0.022011930287536563,Graded-test temporal holdout,load_fraction,0.80-<0.90,
A3052.xlsx,0.06418918918918914,0.03084213412167386,0.03203020191161482,0.017653291589461828,Graded-test temporal holdout,load_fraction,0.80-<0.90,
A3053.xlsx,0.03157894736842104,0.0008221967741873781,9.399489563022279e-06,0.013636929202438641,Graded-test temporal holdout,load_fraction,0.80-<0.90,
A3056.xlsx,0.03273809523809529,0.0005431432733656871,0.0008752203707538264,0.013705955195316755,Graded-test temporal holdout,load_fraction,0.80-<0.90,
A3057.xlsx,0.10993657505285415,0.07731605313124068,0.07823032306926114,0.06441455625028125,Graded-test temporal holdout,load_fraction,0.80-<0.90,
A3058.xlsx,0.022727272727272763,0.05549195099576204,0.054523354977317084,0.06845046206748329,Graded-test temporal holdout,load_fraction,0.80-<0.90,
A3059.xlsx,0.015350877192982448,0.04884573084251442,0.04760196437660624,0.06209302807847028,Graded-test temporal holdout,load_fraction,0.80-<0.90,
A3060.xlsx,0.15860215053763443,0.12482339547879523,0.12617415168971913,0.11146381453519422,Graded-test temporal holdout,load_fraction,0.80-<0.90,
A3062.xlsx,0.014752791068580573,0.0332670216770542,0.0319588536170588,0.046581907164213954,Graded-test temporal holdout,load_fraction,0.80-<0.90,
A3063.xlsx,0.02051282051282055,0.013255460513442285,0.011908651496994604,0.026610898951324402,Graded-test temporal holdout,load_fraction,0.80-<0.90,
A3066.xlsx,0.006379585326953707,0.02574813143892385,0.025019577725712838,0.038454722665248964,Graded-test temporal holdout,load_fraction,0.80-<0.90,
A3071.xlsx,0.05479002624671914,0.021809194535726495,0.022859249120207203,0.015606094450959618,Graded-test temporal holdout,load_fraction,0.80-<0.90,
A3072.xlsx,0.09999999999999998,0.06776664083856732,0.06853500644630495,0.05501826778422525,Graded-test temporal holdout,load_fraction,0.80-<0.90,
A4000.xlsx,0.04166666666666663,0.007573690630535923,0.009042862675749053,0.005910165484633523,Graded-test temporal holdout,load_fraction,0.80-<0.90,
A4001.xlsx,0.017142857142857126,0.016254343872128096,0.015047378317126825,0.029463019250253242,Graded-test temporal holdout,load_fraction,0.80-<0.90,
A530.xlsx,0.08093126385809307,0.04766982382284357,0.048825627135852256,0.03451484224706858,Graded-test temporal holdout,load_fraction,0.80-<0.90,
A531.xlsx,0.037698412698412676,0.014971205588448666,0.014563328825896726,0.015399264512739708,Graded-test temporal holdout,load_fraction,0.80-<0.90,
A535.xlsx,0.18380062305295952,0.15066352484961754,0.15177246928678256,0.13755772077506034,Graded-test temporal holdout,load_fraction,0.80-<0.90,
A536.xlsx,0.015574650912996701,0.04777909474887532,0.04702162603423732,0.0605160317206388,Graded-test temporal holdout,load_fraction,0.80-<0.90,
A538.xlsx,0.03551912568306015,0.031923508043690374,0.03156243681126736,0.03230244545207922,Graded-test temporal holdout,load_fraction,0.80-<0.90,
A543.xlsx,0.06999999999999995,0.03610184096978997,0.03749759519774387,0.02269503546099294,Graded-test temporal holdout,load_fraction,0.80-<0.90,
A547.xlsx,0.01650485436893201,0.050928830172403794,0.04933491911728394,0.06454359751199235,Graded-test temporal holdout,load_fraction,0.80-<0.90,
A577.xlsx,0.04700854700854695,0.012707433145577762,0.014255043029743342,0.0008587419934937834,Graded-test temporal holdout,load_fraction,0.80-<0.90,
A582.xlsx,0.017755681818181768,0.014815286359193158,0.013919691011318513,0.027697184612078152,Graded-test temporal holdout,load_fraction,0.80-<0.90,
A600.xlsx,0.005555555555555536,0.039973226601554224,0.03838169152757542,0.05358550039401089,Graded-test temporal holdout,load_fraction,0.80-<0.90,
A1085.xlsx,0.053168044077134935,0.042004975969279434,0.042418855131809874,0.026945009989273627,Graded-test temporal holdout,load_fraction,>=0.90,
A1086.xlsx,0.016101694915254205,0.02968529096448208,0.027002858379813588,0.02013758580011843,Graded-test temporal holdout,load_fraction,>=0.90,
A1088.xlsx,0.05128205128205121,0.08824732932855195,0.0856957151057971,0.08996196666682188,Graded-test temporal holdout,load_fraction,>=0.90,
A1096.xlsx,0.009090909090909094,0.03701523112494193,0.03444479182083848,0.028961764648418153,Graded-test temporal holdout,load_fraction,>=0.90,
A1106.xlsx,0.023640661938534258,0.024884174742283716,0.024415550376798545,0.015575118765163265,Graded-test temporal holdout,load_fraction,>=0.90,
A1108.xlsx,0.008333333333333304,0.037905079827549204,0.035348236415530865,0.029995995031893707,Graded-test temporal holdout,load_fraction,>=0.90,
A1116.xlsx,0.009164222873900285,0.03613547906417813,0.03348214867607224,0.026865031522746274,Graded-test temporal holdout,load_fraction,>=0.90,
A1117.xlsx,0.012145748987854199,0.03843751793902611,0.03571251480911358,0.02955447956037316,Graded-test temporal holdout,load_fraction,>=0.90,
A1120.xlsx,0.06779661016949157,0.10411842483268174,0.10180930318323023,0.11284494075572693,Graded-test temporal holdout,load_fraction,>=0.90,
A202.xlsx,0.030823786142935055,0.021589170028368947,0.020227283999756002,0.0030955049977810325,Graded-test temporal holdout,load_fraction,>=0.90,
A203.xlsx,0.010159651669085501,0.0367673947533978,0.03401687401073372,0.026161039927580565,Graded-test temporal holdout,load_fraction,>=0.90,
A204.xlsx,0.012951334379905755,0.03482459839460583,0.03204439389833286,0.023675199284652892,Graded-test temporal holdout,load_fraction,>=0.90,
A205.xlsx,0.011437908496732097,0.03522844654513474,0.032715589842803317,0.027679843086355904,Graded-test temporal holdout,load_fraction,>=0.90,
A207.xlsx,0.05792880258899665,0.04658023913730266,0.047064023199521,0.034111877443813464,Graded-test temporal holdout,load_fraction,>=0.90,
A208.xlsx,0.03809523809523824,0.039394018134709885,0.03890456601964759,0.019193966002476803,Graded-test temporal holdout,load_fraction,>=0.90,
A220.xlsx,0.022518765638031624,0.023412421628493774,0.02307564265023987,0.0045445202499107,Graded-test temporal holdout,load_fraction,>=0.90,
A221.xlsx,0.0076923076923076095,0.04440782034660229,0.041950331530590135,0.03946381859638792,Graded-test temporal holdout,load_fraction,>=0.90,
A226.xlsx,0.0155555555555556,0.021849309581227827,0.019132034642605766,0.008368794326241047,Graded-test temporal holdout,load_fraction,>=0.90,
A232.xlsx,0.015376984126984072,0.03060160717758653,0.028018057548972575,0.02239417486852896,Graded-test temporal holdout,load_fraction,>=0.90,
A236.xlsx,0.021774193548387166,0.023839729366982754,0.022459511548895084,0.012288900696919791,Graded-test temporal holdout,load_fraction,>=0.90,
A237.xlsx,0.0016129032258063725,0.03546517209459388,0.03287104962363263,0.02291459103622856,Graded-test temporal holdout,load_fraction,>=0.90,
A238.xlsx,0.016386554621848792,0.02126715240485022,0.018456100086199412,0.006052458530345695,Graded-test temporal holdout,load_fraction,>=0.90,
A239.xlsx,0.025408348457350294,0.062356401304388576,0.059811278488995256,0.05419528172097027,Graded-test temporal holdout,load_fraction,>=0.90,
A240.xlsx,0.013414634146341364,0.03974988811344243,0.03722123130696631,0.03497762426739187,Graded-test temporal holdout,load_fraction,>=0.90,
A241.xlsx,0.022377622377622197,0.023276777789564163,0.02293792632529018,0.009058862577684068,Graded-test temporal holdout,load_fraction,>=0.90,
A246.xlsx,0.009615384615384581,0.04820413771122489,0.04504070834464213,0.01904629513058309,Graded-test temporal holdout,load_fraction,>=0.90,
A251.xlsx,0.038011695906432774,0.03869526434825998,0.0384376579719114,0.02323428121546045,Graded-test temporal holdout,load_fraction,>=0.90,
A274.xlsx,0.007177033492823004,0.044089729351490914,0.04155793100383981,0.03602897338776789,Graded-test temporal holdout,load_fraction,>=0.90,
A275.xlsx,0.008264462809917217,0.046905852414032334,0.0437225867014005,0.016431075465236034,Graded-test temporal holdout,load_fraction,>=0.90,
A294.xlsx,0.014000000000000012,0.023560718741520048,0.020784709549090452,0.009097872340425472,Graded-test temporal holdout,load_fraction,>=0.90,
A295.xlsx,0.0131027253668764,0.02420656916322894,0.021525310512318985,0.011156305256575516,Graded-test temporal holdout,load_fraction,>=0.90,
A3000.xlsx,0.01690981432360733,0.037783454918053516,0.035048458437334284,0.029700378990104914,Graded-test temporal holdout,load_fraction,>=0.90,
A3001.xlsx,0.0054605887939221205,0.032704122261118886,0.030058382631621233,0.022407726035658215,Graded-test temporal holdout,load_fraction,>=0.90,
A3002.xlsx,0.022648083623693454,0.021170712841380983,0.019830416553183332,0.006182929474536396,Graded-test temporal holdout,load_fraction,>=0.90,
A3003.xlsx,0.0,0.03701523112494198,0.03444479182083854,0.02446808510638293,Graded-test temporal holdout,load_fraction,>=0.90,
A3005.xlsx,0.03401360544217691,0.02248361937747963,0.02303577350926785,0.0091367564539205,Graded-test temporal holdout,load_fraction,>=0.90,
A3008.xlsx,0.030612244897959218,0.06838288890300204,0.0655277682666685,0.057142266372463,Graded-test temporal holdout,load_fraction,>=0.90,
A3009.xlsx,0.007333133792277735,0.037896282909998136,0.03516301031469693,0.027146318331650265,Graded-test temporal holdout,load_fraction,>=0.90,
A3010.xlsx,0.02083333333333337,0.05898499699281301,0.05598628708803011,0.03999622406094039,Graded-test temporal holdout,load_fraction,>=0.90,
A3011.xlsx,0.008474576271186418,0.04710777914021591,0.04392759864192475,0.016839132799941092,Graded-test temporal holdout,load_fraction,>=0.90,
A3012.xlsx,0.02641509433962258,0.02733404248075816,0.026987732021987676,0.010518243033410757,Graded-test temporal holdout,load_fraction,>=0.90,
A3013.xlsx,0.029629629629629634,0.02334537324884182,0.022062555528808685,0.004580905220078775,Graded-test temporal holdout,load_fraction,>=0.90,
A3014.xlsx,0.02941176470588236,0.0672291835022627,0.06435643553885606,0.05509337652457724,Graded-test temporal holdout,load_fraction,>=0.90,
A3018.xlsx,0.025490196078431282,0.026445181401572204,0.02608529014049693,0.010094635360285986,Graded-test temporal holdout,load_fraction,>=0.90,
A3019.xlsx,0.03326359832635978,0.033915705459148904,0.03366995544321805,0.01901935557726714,Graded-test temporal holdout,load_fraction,>=0.90,
A3020.xlsx,0.00877192982456143,0.04739354678779728,0.04421773249927474,0.017415796968261565,Graded-test temporal holdout,load_fraction,>=0.90,
A3022.xlsx,0.048076923076923093,0.036213066947134,0.03689104177569058,0.029503324613799342,Graded-test temporal holdout,load_fraction,>=0.90,
A3023.xlsx,0.015454545454545443,0.03195031968223805,0.029233044743615932,0.022275950999355143,Graded-test temporal holdout,load_fraction,>=0.90,
A3024.xlsx,0.019233647657536213,0.032618022110106636,0.031367031923707746,0.014633079240198668,Graded-test temporal holdout,load_fraction,>=0.90,
A3027.xlsx,0.015873015873015928,0.029944576548081803,0.027047835833936884,0.014424586050163057,Graded-test temporal holdout,load_fraction,>=0.90,
A3031.xlsx,0.006993006993006923,0.03971253836498145,0.0371138614388552,0.03167923411376761,Graded-test temporal holdout,load_fraction,>=0.90,
A3032.xlsx,0.013056092843326872,0.04973972055393561,0.04729424774729496,0.04735030296803694,Graded-test temporal holdout,load_fraction,>=0.90,
A3036.xlsx,0.008333333333333415,0.04534856445827534,0.04277812515417195,0.04035329655897041,Graded-test temporal holdout,load_fraction,>=0.90,
A3037.xlsx,0.04440275171982481,0.03268205380264163,0.03330607870294322,0.02566127540848484,Graded-test temporal holdout,load_fraction,>=0.90,
A3039.xlsx,0.020064724919093724,0.05694755613709923,0.054427012436958466,0.05652301995250458,Graded-test temporal holdout,load_fraction,>=0.90,
A3041.xlsx,0.035999999999999976,0.07278145071783704,0.07029911279444484,0.06810212765957435,Graded-test temporal holdout,load_fraction,>=0.90,
A3043.xlsx,0.025000000000000022,0.06298931615454573,0.06005178776414555,0.04742907801418428,Graded-test temporal holdout,load_fraction,>=0.90,
A3045.xlsx,0.008403361344537785,0.047039338989324664,0.04385811280213925,0.016700881437264004,Graded-test temporal holdout,load_fraction,>=0.90,
A3049.xlsx,0.005131964809384215,0.0400106266400484,0.03741650416908715,0.03134993077318221,Graded-test temporal holdout,load_fraction,>=0.90,
A3051.xlsx,0.024224806201550486,0.02490440040825076,0.02464829174339256,0.009513960009052413,Graded-test temporal holdout,load_fraction,>=0.90,
A3052.xlsx,0.023648648648648685,0.031928684024360166,0.02915320396935228,0.022771933328766536,Graded-test temporal holdout,load_fraction,>=0.90,
A3053.xlsx,0.007894736842105177,0.03954427480603634,0.03701247645838518,0.03230355657714634,Graded-test temporal holdout,load_fraction,>=0.90,
A3056.xlsx,0.014880952380952273,0.03127934960199269,0.028403002725975346,0.01659888738789439,Graded-test temporal holdout,load_fraction,>=0.90,
A3057.xlsx,0.04439746300211411,0.03584093458289513,0.03462556935072588,0.023854802159348504,Graded-test temporal holdout,load_fraction,>=0.90,
A3058.xlsx,0.027272727272727226,0.06517349024276353,0.06226933358748121,0.05140378641345733,Graded-test temporal holdout,load_fraction,>=0.90,
A3059.xlsx,0.021381578947368363,0.05829427480603627,0.05576247645838511,0.05399899823695503,Graded-test temporal holdout,load_fraction,>=0.90,
A3060.xlsx,0.05645161290322587,0.04451121576614784,0.04521803547741591,0.036224209907430104,Graded-test temporal holdout,load_fraction,>=0.90,
A3062.xlsx,0.00877192982456143,0.04739354678779728,0.04421773249927474,0.017415796968261565,Graded-test temporal holdout,load_fraction,>=0.90,
A3063.xlsx,0.0098901098901098,0.037112780772738774,0.03436753714182739,0.02666017610293203,Graded-test temporal holdout,load_fraction,>=0.90,
A3066.xlsx,0.005980861244019142,0.03987465654966699,0.03727845660792872,0.03150494089768363,Graded-test temporal holdout,load_fraction,>=0.90,
A3071.xlsx,0.010170603674540757,0.03513282108503596,0.03240629665762529,0.024554742371896143,Graded-test temporal holdout,load_fraction,>=0.90,
A3072.xlsx,0.048484848484848464,0.03715004086764132,0.03762864097100649,0.024129105367016474,Graded-test temporal holdout,load_fraction,>=0.90,
A4000.xlsx,0.010416666666666685,0.02732912823047806,0.024483372111652135,0.011247783687943214,Graded-test temporal holdout,load_fraction,>=0.90,
A4001.xlsx,0.0023214285714285854,0.04041511097914613,0.03743825161521419,0.019963347927823616,Graded-test temporal holdout,load_fraction,>=0.90,
A530.xlsx,0.025129342202512894,0.025921281250971207,0.025622834839347852,0.008623928633126166,Graded-test temporal holdout,load_fraction,>=0.90,
A531.xlsx,0.005952380952380931,0.04306038208014229,0.04045498191067731,0.034255655681412756,Graded-test temporal holdout,load_fraction,>=0.90,
A535.xlsx,0.06438213914849429,0.05321505843528015,0.053630449769325406,0.03747795496401248,Graded-test temporal holdout,load_fraction,>=0.90,
A536.xlsx,0.014500537056928109,0.051873595335602096,0.049168306979389675,0.04251388452936611,Graded-test temporal holdout,load_fraction,>=0.90,
A538.xlsx,0.008196721311475419,0.0468407503547712,0.043656489955548605,0.016299413653133366,Graded-test temporal holdout,load_fraction,>=0.90,
A543.xlsx,0.024999999999999967,0.025974085029603744,0.02560699594330701,0.011099290780141824,Graded-test temporal holdout,load_fraction,>=0.90,
A547.xlsx,0.009708737864077555,0.04829385359983718,0.04513179499160502,0.01922628251538039,Graded-test temporal holdout,load_fraction,>=0.90,
A577.xlsx,0.016025641025641135,0.03836667463781834,0.03568955987273975,0.031712815090095825,Graded-test temporal holdout,load_fraction,>=0.90,
A582.xlsx,0.022017045454545414,0.022930250169798938,0.022586104151395725,0.003777489825112834,Graded-test temporal holdout,load_fraction,>=0.90,
A600.xlsx,0.008333333333333193,0.04697203950761475,0.04378978505968345,0.016564880483319944,Graded-test temporal holdout,load_fraction,>=0.90,
,0.05561297847959759,0.04716509736039027,0.05297752619532249,0.04584921638496768,ACTES external validation,vo2r,<0.60,1.0
,0.06631638052317428,0.0565873039218023,0.06338366649574573,0.05523535504074325,ACTES external validation,vo2r,<0.60,2.0
,0.13669006968930345,0.11944214610517091,0.13764140834105137,0.11546733874134096,ACTES external validation,vo2r,<0.60,3.0
,0.09012733615265354,0.07393701606303524,0.08846191096553872,0.07016366728613918,ACTES external validation,vo2r,<0.60,4.0
,0.06323503475441222,0.047998240705907684,0.06506071356372986,0.044717515811734526,ACTES external validation,vo2r,<0.60,5.0
,0.04300746987486883,0.03399897799766775,0.04330930156276888,0.03295979057737772,ACTES external validation,vo2r,<0.60,6.0
,0.05536438965915674,0.06840403756149054,0.06051333491683567,0.07205123233593133,ACTES external validation,vo2r,<0.60,7.0
,0.059869880677888475,0.050842487301151575,0.05725320280900144,0.04945973130855343,ACTES external validation,vo2r,<0.60,8.0
,0.05925618993066553,0.05174717124650021,0.06103788694886071,0.050119813702724704,ACTES external validation,vo2r,<0.60,9.0
,0.04724955928138939,0.035117551693058975,0.0481992796252267,0.03235609526706401,ACTES external validation,vo2r,<0.60,10.0
,0.0782379966287714,0.06038981446341986,0.07325898780922582,0.056552034019604465,ACTES external validation,vo2r,<0.60,11.0
,0.031124734471444423,0.03262770372490547,0.031826000969384795,0.03424894268988699,ACTES external validation,vo2r,<0.60,12.0
,0.04981026269805967,0.06232315397817833,0.04446244219165028,0.06568543306750145,ACTES external validation,vo2r,<0.60,13.0
,0.05171871376008994,0.05553469158343812,0.05146325332599065,0.05736729997866016,ACTES external validation,vo2r,<0.60,14.0
,0.04109755520532457,0.04038023995714065,0.04178887470427849,0.04108924189621005,ACTES external validation,vo2r,<0.60,15.0
,0.04419857395125002,0.03869804203172368,0.04316614230274184,0.03884830925209954,ACTES external validation,vo2r,<0.60,16.0
,0.09896331220748542,0.07728214269002383,0.09148741641113363,0.0723114105483395,ACTES external validation,vo2r,<0.60,17.0
,0.04263636746798843,0.03685568369115793,0.04033929790287136,0.03665220541493324,ACTES external validation,vo2r,<0.60,18.0
,0.13414975506232663,0.10403790399545906,0.10866490655649892,0.09668740119245507,ACTES external validation,vo2r,0.60-<0.80,1.0
,0.09038890322492854,0.05904439600445799,0.06215329714341735,0.051392993648913074,ACTES external validation,vo2r,0.60-<0.80,2.0
,0.07049428089184549,0.047479742857631055,0.04979080743733849,0.042545893791460856,ACTES external validation,vo2r,0.60-<0.80,3.0
,0.07690207059276587,0.06050234640095852,0.0609118103133851,0.05740365502548937,ACTES external validation,vo2r,0.60-<0.80,4.0
,0.07950737724372434,0.05208591638546702,0.05546286778460857,0.046395449668228256,ACTES external validation,vo2r,0.60-<0.80,5.0
,0.02433001652024715,0.024405105208469082,0.021879878251579214,0.02870254612145715,ACTES external validation,vo2r,0.60-<0.80,6.0
,0.04547079461174315,0.04554572735916057,0.044717672163208225,0.04679782710181316,ACTES external validation,vo2r,0.60-<0.80,7.0
,0.06359159115276374,0.03981455249793143,0.04113979723284061,0.03566532493478381,ACTES external validation,vo2r,0.60-<0.80,8.0
,0.05609127479370831,0.03769204121317104,0.0403874518618972,0.03562095978591905,ACTES external validation,vo2r,0.60-<0.80,9.0
,0.10977869796993824,0.0809164185902455,0.08239464747964405,0.0750087069729359,ACTES external validation,vo2r,0.60-<0.80,10.0
,0.03674401033626216,0.03450880187929903,0.033360775256339126,0.036277472063582804,ACTES external validation,vo2r,0.60-<0.80,11.0
,0.028065444666484307,0.024271775598536834,0.02256882877973018,0.027344697960512834,ACTES external validation,vo2r,0.60-<0.80,12.0
,0.024075419138787253,0.04013585428012336,0.03693570710535096,0.045672426965470095,ACTES external validation,vo2r,0.60-<0.80,13.0
,0.0440978556306066,0.04743695450340706,0.04801533464467747,0.049886925110973375,ACTES external validation,vo2r,0.60-<0.80,14.0
,0.07231623890908123,0.04164577633579798,0.04487713813687601,0.03505209799321357,ACTES external validation,vo2r,0.60-<0.80,15.0
,0.07257456589306575,0.0581259607137775,0.05776507140354273,0.05529855935857645,ACTES external validation,vo2r,0.60-<0.80,16.0
,0.17471223296016522,0.14280104047958292,0.14521202947432174,0.13501130648897436,ACTES external validation,vo2r,0.60-<0.80,17.0
,0.06012106998796238,0.031623033736955325,0.03489801569970185,0.025713100381999143,ACTES external validation,vo2r,0.60-<0.80,18.0
,0.17737038216948908,0.1400359550097245,0.1357678549051407,0.1309223734209674,ACTES external validation,vo2r,0.80-<0.90,1.0
,0.09806014852582987,0.06046458953263517,0.05587488749021816,0.051287263929293246,ACTES external validation,vo2r,0.80-<0.90,2.0
,0.07321579552199628,0.036000702027119955,0.032000724242704406,0.027965410666411686,ACTES external validation,vo2r,0.80-<0.90,3.0
,0.16700988789369228,0.1381048807395205,0.13517937227667695,0.1320132815714861,ACTES external validation,vo2r,0.80-<0.90,4.0
,0.04545049555063463,0.03248902792873138,0.03269536885079918,0.03322713468635396,ACTES external validation,vo2r,0.80-<0.90,5.0
,0.020800461532072087,0.017600814605249024,0.020768004164305364,0.025347818196065422,ACTES external validation,vo2r,0.80-<0.90,6.0
,0.16178893573490238,0.13727338564246122,0.1336246813119291,0.13128897706952058,ACTES external validation,vo2r,0.80-<0.90,7.0
,0.06473278093025636,0.03547604621128363,0.033148826228959594,0.030880967628839268,ACTES external validation,vo2r,0.80-<0.90,8.0
,0.07593497154229539,0.04910682082281132,0.04712121378119698,0.04345205111509327,ACTES external validation,vo2r,0.80-<0.90,9.0
,0.13922076441908743,0.10151534030005956,0.09679033174635246,0.09231119588994306,ACTES external validation,vo2r,0.80-<0.90,10.0
,0.031323614503550104,0.03857143273126088,0.040555646172199304,0.04236902966635743,ACTES external validation,vo2r,0.80-<0.90,12.0
,0.02181140191168513,0.033666789783388495,0.03739895796196207,0.04164069412702025,ACTES external validation,vo2r,0.80-<0.90,13.0
,0.0543745249988147,0.06653290156382395,0.06925329104707591,0.0736830282268143,ACTES external validation,vo2r,0.80-<0.90,14.0
,0.11377718867709342,0.0830559837804141,0.07934855533890099,0.07555673366114221,ACTES external validation,vo2r,0.80-<0.90,15.0
,0.10707287243849646,0.06999819053247477,0.06604998469681037,0.060948014484993304,ACTES external validation,vo2r,0.80-<0.90,16.0
,0.20732443268958778,0.16903066205633843,0.16358106402380132,0.15968289835518865,ACTES external validation,vo2r,0.80-<0.90,17.0
,0.09219679729240583,0.054903400727995114,0.05068583264320731,0.04579983498002735,ACTES external validation,vo2r,0.80-<0.90,18.0
,0.13792801198155896,0.10431984813892968,0.09753272878208444,0.10625519892624803,ACTES external validation,vo2r,>=0.90,1.0
,0.04899679870764578,0.039207767722289046,0.04050652562397735,0.030729943430566908,ACTES external validation,vo2r,>=0.90,2.0
,0.08639419048692411,0.05664388734521956,0.05247643908609365,0.06240253501537848,ACTES external validation,vo2r,>=0.90,3.0
,0.23826770439571485,0.19583601243377882,0.18529027770880324,0.21759519009098172,ACTES external validation,vo2r,>=0.90,4.0
,0.024558064239477668,0.030674460198046354,0.03901394951545942,0.03184357285900858,ACTES external validation,vo2r,>=0.90,5.0
,0.02535588480367975,0.03735592011621629,0.04429010484391667,0.03345126393058794,ACTES external validation,vo2r,>=0.90,6.0
,0.12726824158032143,0.09315988845848709,0.08695391085946622,0.10446976777599408,ACTES external validation,vo2r,>=0.90,7.0
,0.04641106242829462,0.030922762418055045,0.031980750012126524,0.028591203922792074,ACTES external validation,vo2r,>=0.90,8.0
,0.04809870535102704,0.03444752872698597,0.035984583330055796,0.03447842613040194,ACTES external validation,vo2r,>=0.90,9.0
,0.0618882165687066,0.035662481823150294,0.034174890609778366,0.03955237750228716,ACTES external validation,vo2r,>=0.90,10.0
,0.04711573859910718,0.03722884865377327,0.03761463745935259,0.04590953141934489,ACTES external validation,vo2r,>=0.90,11.0
,0.01799884044663727,0.043400260071097964,0.052402238297033374,0.035790195276399886,ACTES external validation,vo2r,>=0.90,12.0
,0.023470010131722317,0.052196021235223836,0.05952997105500789,0.04799784728011003,ACTES external validation,vo2r,>=0.90,13.0
,0.11884306788169607,0.11246134761733957,0.11114372549633737,0.12809715975348468,ACTES external validation,vo2r,>=0.90,14.0
,0.10528360848166685,0.06491280874031045,0.056610602348617665,0.08083649983040321,ACTES external validation,vo2r,>=0.90,15.0
,0.0635866717441091,0.0370558542747043,0.034972001863402116,0.04255219276433325,ACTES external validation,vo2r,>=0.90,16.0
,0.19876883336089604,0.15708590673408718,0.14746232837586357,0.16765158268472843,ACTES external validation,vo2r,>=0.90,17.0
,0.06449510558991135,0.038512393081743215,0.03788437553593267,0.037770772135934355,ACTES external validation,vo2r,>=0.90,18.0
,0.15602443518204354,0.14258445949038295,0.14116402266724462,0.1378233839674164,ACTES external validation,power_fraction,<0.60,1.0
,0.15536888762910353,0.13776433141286298,0.13544494980796656,0.1309102655738584,ACTES external validation,power_fraction,<0.60,2.0
,0.09926071469941043,0.08565354174142156,0.08140095764603993,0.08153625254660957,ACTES external validation,power_fraction,<0.60,3.0
,0.08305882300479867,0.07915220955375092,0.07691482458351305,0.078845125773731,ACTES external validation,power_fraction,<0.60,4.0
,0.10870914969359073,0.09316644525570314,0.08809108268448308,0.08701926731327361,ACTES external validation,power_fraction,<0.60,5.0
,0.1097357402817895,0.09303550865992327,0.08795013314390134,0.08643052586110267,ACTES external validation,power_fraction,<0.60,6.0
,0.1668707060854059,0.150778792678566,0.1478597368051855,0.14441440123425076,ACTES external validation,power_fraction,<0.60,7.0
,0.11027375864791038,0.09337798377358038,0.0895385087674671,0.08696494587806396,ACTES external validation,power_fraction,<0.60,8.0
,0.17145492104595517,0.1568764674457282,0.15478447067159404,0.15111065308799038,ACTES external validation,power_fraction,<0.60,9.0
,0.0689504148768449,0.05467738711121411,0.050473997226263105,0.04934477323393702,ACTES external validation,power_fraction,<0.60,10.0
,0.17989786528574794,0.1616820066341653,0.15769830354271275,0.1546790609816852,ACTES external validation,power_fraction,<0.60,11.0
,0.0622581255691893,0.05142893393934289,0.04792749245017989,0.04803792200502217,ACTES external validation,power_fraction,<0.60,12.0
,0.03241362899706767,0.02968241278044107,0.02872349781518595,0.030350042937792965,ACTES external validation,power_fraction,<0.60,13.0
,0.08085363140026003,0.06742745666563205,0.0635916705819868,0.06289868686018808,ACTES external validation,power_fraction,<0.60,14.0
,0.05448758877380753,0.04322663059041339,0.03978588262323301,0.040165115006930756,ACTES external validation,power_fraction,<0.60,15.0
,0.14567599224027483,0.13041514174261945,0.12778178731756826,0.12437943772876561,ACTES external validation,power_fraction,<0.60,16.0
,0.20811579644896433,0.18846530590948138,0.18449175104308718,0.1806934884317087,ACTES external validation,power_fraction,<0.60,17.0
,0.18765492807425976,0.1685969343528864,0.16506944369561918,0.16105945082811388,ACTES external validation,power_fraction,<0.60,18.0
,0.17427566925382856,0.1474306046500963,0.14616836300510924,0.136813315383957,ACTES external validation,power_fraction,0.60-<0.80,1.0
,0.1749778491250157,0.14703385725825405,0.1461857521543615,0.13598193954900026,ACTES external validation,power_fraction,0.60-<0.80,2.0
,0.05676558096267417,0.04307271780278397,0.04280659831789245,0.03867905335637152,ACTES external validation,power_fraction,0.60-<0.80,3.0
,0.052088556005522244,0.07457538527227715,0.07562978240310883,0.08541080341291389,ACTES external validation,power_fraction,0.60-<0.80,4.0
,0.0883375613682526,0.060639141224208756,0.0596984911200615,0.05056344397225884,ACTES external validation,power_fraction,0.60-<0.80,5.0
,0.06252451433420927,0.03518692478894255,0.03411029376856373,0.02498921975941089,ACTES external validation,power_fraction,0.60-<0.80,6.0
,0.17187366479203958,0.14598167724262487,0.14436026347774383,0.1357413323023042,ACTES external validation,power_fraction,0.60-<0.80,7.0
,0.09388717520535259,0.06595502095448894,0.06510245478254605,0.054907785051521205,ACTES external validation,power_fraction,0.60-<0.80,8.0
,0.20815186532985508,0.18119724148665114,0.17997628781950045,0.17053662127106478,ACTES external validation,power_fraction,0.60-<0.80,9.0
,0.13668591640929312,0.10846917001632696,0.10772385389570054,0.09730937721918981,ACTES external validation,power_fraction,0.60-<0.80,10.0
,0.04303948376357607,0.02562910119011218,0.024693247267515085,0.023612559939193766,ACTES external validation,power_fraction,0.60-<0.80,11.0
,0.041698347924717064,0.019969922068131286,0.019879664881330326,0.0184148574709138,ACTES external validation,power_fraction,0.60-<0.80,12.0
,0.03283241124786619,0.013361147724475733,0.013420058748678809,0.013047612368217314,ACTES external validation,power_fraction,0.60-<0.80,13.0
,0.058927929049945545,0.03807917353092633,0.03773116158921535,0.03324909965199977,ACTES external validation,power_fraction,0.60-<0.80,14.0
,0.053321154934155526,0.026973311583177402,0.026159662204036774,0.01895468039363872,ACTES external validation,power_fraction,0.60-<0.80,15.0
,0.12166475121078173,0.09447797149547411,0.0933445069944424,0.08372553305984093,ACTES external validation,power_fraction,0.60-<0.80,16.0
,0.22822131969183654,0.19977212134062786,0.19911440596774505,0.18852039322064562,ACTES external validation,power_fraction,0.60-<0.80,17.0
,0.11934993526742245,0.09210088317148894,0.09099088634587645,0.08132381585571867,ACTES external validation,power_fraction,0.60-<0.80,18.0
,0.16306299465631702,0.12977891966466026,0.13094325308049715,0.11661498590779536,ACTES external validation,power_fraction,0.80-<0.90,1.0
,0.12807149869779585,0.09455462164681185,0.09580668774783455,0.08129861410125924,ACTES external validation,power_fraction,0.80-<0.90,2.0
,0.06052541566621754,0.03372241990236824,0.034720495540855406,0.023718467510188135,ACTES external validation,power_fraction,0.80-<0.90,3.0
,0.018539532011171145,0.025001408271259545,0.02388677044502179,0.0375711516900168,ACTES external validation,power_fraction,0.80-<0.90,4.0
,0.06242749915098256,0.028925594148759497,0.030172017954158477,0.018219397310172945,ACTES external validation,power_fraction,0.80-<0.90,5.0
,0.060229840540145706,0.027160547698691653,0.028243939327236286,0.017251626348391422,ACTES external validation,power_fraction,0.80-<0.90,6.0
,0.12560464590530637,0.09237364265328712,0.09351797570383802,0.0792306989003543,ACTES external validation,power_fraction,0.80-<0.90,7.0
,0.0831890030043991,0.050008886625761514,0.05113404268941037,0.03688606875676742,ACTES external validation,power_fraction,0.80-<0.90,8.0
,0.1657306992474301,0.13294664510240028,0.13392254302221865,0.11998047082371524,ACTES external validation,power_fraction,0.80-<0.90,9.0
,0.16272815164469998,0.12911332855930788,0.1304023061405243,0.11581858311555564,ACTES external validation,power_fraction,0.80-<0.90,10.0
,0.04307101149455755,0.01938996817643238,0.01970083751120529,0.01717984119688169,ACTES external validation,power_fraction,0.80-<0.90,12.0
,0.033068602020739246,0.015449972457963257,0.015327931978306626,0.019376216761055352,ACTES external validation,power_fraction,0.80-<0.90,13.0
,0.04449468761812759,0.023373718003414617,0.023384382620144584,0.023004496402155444,ACTES external validation,power_fraction,0.80-<0.90,14.0
,0.034053254373649165,0.013486968048661957,0.013981402603126242,0.016798751558553513,ACTES external validation,power_fraction,0.80-<0.90,15.0
,0.12220934410138609,0.08915683501717743,0.09023390159819066,0.07608448614788293,ACTES external validation,power_fraction,0.80-<0.90,16.0
,0.24105482240620732,0.2069154815770012,0.2084021264392777,0.19341328807180821,ACTES external validation,power_fraction,0.80-<0.90,17.0
,0.12517565470157122,0.09192815896173653,0.09307870729339628,0.07877869238919273,ACTES external validation,power_fraction,0.80-<0.90,18.0
,0.07856085642790121,0.05514181819645593,0.05660455900410503,0.049085547276619616,ACTES external validation,power_fraction,>=0.90,1.0
,0.043267640636513775,0.037870986083325564,0.03800825284862616,0.023997235706365732,ACTES external validation,power_fraction,>=0.90,2.0
,0.058152843851868495,0.046537498149784244,0.0473256750578628,0.05151226331651532,ACTES external validation,power_fraction,>=0.90,3.0
,0.02004900347154408,0.021609609509518457,0.019971122135611436,0.016328077180666988,ACTES external validation,power_fraction,>=0.90,4.0
,0.019175537189054688,0.034151466920454454,0.03210297699698836,0.029428215284478143,ACTES external validation,power_fraction,>=0.90,5.0
,0.041462700229067846,0.016277792319027637,0.016994741370216702,0.021253750255843452,ACTES external validation,power_fraction,>=0.90,6.0
,0.07359893687266647,0.043227694662111446,0.045363210933678684,0.04830193425590976,ACTES external validation,power_fraction,>=0.90,7.0
,0.04639217297500451,0.03649811413777781,0.03626935149365662,0.02606451048595636,ACTES external validation,power_fraction,>=0.90,8.0
,0.05611705657738364,0.055421480243218704,0.05482624764891368,0.048302247323053035,ACTES external validation,power_fraction,>=0.90,9.0
,0.08426588959337662,0.05893752168208399,0.060697056241406734,0.06028963302705883,ACTES external validation,power_fraction,>=0.90,10.0
,0.03283147559451537,0.0696024461083546,0.06712405770517145,0.06938256291060849,ACTES external validation,power_fraction,>=0.90,11.0
,0.01256799022297812,0.03246389313256243,0.029767189608533046,0.024352177984359985,ACTES external validation,power_fraction,>=0.90,12.0
,0.03005782103216837,0.014212516891783001,0.013965797914487967,0.020136930222324715,ACTES external validation,power_fraction,>=0.90,13.0
,0.037598605499854415,0.01766813969601781,0.018407693357435594,0.013428731181122968,ACTES external validation,power_fraction,>=0.90,14.0
,0.02210477964105919,0.028463013782990897,0.02733792291971846,0.022542174733343003,ACTES external validation,power_fraction,>=0.90,15.0
,0.07016577279670709,0.04999074843193223,0.0513871150775208,0.051210490263551615,ACTES external validation,power_fraction,>=0.90,16.0
,0.22400663802381443,0.1868458253031196,0.1894711278002117,0.1928893873476468,ACTES external validation,power_fraction,>=0.90,17.0
,0.07069933796228087,0.046562913768600625,0.04794172878202353,0.04434588612746798,ACTES external validation,power_fraction,>=0.90,18.0
