participant,session_number,exercise_start_local,exercise_name,rpe,rpe_duration_min,exercise_duration_min,srpe_load,score_original_exp,pred_original_exp,load_score_original_exp,pred_log_load_original_exp,score_entropic_hrr,pred_entropic_hrr,load_score_entropic_hrr,pred_log_load_entropic_hrr,score_tilted_hrr,pred_tilted_hrr,load_score_tilted_hrr,pred_log_load_tilted_hrr,score_power_hrr,pred_power_hrr,load_score_power_hrr,pred_log_load_power_hrr,score_linear_decile,pred_linear_decile,load_score_linear_decile,pred_log_load_linear_decile,score_mean_hrr,pred_mean_hrr,load_score_mean_hrr,pred_log_load_mean_hrr,score_banister_trimp,pred_banister_trimp,load_score_banister_trimp,pred_log_load_banister_trimp,score_intercept_only,pred_intercept_only
p01,1,2019-11-05 22:40:41+01:00,Run,7.0,30.0,24.416666666666668,210.0,2922.2513090585903,5.51946638807381,71351.63612951392,5.289537545416343,0.7401098608366672,5.786034753193729,18.071015768761956,4.865783199894432,0.7584456832213146,5.643913354975719,18.518715431987097,4.852917680929049,0.7422777560305763,5.763951323733783,18.123948543079905,4.859740870171791,7.565573770491802,5.932784186199021,184.72609289617483,4.898381251665259,0.715517062201617,5.955316360682056,17.470541602089483,4.918786327729174,46.21749958216204,5.20758549973236,46.21749958216204,5.043844366233177,0.0,5.893091099171764
p01,2,2019-11-11 20:53:44+01:00,Run,6.0,30.0,21.066666666666663,180.0,4303.651702510576,5.684544485871884,90663.59586622278,5.34895898296645,0.7784375420226939,6.03563580485173,16.399084218611414,4.757340972492261,0.8061729491979825,5.998779963032613,16.983376796437497,4.7583507653459,0.780141104103221,6.027983722322363,16.434972593107855,4.750223013867162,7.767036450079237,6.027388540102654,163.62556788166924,4.757920665909322,0.7284508551666122,6.013205570048462,15.346031348843296,4.773402735624436,42.20947345032992,5.138475286956946,42.20947345032992,4.9668368855653595,0.0,5.893091099171764
p01,3,2019-11-18 20:43:15+01:00,Treadmill,6.0,50.0,52.583333333333336,300.0,2756.4285108891586,5.4996504735691385,144942.19919758826,5.465348348264058,0.7343258517775658,5.748367597256379,38.61330103930367,5.7297497591846325,0.7959841287196209,5.92302301175398,41.855498768506735,5.760726666061162,0.7408409453902387,5.753932015378957,38.95588637843672,5.732482308868699,6.269169072826434,5.324008759050796,329.65380707945667,5.5701718783841,0.577892596732708,5.3393353010631355,30.387519044861563,5.549655957612779,76.17717742184459,5.72417886566355,76.17717742184459,5.470391617230674,0.0,5.893091099171764
p01,4,2019-11-23 09:09:24+01:00,Run,8.0,30.0,30.166666666666668,240.0,4069.751776439079,5.656593317583517,122770.84525591222,5.424164803246368,0.7729046819788964,5.999604204638152,23.315957906363376,5.152942435920169,0.8354609854469179,6.216545340278147,25.203073060982025,5.192861653299017,0.7744114245787216,5.988028961187796,23.36141130812477,5.146446866402209,7.34212034383954,5.827853252592456,221.48729703915947,5.108720393063901,0.6896907900697482,5.83972285469028,20.80567216710407,5.116284232387074,52.7914084704923,5.320939112482138,52.7914084704923,5.157004653229791,0.0,5.893091099171764
p01,5,2019-11-26 06:28:37+01:00,Treadmill,7.0,40.0,29.866666666666667,280.0,6982.2999258814925,6.004644404389556,208538.0244529939,5.555593179587483,0.826349865718589,6.347654847272538,24.68031598946186,5.217464898833689,0.8410931877749454,6.25842246219446,25.120649874878367,5.189225025552354,0.8261031520468496,6.348490766213896,24.672947474465907,5.208556220074835,8.541643376187812,6.391134261761126,255.11041550214267,5.272636966083211,0.8096794084299125,6.376769200540768,24.18242499844005,5.287586617328541,74.74633330610013,5.699506885483034,74.74633330610013,5.45414561684482,0.0,5.893091099171764
p01,6,2019-12-03 07:35:32+01:00,Treadmill,6.0,40.0,40.333333333333336,240.0,3833.873358162428,5.628405718401338,154632.8921125513,5.4814031968854895,0.7669931576043075,5.96110663173157,30.935390690040407,5.4751082952981065,0.8242906839425501,6.133490781742033,33.24639091901619,5.501872258445367,0.7696481629831471,5.954813319988516,31.042475906986933,5.471058764847244,7.263768115942027,5.791060026609688,292.9719806763284,5.433219204776352,0.677376678070057,5.784607220039192,27.320859348825632,5.427330933148697,70.34105690308873,5.623546904302108,70.34105690308873,5.402128850677208,0.0,5.893091099171764
p01,7,2019-12-26 13:23:11+01:00,Run,6.0,30.0,26.433333333333337,180.0,13790.14307899524,6.818185361197399,364519.4487214409,5.694130810680477,0.893733598643087,6.786477392288082,23.624358124132268,5.1678383109843695,0.9185653409546236,6.834451272040311,24.280743845900552,5.15149890151262,0.89170799835007,6.805972891018092,23.570814756386852,5.156584511554571,8.971071663379355,6.5927884129959615,237.13532763532768,5.187883173615295,0.8462342176963189,6.540381608184781,22.368791154439368,5.19865538433783,73.46074001158799,5.677339458624027,73.46074001158799,5.4392849074285765,0.0,5.893091099171764
p01,8,2020-01-03 06:39:59+01:00,Treadmill,7.0,30.0,31.6,210.0,3574.563294962003,5.597418024915849,112956.2001207993,5.40349572656049,0.7600592368723923,5.915950915203897,24.017871885167597,5.186576607387357,0.7959009826359821,5.922404795560985,25.150471051297036,5.1905421012411495,0.7632208981151826,5.909994088572507,24.117780380439772,5.182662040486556,7.416331224841862,5.862701753884214,234.3560667050029,5.174210240540288,0.695962314571447,5.867793011364968,21.992409140457724,5.17933630526829,53.00881648017821,5.324687868930891,53.00881648017821,5.160506298795443,0.0,5.893091099171764
p01,9,2020-01-04 07:47:37+01:00,Run,6.0,50.0,50.71666666666667,300.0,4669.77329950109,5.728296215696542,236835.33583969696,5.5871586912915,0.7865213668792669,6.08828003281393,39.88974199022682,5.767233005465159,0.8229354582844084,6.123414270493902,41.736543325990915,5.75751818901861,0.7878236492986335,6.081556397177162,39.955789413595696,5.761758486884633,7.771419009370815,6.02944653511728,394.1404674252566,5.777683564548715,0.7313849636794332,6.026338084420862,37.09340740794192,5.780037329852873,101.33847819519656,6.158034033508394,101.33847819519656,5.715362775893051,0.0,5.893091099171764
p01,10,2020-01-07 06:20:30+01:00,Treadmill,6.0,30.0,34.21666666666667,180.0,3650.208601525616,5.606457680162848,124897.9709822015,5.428426057401273,0.7621326332719192,5.929453477994325,26.07763826845417,5.280086271530744,0.7975688629797847,5.934805988634549,27.290147928291635,5.281323451473102,0.7649995599000159,5.922397226732037,26.175734941245544,5.275935454944484,7.4880429477794035,5.896376681814864,256.21586952985194,5.2776533102207255,0.7019406477164106,5.894550899018466,24.01806916269652,5.27979582951146,63.69589439983315,5.508964668702444,63.69589439983315,5.317247901690533,0.0,5.893091099171764
p01,11,2020-01-14 06:22:00+01:00,Treadmill,7.0,30.0,33.61666666666667,210.0,5318.750331334772,5.805849323714726,178798.65697170392,5.517424699657426,0.7994053123383458,6.172184047786348,26.87334191644073,5.314317195995176,0.839181707094919,6.244210027197265,28.210491720174193,5.318277517443578,0.7995009739417164,6.16298585842542,26.87655774067403,5.306093407418493,7.896277915632752,6.088078715430847,265.4465425971877,5.318717799179065,0.7425019963795808,6.076095818695239,24.960442111626907,5.323789259839447,70.66779753679106,5.629180878227128,70.66779753679106,5.40609580041576,0.0,5.893091099171764
p01,12,2020-01-18 07:02:02+01:00,Run,6.0,50.0,52.78333333333333,300.0,2430.1946819307946,5.46066535370302,128273.7759612471,5.435042017159543,0.7218541236778594,5.66714806209665,38.10186682812968,5.714391222939204,0.7544039248808396,5.613861663484085,39.81995383496032,5.704555163255519,0.725894216747906,5.6497040266940655,38.31511640734364,5.713333452713543,7.221287609187964,5.771111712097059,381.1636309716381,5.738791795830369,0.6743990396121736,5.77127987387149,35.59702930752923,5.732357230886504,85.6117845670912,5.886859368687712,85.6117845670912,5.570515097546032,0.0,5.893091099171764
p01,13,2020-01-25 11:08:43+01:00,Run,6.0,40.0,41.233333333333334,240.0,6486.228381658636,5.94536358524383,267448.81693705777,5.617315019535344,0.8190531185868568,6.300136299283079,33.772290256398065,5.575695446218595,0.8327687869993784,6.19652803336261,34.337832983941034,5.538085987450011,0.8191455217909079,6.299973139049911,33.77610034851177,5.568027042570757,8.439093484419262,6.342978115553209,347.9719546742209,5.632971408047549,0.7941433476121413,6.307232732789715,32.74517736654063,5.635829567498457,99.0018827973235,6.117744225057658,99.0018827973235,5.695311776425272,0.0,5.893091099171764
p01,14,2020-02-05 06:18:32+01:00,Treadmill,7.0,40.0,34.333333333333336,280.0,7988.860863727663,6.124928983520354,274284.2229879831,5.623575517441508,0.83968351072766,6.4344874370278475,28.82913386831633,5.394467830803868,0.8685183006692443,6.462336442792782,29.819128322977388,5.3801566287076605,0.8389707508635778,6.4382203636371855,28.804662446316172,5.3853077071052615,8.35070140280561,6.301470299870516,286.7074148296593,5.408131348202718,0.7882759524575548,6.280971382584205,27.06414103437605,5.416496680629048,81.15076525183537,5.809938214999616,81.15076525183537,5.52460851833525,0.0,5.893091099171764
p01,15,2020-02-06 06:41:22+01:00,Treadmill,6.0,30.0,39.63333333333333,180.0,2262.3845282817674,5.440611949138425,89665.84013756739,5.346213835652876,0.7147697660443673,5.621012656537972,28.32870839422509,5.374471523176329,0.7701230752847359,5.730738284661041,30.5225445504517,5.4062061705946585,0.7222289834551855,5.624145263749832,28.624342044273853,5.378119951147478,6.593934288121313,5.476514441126825,261.33959561920807,5.300625771852612,0.6129845646334817,5.496400307622707,24.29462157830699,5.292875806317305,58.16088289730829,5.4135247164486895,58.16088289730829,5.239604628788848,0.0,5.893091099171764
p02,1,2019-11-06 17:06:01+01:00,Run,7.0,70.0,71.91666666666667,490.0,3730.430390724597,5.630765002199738,268280.11893294397,5.551515332684623,0.7642850388351111,5.956337470442166,54.964832376225075,6.178401075367873,0.8023624374841867,5.981578897192164,57.70323196240443,6.154738341316749,0.7653696603130203,5.937462336061379,55.042834737511384,6.172370378059599,7.676334106728536,6.00199531036834,552.0563611755606,6.217981039438692,0.7197192590186483,5.990325166733858,51.75981004442446,6.215636700868754,137.24345613410966,7.289515715995933,137.24345613410966,5.949200478916497,0.0,5.909940916021582
p02,2,2019-11-11 17:19:41+01:00,Run,6.0,80.0,81.01666666666667,480.0,6115.751737871089,5.914058169544336,495477.81996318937,5.684117781168582,0.8132299974244407,6.276817571025584,65.8851836246701,6.395847178963924,0.838554609063233,6.2524353780887125,67.93689924427292,6.344424873556125,0.8126036657006247,6.268525594278634,65.83444031617894,6.387343631778285,8.32304526748971,6.304808429149297,674.3053840877914,6.459681226440654,0.7805269699309995,6.262432413986553,63.23569334724314,6.458985515244851,185.519262343277,8.430320718086266,185.519262343277,6.199048165512489,0.0,5.909940916021582
p02,8,2019-12-08 14:24:58+01:00,Run,6.0,110.0,101.6,660.0,1382.542436140725,5.351917619217153,140466.31151189766,5.411656614086781,0.6660078641727457,5.312841598168299,67.66639899995096,6.4279083404364705,0.7034603134890431,5.2414110628302195,71.47156785048678,6.403448111671282,0.6738532734681795,5.296023758907072,68.46349258436703,6.434442820224959,6.580650459921155,5.488957338522417,668.5940867279893,6.449401882458612,0.6080776945266386,5.490742493136874,61.78069376390648,6.430656222981876,136.06697671607117,7.2617143448673085,136.06697671607117,5.942071186917781,0.0,5.909940916021582
p02,12,2019-12-24 14:00:07+01:00,Run,7.0,50.0,44.016666666666666,350.0,5429.079246627276,5.832505373647223,238969.9715057106,5.52650883931343,0.8014381020504404,6.199607007885938,35.27663379192022,5.649528231814304,0.8163313137111202,6.086119754837114,35.932183325184475,5.6077273902745866,0.801820299019675,6.192944951082039,35.29345682851603,5.64198904709427,8.258150113722515,6.27442221487261,363.4962408390193,5.713360137591333,0.770934245074826,6.219506115411883,33.93395568737692,5.705851913638095,97.82063943875514,6.3579156037639315,97.82063943875514,5.669163008401095,0.0,5.909940916021582
p02,15,2020-01-07 18:11:45+01:00,Run,6.0,100.0,105.4,600.0,4425.08354697934,5.713265623374635,466403.8058516225,5.671047366198146,0.7811925186076326,6.067043679503931,82.33769146124448,6.664124499664403,0.825175635603193,6.152309259337309,86.97351199257655,6.632258599490061,0.7837715869099577,6.066441484170119,82.60952526030955,6.660712595804239,7.398918403053917,5.8720994317667525,779.845999681883,6.635430344341415,0.6880122133489252,5.848439922473638,72.51648728697671,6.625847984139735,194.83895234416264,8.650554201601299,194.83895234416264,6.239720505914047,0.0,5.909940916021582
p02,22,2020-01-23 14:41:52+01:00,Run,7.0,60.0,77.66666666666667,420.0,5378.8166966223625,5.826535931833129,417754.7634376702,5.64723751913043,0.8005171964454137,6.193577134137284,62.17350225726047,6.326201900383584,0.846040455861651,6.3084582701089325,65.70914207192156,6.305649227098077,0.8012909131406196,6.189234484172952,62.23359425392146,6.319736179895832,7.767928730512248,6.04488316413426,603.3091314031179,6.325243755392204,0.7234221670038221,6.006895237923152,56.18578830396352,6.315241395167254,149.8551280837441,7.587541985770237,149.8551280837441,6.022026154051823,0.0,5.909940916021582
p02,23,2020-01-24 15:45:20+01:00,Bike,6.0,70.0,69.71666666666667,420.0,2503.2886087693705,5.4850232627872,174520.93750803795,5.458576365947954,0.7247881772204183,5.697721291210877,50.52981575521683,6.077685317896037,0.772005636488564,5.75439340568351,53.82165962386106,6.073987848667023,0.7299954793416049,5.68952461591544,50.892851501432226,6.078453200913332,7.11736958934517,5.740268284353311,496.1992832038475,6.089123151931479,0.6630812239409195,5.736876721075103,46.22781266241443,6.078676917820606,95.94291236301142,6.313543057580288,95.94291236301142,5.653160205858237,0.0,5.909940916021582
p02,25,2020-01-27 17:33:47+01:00,Run,5.0,120.0,86.58333333333333,600.0,7352.264798551042,6.060912890750784,636583.5938078777,5.7382820679062645,0.8314617505544617,6.396194811201551,71.99072990217381,6.502408611349484,0.8576753674631126,6.395532106091154,74.26039223284782,6.448019644786854,0.8308466078036348,6.396390419684193,71.93746879233137,6.494015851629619,8.416518825152767,6.348576066445346,728.7302549444771,6.5534903889538,0.7936727177070081,6.321258065976051,68.71882947479844,6.5602665172859895,204.55609512589325,8.880179887051149,204.55609512589325,6.280116056303731,0.0,5.909940916021582
p02,29,2020-02-27 06:42:38+01:00,Run,6.0,80.0,83.78333333333333,480.0,9344.879394267033,6.297566162140297,782945.1452496728,5.783012479903153,0.8552063182075199,6.551668666917935,71.65203602715337,6.496734973416954,0.8800411135829413,6.562913808330588,73.73277796635743,6.439715285967571,0.854461090311647,6.561904384804511,71.58959834994415,6.488179732048475,8.468288791384124,6.372816602073725,709.5014625714665,6.521170989302877,0.8014447763719919,6.356037100691953,67.14771484703338,6.532083895184142,216.90130498532903,9.171909394342627,216.90130498532903,6.3287672979536165,0.0,5.909940916021582
p02,30,2020-03-02 12:49:17+01:00,Run,7.0,80.0,77.4,560.0,4165.344338092434,5.682417644230368,322397.6517683544,5.5912326674372395,0.7752033886530185,6.027828262317322,60.00074228174364,6.283507888739624,0.7982969023583509,5.951153076107068,61.78818024253637,6.234146292734868,0.7764346114450767,6.015016605358105,60.096038925848944,6.277756887801107,7.918163672654689,6.115228496239685,612.865868263473,6.344233831033453,0.7378273311285919,6.071356627727225,57.10783542935302,6.335018863681804,133.95325139794892,7.211764927026184,133.95325139794892,5.929107211922669,0.0,5.909940916021582
p02,31,2020-03-14 10:36:54+01:00,Run,7.0,100.0,130.1,700.0,4604.233850737561,5.7345424450670786,599010.8239809566,5.725132693674423,0.7851219367822706,6.092772587406549,102.1443639753734,6.924235080840257,0.8295494576431435,6.185042250868953,107.92438443937296,6.884413507826437,0.7868098908284746,6.087736963697299,102.36396679678454,6.919628159463701,7.6320926600728765,5.981279894810314,992.9352550754812,6.92746513009611,0.7105196411513788,5.949157975006354,92.43860531379435,6.922347201638312,246.02599387453932,9.860154570926056,246.02599387453932,6.433414446401801,0.0,5.909940916021582
p02,33,2020-03-19 12:53:43+01:00,Run,5.0,100.0,113.75,500.0,2146.116368784686,5.4426036301981275,244120.73694925805,5.531118111419638,0.7095460542200004,5.597919447403746,80.71086366752505,6.640076091652382,0.7360065033775935,5.484981594113489,83.72073975920127,6.587786625430535,0.7135018757139291,5.573920908122425,81.16083836245943,6.639375844227386,7.14066229116945,5.751174754060658,812.250335620525,6.684641802240341,0.6636906113052842,5.7396036567834186,75.49480703597608,6.674952117450175,178.91082443495256,8.274156800509093,178.91082443495256,6.168957147949529,0.0,5.909940916021582
p02,35,2020-03-23 13:52:27+01:00,Run,6.0,120.0,140.55,720.0,2581.167712931891,5.4942725901847655,362783.1220525773,5.616741876204166,0.7278215027162275,5.717582794581545,102.2953122067658,6.926019008942469,0.7697072379528932,5.737192555004796,108.18235229427914,6.887205768655532,0.7323033498583661,5.705700485959757,102.92523582259336,6.92623882307778,7.118213554833272,5.740663458949177,1000.4649151318164,6.936599219639727,0.6615933196314054,5.730218526912509,92.98694107419404,6.929582103380188,225.08883917522297,9.365388917359748,225.08883917522297,6.359536138275746,0.0,5.909940916021582
p03,1,2019-12-30 13:29:48+01:00,Treadmill,7.0,30.0,32.483333333333334,210.0,263.1995853713052,8.507632054701723,8549.59986481123,6.109560647120331,0.9451629685915954,7.182407754217509,30.70204376308366,5.519014935842957,0.9468021660457122,7.1693003268349695,30.755290360384887,5.461161130893897,0.9448830008074676,7.250640275537698,30.69294947622924,5.513392559477641,9.933710174717367,7.0995287356545775,322.6800188420692,5.567095458287853,0.9818876527960266,7.271762889868814,31.8949839216576,5.631812338351375,135.11204460254044,6.71873305975707,135.11204460254044,6.074309848617474,0.0,5.854995861076526
p04,2,2019-11-12 15:01:22+01:00,Treadmill,8.0,40.0,37.2,320.0,142523.10170520513,5.463033503971124,5301859.383433632,5.345512890111145,0.7411506255187182,5.603638828076287,27.57080326929632,5.313242039303288,0.7848433830925352,5.803992974030814,29.19617385104231,5.355406865984629,0.7406556691607191,5.595580214633991,27.552390892778753,5.312852352542017,6.211210762331837,5.239776112162152,231.05704035874436,5.149369196106747,0.5756316788582745,5.274662535180758,21.41349845352781,5.137979069705714,54.65391923977353,5.370326296225105,54.65391923977353,5.164672780901289,0.0,5.9017938906331775
p04,3,2019-11-13 18:56:42+01:00,Run,7.0,40.0,41.5,280.0,58933.83401897543,5.391244343482327,2445754.1117874803,5.222713681250277,0.6822780424185717,5.165897280845318,28.314538760370727,5.343232003797365,0.6968925229734075,5.116853016934515,28.921039703396417,5.344864399757364,0.6850359818175698,5.163971123887755,28.428993245429144,5.348242936803352,6.602976669348349,5.43176397742833,274.02353177795646,5.3482818852113745,0.6133410838926601,5.450780999530002,25.45365498154539,5.336982960374439,63.68453095779964,5.521541069874339,63.68453095779964,5.299630919672657,0.0,5.9017938906331775
p04,4,2019-11-14 15:27:31+01:00,Weights,5.0,40.0,33.93333333333333,200.0,632.522963717974,5.341173296182764,21463.61256882991,4.471081592895673,0.3799811017477397,2.9181968477364286,12.8940253859733,4.471918402928167,0.4125613926542422,2.8954389179248907,13.99958325740062,4.549525811509423,0.4270710463357108,3.162161754467596,14.49194417232512,4.597284864931897,2.9267857142857134,3.630218612880912,99.3155952380952,4.167341033381484,0.2391455387257735,3.7031335699026537,8.115005280761245,4.057601246794638,10.260395696386375,4.626970605191975,10.260395696386375,3.7305774814402786,0.0,5.9017938906331775
p04,6,2019-11-18 17:55:38+01:00,Run,5.0,30.0,34.53333333333333,150.0,52732.050633523766,5.385918051781267,1821013.4818776872,5.175898774054085,0.674865248072152,5.110780146593081,23.305346566758313,5.124550433397913,0.686168246919181,5.033066700600498,23.69567679360905,5.123802051707091,0.6778342724366593,5.108085818051058,23.407876874812633,5.129302959660935,6.675845410628017,5.467473858845672,230.53919484702084,5.146753258081687,0.6204072439557952,5.4837828795127415,21.424730157940125,5.138580638334494,53.97038709575942,5.358880763888381,53.97038709575942,5.153581467130437,0.0,5.9017938906331775
p04,7,2019-11-19 18:39:57+01:00,Treadmill,9.0,20.0,22.5,180.0,1807533.2621468187,6.892997959122225,40669498.39830342,5.668884214842272,0.9104982423426644,6.862807084415406,20.486210452709948,4.9806764151527485,0.9182137292252578,6.845984988610631,20.6598089075683,4.97272540730424,0.906567822211898,6.883059467805118,20.39777599976771,4.975264599820024,9.23367952522255,6.7209599396171535,207.7577893175074,5.025473097567674,0.8657384622210618,6.629580787976406,19.47911539997389,5.029600701186,72.46675356424599,5.668596645403085,72.46675356424599,5.413893659001311,0.0,5.9017938906331775
p04,9,2019-11-22 12:35:34+01:00,Run,4.0,20.0,15.933333333333334,80.0,16075.136373927242,5.354435910907819,256130.50622457408,4.864583933998257,0.5956686021782264,4.521920944506807,9.490986394706407,4.144057561633926,0.6059045676766289,4.405984929752373,9.654079444980956,4.155530863068177,0.6031827499961061,4.528789578491059,9.610711816604624,4.154364018217605,5.882701421800946,5.0787876088775405,93.7310426540284,4.100269908780814,0.5466989634587747,5.13953482895025,8.710736817776477,4.133621877094821,17.32348688318212,4.745239861851883,17.32348688318212,4.167567628271095,0.0,5.9017938906331775
p04,11,2019-11-25 18:02:39+01:00,Run,6.0,50.0,49.68333333333333,300.0,17696.551553651407,5.3558284345867335,879223.6696905807,5.060336268802937,0.602075004806884,4.569555147920011,29.913093155488685,5.405195482878114,0.619081139224339,4.508930469974563,30.758014600462577,5.413490213472043,0.6121676917273486,4.598512777528551,30.4145314839871,5.424654434912851,5.744037621766878,5.010834358016651,285.382935841451,5.395673812333712,0.5249184918043999,5.037811048978837,26.0797004011486,5.365068911075087,56.5614274003924,5.402266924805812,56.5614274003924,5.194919013395056,0.0,5.9017938906331775
p04,13,2019-11-28 17:05:50+01:00,Run,7.0,30.0,36.0,210.0,185224.3394835692,5.499706704930943,6668076.221408491,5.381902313943043,0.7586215343504311,5.733542125346526,27.31037523661552,5.302555813959502,0.7681001549076552,5.673181961142153,27.651605576675585,5.294932639521032,0.7577638563982393,5.728339845092645,27.279498830336617,5.301612962812876,7.525243168133393,5.88372769641726,270.9087540528021,5.334944670317203,0.7009406222116685,5.859906949737346,25.233862399620065,5.326964620358312,74.04693345703018,5.695056264338474,74.04693345703018,5.432993314021709,0.0,5.9017938906331775
p04,15,2019-12-02 18:18:26+01:00,Treadmill,7.0,40.0,42.15,280.0,226674.48858016133,5.53530543055861,9554329.6936538,5.438986596294463,0.7720846864220443,5.8336461246633,32.54336953268917,5.500492279867557,0.7997305929947393,5.920303340519878,33.70864449472826,5.515817145887716,0.7701891628176006,5.8247602937157605,32.46347321276187,5.4986008557582045,7.102097348634744,5.676361866142423,299.35340324495445,5.451445912237514,0.6635881371709564,5.68545544887172,27.970239981755817,5.446102178233692,79.06716519695381,5.779118477389217,79.06716519695381,5.491108988284446,0.0,5.9017938906331775
p04,18,2019-12-10 13:30:44+01:00,Run,8.0,50.0,41.166666666666664,400.0,840017.4641580795,6.062064170373392,34580718.94117427,5.643143313202973,0.859411864084517,6.4829591300100855,35.37912173814595,5.595201401228129,0.8904658288936118,6.629196988839235,36.65750995612035,5.609736166041902,0.8498336592986142,6.442802040283507,34.984818974459614,5.583617183700645,7.866477272727271,6.050952067205179,323.83664772727263,5.54320435302241,0.7363004627698568,6.025051979553214,30.311035717359104,5.539403428623905,95.04486077037669,6.046660001154297,95.04486077037669,5.654410436354694,0.0,5.9017938906331775
p04,20,2019-12-12 17:16:25+01:00,Run,5.0,40.0,39.13333333333333,200.0,10535.316976564118,5.349678135241102,412282.07101620914,4.940135809214564,0.5674992275824458,4.312470212591239,22.208136439393044,5.070642546921584,0.5828793813610081,4.2260944145758295,22.81001312392745,5.081737336995666,0.5817745285165339,4.3626616578092055,22.76677654928036,5.098151842629184,5.406569965870306,4.845455764087001,211.5771046643913,5.046702459441265,0.4901141896488574,4.875260612481845,19.179801954925285,5.011921354461291,39.2461385134509,5.112327818633916,39.2461385134509,4.873755429775179,0.0,5.9017938906331775
p04,22,2019-12-16 17:58:54+01:00,Run,6.0,40.0,37.05,240.0,45621.49596886123,5.379811277979851,1690276.4256463083,5.164074257921438,0.6652089524835317,5.0389816701394174,24.645991689514847,5.1872079481603315,0.6728224812046396,4.92879928504497,24.928072928631895,5.179890750733166,0.667889963489738,5.030917923952693,24.74532314729479,5.191736974395539,6.767117117117116,5.5122022534665565,250.7216891891891,5.244614975615235,0.6250802656036094,5.505607816706351,23.159223840613727,5.228039865496802,58.01358205842181,5.426582801157719,58.01358205842181,5.217280411851421,0.0,5.9017938906331775
p04,23,2019-12-17 18:16:27+01:00,Treadmill,8.0,50.0,46.31666666666667,400.0,381237.78073859087,5.668049373573989,17657663.21120907,5.5364660796308325,0.8067452370578934,6.091361384708959,37.36575022973143,5.6572511038271465,0.866668668505547,6.443275216773332,40.14120382961526,5.7116416548745885,0.7968898484147116,6.031957766110211,36.90928147907473,5.64459031394133,6.276197335253869,5.271623276968506,290.69253991117506,5.41718462210802,0.5761419122008101,5.277045535195348,26.684972900100856,5.391612282079101,70.86449679621515,5.6417673560846096,70.86449679621515,5.394103021507564,0.0,5.9017938906331775
p04,24,2019-12-23 08:50:03+01:00,Run,7.0,60.0,59.38333333333333,420.0,56288.299822399,5.388972273343736,3342586.8711201274,5.272295206260027,0.6792161316067121,5.1431307313635894,40.33411794857859,5.744219843366602,0.6915484895445432,5.075101305853381,41.06645447078679,5.737257431628197,0.6822365556618355,5.142247560965993,40.513480797052,5.750882853914072,6.717537942664417,5.487905601577366,398.9097948285553,5.786663486105506,0.6216671617545,5.48966721493813,36.91666828885472,5.769254068595281,93.15154627857208,6.014957041126289,93.15154627857208,5.636541287003588,0.0,5.9017938906331775
p04,29,2020-01-02 11:13:55+01:00,Treadmill,4.0,50.0,45.21666666666667,200.0,5919.966666045801,5.345714323458499,267681.15941637097,4.871584786494727,0.5290724064751128,4.026751203148799,23.92289064611635,5.153830941529363,0.5459907523291482,3.937891991814294,24.68788185114965,5.169171373031512,0.5443000100038675,4.071859180592529,24.61143211900821,5.185634647478236,5.048375184638108,4.669919684590025,228.2706979320531,5.135224384914418,0.4650490578948542,4.75819611599347,21.02796823447899,5.117145250603293,41.698663390277,5.153394581960491,41.698663390277,4.92684631195386,0.0,5.9017938906331775
p04,30,2020-01-03 12:23:20+01:00,Treadmill,6.0,40.0,48.06666666666667,240.0,48910.98685453886,5.382636398903326,2350988.1014748346,5.216441575811214,0.6698504886852067,5.0734933754436256,32.197480156135605,5.488396008270408,0.7079355053787586,5.203129313106607,34.028099958539,5.526369399559275,0.6759248675514389,5.093268825260502,32.48945530030583,5.499509188715638,5.500746268656715,4.891607578236215,264.4025373134328,5.30658568152314,0.5011628395635594,4.926862361550423,24.08922715502176,5.2733955269540385,52.18162797844517,5.32892855096157,52.18162797844517,5.123890391438605,0.0,5.9017938906331775
p04,32,2020-01-08 19:58:13+01:00,Run,6.0,40.0,39.88333333333333,240.0,140906.4865846209,5.4616451027378945,5619820.373283297,5.35475684601178,0.7403901155749045,5.597984128011178,29.529225776179107,5.390613337987792,0.7570485971756459,5.586838667903926,30.193621550688675,5.39283737229736,0.7396783160752224,5.587995949120833,29.500836839466785,5.3901102671715115,7.138252756573365,5.694080099055608,284.697314108001,5.392867120163633,0.668839809641803,5.70998292391375,26.675561074547243,5.391203998836518,72.61688259263008,5.671110509109567,72.61688259263008,5.415725844954979,0.0,5.9017938906331775
p04,33,2020-01-09 20:17:24+01:00,Run,8.0,50.0,52.05,400.0,138342.72516818048,5.459443261701667,7200738.845003793,5.394099995361495,0.7391659600681428,5.588882035027257,38.473588221546834,5.69047178961991,0.7550011096699348,5.570842116250834,39.297807758320104,5.687785077327169,0.7390087654204814,5.582800232224432,38.465406240136055,5.691671202892849,7.134572252483177,5.692276440006356,371.3544857417494,5.703066484307136,0.6633930858218307,5.684544478676195,34.52961011702628,5.691175086024695,95.2733580141225,6.050486116158614,95.2733580141225,5.656543136627684,0.0,5.9017938906331775
p04,35,2020-01-12 21:17:49+01:00,Run,6.0,30.0,36.03333333333333,180.0,70004.21457972586,5.400751943545663,2522485.1986894547,5.227616592174817,0.6937540485000565,5.251226043294824,24.998270880952035,5.203129074747974,0.713876307615262,5.24954344240994,25.723342951069935,5.2146868949231875,0.6967898529090178,5.255181230539914,25.10766103315494,5.208093371497667,6.427362482369533,5.3457029081400895,231.59929478138216,5.152102188301629,0.5906317152691295,5.344718887845394,21.282429473530964,5.130936662081664,53.86748279932969,5.357157663573805,53.86748279932969,5.151899759033454,0.0,5.9017938906331775
p04,36,2020-01-14 20:40:00+01:00,Run,8.0,50.0,53.31666666666667,400.0,216402.01118336583,5.526483095480568,11537833.896259788,5.468926328626176,0.7689928746489729,5.810657249400448,41.000136766701075,5.762873945081019,0.7764769405766498,5.7386278719314445,41.399162215078384,5.746331012879073,0.7676842832028171,5.805322413630327,40.930367032763534,5.762576970886973,7.807632155145448,6.02211456934349,416.27692107183816,5.836441666212314,0.7399717766325103,6.042198528512156,39.45282855745668,5.846998495331041,119.547179680501,6.456943681104788,119.547179680501,5.8583477899347125,0.0,5.9017938906331775
p04,37,2020-01-15 22:32:19+01:00,Workout,5.0,70.0,71.58333333333333,350.0,15669.50792469509,5.354087544106113,1121675.608942757,5.098989869603873,0.5939647954984228,4.509252450397572,42.51797994442877,5.804304097757536,0.6274106855250825,4.574007310382627,44.912148238837155,5.838012755947327,0.6067785206921892,4.5566927795841075,43.43522910621587,5.830482548111502,4.880922219407144,4.587858084151094,349.3926822058947,5.631882502263008,0.4401121486503338,4.641730471474372,31.504694640886395,5.584328741865594,62.066437528941485,5.4944466006148875,62.066437528941485,5.27689399613626,0.0,5.9017938906331775
p04,39,2020-01-20 20:01:15+01:00,Run,7.0,50.0,51.233333333333334,350.0,87297.28785482935,5.415603792916458,4472531.047762424,5.318514804875665,0.708471644959341,5.360657345717023,36.297363943416904,5.62429202175738,0.7165890669377093,5.270737610629719,36.713246529441975,5.6114396223683,0.7097875830156396,5.356043690238278,36.36478383650127,5.62765868300456,7.214402085369827,5.731397657360825,369.61786684044745,5.697592549567015,0.6727080318443194,5.728049115980361,34.46507483149063,5.688992057191948,93.28006534957656,6.017109052843586,93.28006534957656,5.6377655732333825,0.0,5.9017938906331775
p04,40,2020-01-21 21:05:56+01:00,Run,4.0,40.0,39.583333333333336,160.0,31564.681560840432,5.367738832157181,1249435.3117832672,5.11611024463066,0.6406529401592284,4.856397753099832,25.35917888130279,5.2192180006816455,0.6480085114100785,4.734933413614846,25.650336909982276,5.211536061405311,0.644328616491832,4.848081736978418,25.504674402801687,5.225756449286566,6.5381373788453425,5.399988989492687,258.8012712459615,5.281608596247242,0.6006328873860404,5.391428483855108,23.7750517923641,5.258264225587595,56.98247696739803,5.409317268343756,56.98247696739803,5.201460209825578,0.0,5.9017938906331775
p04,41,2020-01-23 07:06:20+01:00,Run,6.0,40.0,50.166666666666664,240.0,43189.07356904756,5.3777222351293705,2166651.8573805527,5.203481995863267,0.661556187706563,5.011821881644642,33.188068749945906,5.522709110813203,0.6940218265338925,5.094424922136886,34.81676163111694,5.552013877025462,0.6682592025621892,5.03378322125912,33.524336661869825,5.535127037205228,5.733022636484687,5.005436380621499,287.6066355969818,5.40473083176895,0.5177472392495636,5.004318343743453,25.97365316901977,5.360357345891256,60.157949135565914,5.462489558342722,60.157949135565914,5.249314526102171,0.0,5.9017938906331775
p04,42,2020-01-24 07:10:26+01:00,Run,6.0,50.0,51.7,300.0,104474.15827728172,5.430355843527565,5401313.982935465,5.348462574381692,0.7204463353728913,5.449694028553287,37.24707553877848,5.653635680758323,0.7299684548207641,5.375267708498968,37.739369114233504,5.642358698744707,0.7216366230366235,5.447992308325979,37.30861341099344,5.65685401766651,7.285806451612903,5.766389910643127,376.67619354838706,5.719683240188528,0.6769599001588977,5.747907093519278,34.99882683821502,5.706929016611283,96.20114824934213,6.066021673969461,96.20114824934213,5.665151061378174,0.0,5.9017938906331775
p04,43,2020-01-27 02:03:06+01:00,Run,7.0,30.0,30.316666666666663,210.0,147066.90215302812,5.466935866422752,4458578.250272635,5.3180188902194585,0.7432428585942634,5.6191954300704445,22.53264599638275,5.086847233683582,0.7525068654235553,5.551355156349322,22.813499803424115,5.081905986137116,0.7429682375274985,5.613525758338977,22.524320401041994,5.0861513740227595,7.463911845730027,5.853671814955176,226.28092745638196,5.125017745005192,0.6916248309233886,5.816398364693539,20.96775945749406,5.1138587211873,59.02302555518058,5.443485617338972,59.02302555518058,5.2325027360118845,0.0,5.9017938906331775
p04,45,2020-02-01 01:35:15+01:00,Run,6.0,30.0,40.11666666666667,180.0,30562.0966915087,5.366877779918295,1226049.4456076908,5.113111381991866,0.6385010566628202,4.840397626019011,25.614534056456804,5.2304689654057555,0.6470277191945756,4.727270708327278,25.956595335022392,5.224696348055236,0.6426030420635358,4.834691269581201,25.779092037448844,5.237811291402421,6.459629941126996,5.361515821957903,259.13882113821137,5.283128974615321,0.5962801261291045,5.371099294689928,23.920771059879243,5.265306067819442,56.496045076225045,5.4011721182015275,56.496045076225045,5.1938989793803545,0.0,5.9017938906331775
p04,46,2020-02-03 01:44:02+01:00,Run,7.0,30.0,27.75,210.0,99507.72238350385,5.426090508116635,2761339.2961422317,5.241975818253137,0.7171993688019698,5.4255515144029465,19.902282484254663,4.948521977095373,0.7253506127613771,5.339189564518718,20.128479504128215,4.944119561497541,0.7178493634520492,5.418603152366989,19.920319835794366,4.948854721388903,7.260372820204449,5.753925965943952,201.47534576067343,4.989693023196121,0.671510870432867,5.722457878749996,18.63442665451206,4.9790231438112365,50.742671028534794,5.304833666111483,50.742671028534794,5.0992715258761905,0.0,5.9017938906331775
p04,49,2020-02-17 17:44:11+01:00,Run,6.0,30.0,32.78333333333333,180.0,50095.166027675084,5.383653410190312,1642286.526273948,5.159502828281383,0.6714453197296191,5.085351591478847,22.012215731802677,5.060749004037618,0.6884483127078657,5.0508803331913725,22.569630518272863,5.070050189939224,0.6757190801040848,5.091671913496301,22.152323842745577,5.0674966392926,6.392146863844976,5.328445226183929,209.55588135305112,5.035515613093516,0.5897855103437621,5.340766762060206,19.335134980769663,5.0211287906029725,48.161981095294706,5.261620818931397,48.161981095294706,5.053352946937182,0.0,5.9017938906331775
p05,1,2019-11-07 14:31:40+01:00,Run,3.0,30.0,28.766666666666666,90.0,61.45357119876669,5.598829220493489,1767.8143981511882,5.132358189872586,0.6854074910436467,5.707564871412645,19.716888825688905,5.023634088052398,0.7251187208504111,5.657694877599879,20.85924853646349,5.038363053526506,0.6859629225671863,5.6794754194336745,19.732866739182725,5.018305610777691,7.074289030760299,5.82735385261129,203.50371445153792,5.04418195713988,0.6552794408159275,5.813419241066741,18.85020524747151,5.036375554243274,44.10158299288699,5.371023443336929,44.10158299288699,5.011034107835721,0.0,6.045472051552717
p05,3,2020-01-02 19:10:57+01:00,Treadmill,6.0,30.0,33.333333333333336,180.0,29.7999904867831,5.269341499199738,993.3330162261034,4.8260198599946165,0.5561621561206859,4.98600098230453,18.538738537356195,4.955777948896614,0.5748630531668629,4.623469587521132,19.16210177222877,4.946271517979494,0.561135634461783,4.945238281795338,18.7045211487261,4.9591773648588395,5.887953708574433,5.30488560712684,196.2651236191478,5.003541002668732,0.5395554075928017,5.328975030005449,17.985180253093393,4.984943893917359,31.74511381146321,5.18242567162441,31.74511381146321,4.733027269345091,0.0,6.045472051552717
p05,4,2020-01-05 19:11:30+01:00,Treadmill,4.0,30.0,30.433333333333337,120.0,40.97368602237611,5.385650472707399,1246.965844614313,4.946853804458847,0.6130232243441879,5.303450687941085,18.656340127541455,4.962732577864142,0.6431996558385388,5.093837486520847,19.574709526019532,4.969354888397137,0.6182415369919569,5.28113658618375,18.81515077578856,4.965684721419656,6.299835255354199,5.486280382338406,191.72498627127948,4.977282247117112,0.5803477281911319,5.499739935265148,17.66191586128345,4.965119736840361,36.570831318052186,5.256080981672446,36.570831318052186,4.852399920431389,0.0,6.045472051552717
p06,1,2019-11-04 14:15:53+01:00,Run,6.0,40.0,39.38333333333333,240.0,1112774.7701086618,6.3534276854824,43824779.6961128,5.688191586585723,0.8781578164596167,6.641051703127697,34.584782004901236,5.584054069656808,0.9025087866380676,6.722780908682378,35.54380438042923,5.5845610526871345,0.8698797001831261,6.622266009391175,34.25876219221212,5.573972696191614,8.43771186440678,6.372023621103027,332.30521892655366,5.590591238504405,0.7906525834388135,6.324193398467758,31.138534244431938,5.588229969118677,96.44534795779614,6.1241676521803265,96.44534795779614,5.6803027935658035,0.0,5.969791779443874
p06,2,2019-11-05 05:40:58+01:00,Run,6.0,40.0,43.75,240.0,2380473.7211339897,7.382261062783163,104145725.29961205,5.809498430616752,0.9288540045556402,6.979977972030893,40.63736269930926,5.765347027780843,0.9339616113211044,6.947910226526084,40.86082049529831,5.7391580936004,0.9264206727234572,7.0193323729331585,40.53090443165126,5.763895567530622,9.595363969093126,6.872537729987647,419.7971736478243,5.858145932049416,0.909108576021899,6.8124891142821395,39.77350020095808,5.867580764228516,138.69881244893958,6.8085310254853795,138.69881244893958,5.9907027200931875,0.0,5.969791779443874
p06,3,2019-11-11 11:30:49+01:00,Treadmill,6.0,30.0,30.033333333333335,180.0,179951.0479397447,5.596370830833207,5404529.806456999,5.39487709749755,0.756696009133022,5.829026209347612,22.726103474295098,5.116230227764734,0.7633696190281897,5.726866989820685,22.9265342248133,5.1025517573463,0.7557154803247371,5.820532866342686,22.696654925752934,5.1130036708014,7.794771968854281,6.094046768138192,234.1029847979236,5.189951878576367,0.7402493230334488,6.116422600365217,22.23215466843791,5.207291318894302,59.85202304611905,5.531479417532671,59.85202304611905,5.2745505941364215,0.0,5.969791779443874
p06,4,2019-11-12 12:29:00+01:00,Treadmill,5.0,30.0,32.3,150.0,142025.51731221806,5.565591400330498,4587424.209184643,5.371904992212068,0.740917467988081,5.723539736304288,23.931634216015013,5.173431510404237,0.748559649549387,5.620861937503488,24.1784766804452,5.160596177137165,0.7405592017526326,5.714095920760221,23.92006221661003,5.171398268929303,7.598759048603929,6.009300036618572,245.43991726990689,5.244009318224527,0.7086640391694118,5.986222696947307,22.889848465172,5.240061122310051,58.33625144400895,5.506929038545464,58.33625144400895,5.252813268437202,0.0,5.969791779443874
p06,5,2019-11-13 12:18:45+01:00,Treadmill,7.0,30.0,35.31666666666667,210.0,447044.2747732075,5.813137143051872,15788113.637407113,5.545113444722084,0.8173608611600228,6.234597372057745,28.866461079968143,5.381868661935977,0.8434779419683427,6.300256892917259,29.78882931718197,5.389537732456327,0.8107424651144786,6.206967053189354,28.63272139295967,5.372320740137187,7.663043478260867,6.037093588666417,270.633152173913,5.355734287329772,0.7144808376986331,6.010200528204615,25.233081584723397,5.349896277037418,69.00287593374247,5.679692318562477,69.00287593374247,5.395274274635602,0.0,5.969791779443874
p06,7,2019-11-16 13:36:36+01:00,Treadmill,5.0,50.0,46.06666666666667,250.0,81955.00968044279,5.5168396496147745,3775394.112612398,5.344603141645807,0.7042617142161637,5.478479933460361,32.442989634891276,5.512409472237324,0.7176683503824253,5.399751840752314,33.06058867428373,5.504472640192877,0.7061877336840257,5.472717797561756,32.53171493171079,5.515713737976816,7.046756071040231,5.770640013198316,324.62056300591996,5.563816683775003,0.6488897479829199,5.739822918719683,29.89218772374651,5.541801029279722,69.31961756082245,5.684822462823665,69.31961756082245,5.399164636569001,0.0,5.969791779443874
p06,8,2019-11-17 15:57:19+01:00,Treadmill,8.0,30.0,35.96666666666667,240.0,233737.1791687443,5.640022335789898,8406747.21076917,5.4567919838575225,0.774130173144716,5.94558124793824,27.842881894104952,5.341620250814165,0.8111869666018399,6.069128358992947,29.175691232112843,5.366644687121331,0.7726106789778782,5.939181605285705,27.78823075390435,5.338781593848747,6.85290023201856,5.686825901750473,246.47597834493425,5.248824887460505,0.632920845670914,5.673996391794574,22.764053082630543,5.233863674522194,56.01893511501114,5.469396342965904,56.01893511501114,5.218483693638066,0.0,5.969791779443874
p06,9,2019-11-18 12:42:19+01:00,Treadmill,3.0,40.0,45.53333333333333,120.0,17402.52119048498,5.464450433158789,792394.7982067494,5.125811579960246,0.6009580247140728,4.787849427266066,27.363622058647447,5.322281594629965,0.6263958881100689,4.746452578242098,28.521892771945133,5.341715260099121,0.6136458320482715,4.822830207963644,27.941340219264628,5.34493478307556,5.638329058263098,5.161702674963901,256.731916452913,5.295434937815753,0.5198960164038839,5.20808885340615,23.672598613590186,5.2779058897991975,43.08447915841573,5.259901854953526,43.08447915841573,4.996776349028208,0.0,5.969791779443874
p06,10,2019-11-20 14:08:52+01:00,Run,6.0,40.0,40.13333333333333,240.0,130861.74773523428,5.556531158742378,5251918.142440735,5.390862822833327,0.735459778939881,5.687052689537841,29.51645246145389,5.4067171983642,0.7418484515281798,5.572825316066327,29.772851187997617,5.388946955882836,0.7348938194518206,5.674310033691267,29.4937386206664,5.4055462334274536,7.580282861896836,6.001311805881676,304.22201885745966,5.489558513527464,0.7032643850000835,5.9639644055745595,28.224343984670018,5.476650411831254,70.78310688191873,5.708526045491811,70.78310688191873,5.416915272970642,0.0,5.969791779443874
p06,11,2019-11-24 16:20:14+01:00,Run,5.0,30.0,32.233333333333334,150.0,334554.81497496343,5.721843456375426,10783816.869359655,5.49168932671619,0.79803706776667,6.105409331657938,25.723394817678997,5.253531442581472,0.8204582213728853,6.135489052609325,26.446103335586,5.258739265696077,0.7919911217988601,6.075283295953857,25.528513825983257,5.24395400214025,7.622670807453416,6.019638352096914,245.7040890269151,5.245239097888803,0.7077393598293054,5.98241101169247,22.812798698497943,5.236269065312495,60.15751097900365,5.5364272899680005,60.15751097900365,5.278865910284038,0.0,5.969791779443874
p06,12,2019-11-30 08:53:06+01:00,Treadmill,9.0,20.0,16.166666666666668,180.0,565177.8313189605,5.909011440222518,9137041.606323196,5.4684662012978675,0.8329930470869211,6.339105396230479,13.466720927905223,4.54524572180881,0.8593784896686913,6.414067957366787,13.893285582977178,4.563007321645741,0.8266438409128949,6.3186365413483685,13.364075428091802,4.5322934259000975,7.783643892339543,6.089235513290706,125.83557625948929,4.481577627951945,0.7246659581960848,6.052185324376667,11.715432990836703,4.499782518019542,32.77876645005314,5.092984126470313,32.77876645005314,4.767313470300351,0.0,5.969791779443874
p06,13,2019-12-01 13:03:23+01:00,Treadmill,9.0,30.0,24.65,270.0,1331142.1748662994,6.530649315544879,32812654.610454276,5.647636208943836,0.890103193983598,6.720911794919504,21.94104373169569,5.077395261471253,0.8973696260625039,6.685996431411251,22.12016128244072,5.063534462994236,0.8861461478056974,6.736499262111287,21.84350254341044,5.070469011673191,9.107505070993913,6.661610577818975,224.49999999999991,5.142082579307883,0.858634677814428,6.604427135164685,21.16534480812565,5.152111447928031,71.65053279941726,5.722575414795386,71.65053279941726,5.427266234148558,0.0,5.969791779443874
p06,14,2019-12-04 20:15:20+01:00,Treadmill,5.0,30.0,30.416666666666668,150.0,162969.92903821988,5.58258937120853,4957002.008245855,5.382763630605726,0.7500880652227637,5.784849203960473,22.81517865052573,5.120555135165821,0.761249728018657,5.711693484048515,23.15467922723415,5.113352325306325,0.7490554173879191,5.773761704608658,22.78376894554921,5.117260336041147,7.551345414607357,5.988800620021212,229.6867563609738,5.1681853453246065,0.6989689096950992,5.946257726975424,21.26030433655927,5.157129683668423,53.50333882773235,5.428652181942217,53.50333882773235,5.17960027662388,0.0,5.969791779443874
p06,15,2019-12-09 14:16:50+01:00,Run,4.0,40.0,40.35,160.0,750091.6120926051,6.059082929537019,30266196.54793662,5.636315045990573,0.8518633751673108,6.465261821978933,34.372687188000995,5.577154472470588,0.8763600683731924,6.535616698002326,35.361128758858314,5.578857671733604,0.8436932989227438,6.438368586769121,34.043024611532715,5.566853083855864,8.154259718775844,6.249472297171094,329.0243796526053,5.5792365882895805,0.7651465657664716,6.219053262580121,30.87366392867713,5.578515509267537,90.71532512988888,6.031360640995633,90.71532512988888,5.628078832455771,0.0,5.969791779443874
p06,16,2019-12-22 10:22:22+01:00,Treadmill,3.0,30.0,33.15,90.0,78769.95945968437,5.514254740971563,2611224.1560885366,5.292934350296725,0.7016191318686859,5.460813110589898,23.258674221446935,5.141850406727639,0.7134389455913457,5.36947910610619,23.65050104635311,5.136477362995256,0.7021161430666584,5.444124520728455,23.27515014265972,5.140982549672729,7.000519210799583,5.750649378008964,232.06721183800616,5.17996929498572,0.6395803960801217,5.701448189404435,21.202090130056035,5.154055838317225,46.7589736950614,5.319416252330738,46.7589736950614,5.065767390797793,0.0,5.969791779443874
p06,17,2019-12-24 10:31:03+01:00,Treadmill,5.0,40.0,39.516666666666666,200.0,60215.68029206328,5.499196543057962,2379522.9662080337,5.27991236939083,0.6837125378232219,5.341099669865361,27.018040452980987,5.308133150504714,0.7077553418504834,5.3287976777776125,27.96813192545827,5.320164568498856,0.6877894972134,5.343513779258641,27.179148298216187,5.3139752966107565,6.453547297297295,5.51416454913571,255.02267736486476,5.2877972247242155,0.5958367912988751,5.521129622625483,23.54548386949388,5.271842467253027,51.64509351570342,5.398554885886529,51.64509351570342,5.149707091574471,0.0,5.969791779443874
p06,18,2019-12-29 17:04:49+01:00,Treadmill,3.0,30.0,30.05,90.0,1573.4805527067026,5.451603971997308,47283.09060883641,4.730763547150158,0.440736357144637,3.7166972553532336,13.244127532196345,4.527349331023083,0.444435370047037,3.444037048990414,13.35528286991346,4.521134075220841,0.4466719482861043,3.6502343035576232,13.422492045997434,4.537001493238154,4.75846751804553,4.781292089641152,142.99194891726816,4.627200388224517,0.4296110932944309,4.835919069542705,12.909813353497649,4.605169318290788,19.150600712639463,4.872253883676335,19.150600712639463,4.322134755733015,0.0,5.969791779443874
p06,19,2020-01-02 19:11:06+01:00,Treadmill,4.0,30.0,30.366666666666667,120.0,28472.094698629942,5.473434227527675,864602.6090150627,5.138033492528511,0.6337786502140745,5.007269714304515,19.24574501150073,4.933146757884432,0.6397040531124091,4.841708191654276,19.425679746180155,4.922510954988999,0.6358892312063156,4.979037383392,19.30983632096512,4.9340954054119734,6.601429356789444,5.578101769071737,200.46340480117277,5.0127057890682005,0.5934754461392592,5.511395756909987,18.021871047762172,4.972580872165117,36.81864729201628,5.158416547552278,36.81864729201628,4.864665312930596,0.0,5.969791779443874
p06,20,2020-01-03 14:11:48+01:00,Run,7.0,40.0,38.03333333333333,280.0,171258.48226122858,5.589316157720791,6513530.94200206,5.421034025672745,0.7533952857566839,5.80695942482912,28.654134034945876,5.3736342915499415,0.763019704004295,5.7243624093441605,29.020182742296683,5.360764432389951,0.7522432783399803,5.796148874458089,28.610319352863915,5.371443444858155,7.656578947368419,6.034298630746078,291.20521929824554,5.439531730646966,0.7168480567252103,6.019958606997135,27.264121090782165,5.437433141103479,70.52134001567195,5.704286306626335,70.52134001567195,5.413767039664303,0.0,5.969791779443874
p06,21,2020-01-05 19:11:27+01:00,Treadmill,3.0,30.0,30.133333333333333,90.0,21160.943529337223,5.467500676550626,637649.7650173616,5.095362616035642,0.6139941650140965,4.875001746971385,18.50169083909144,4.889931542628868,0.6206289497048331,4.705174666884344,18.701619017772305,4.881434779343742,0.6174702495944143,4.8496876796251,18.60643685444502,4.8932077176884885,6.375623268698059,5.480473878529956,192.11878116343485,4.964149143565372,0.5805010601695603,5.457913134830884,17.49243194644275,4.939445366843404,34.77153791007734,5.125260291632912,34.77153791007734,4.816709127321603,0.0,5.969791779443874
p06,22,2020-01-06 06:06:24+01:00,Run,7.0,40.0,40.35,280.0,134901.06234354066,5.559809367410992,5443257.865561866,5.395877762094301,0.7374864611473079,5.7006019496422615,29.75757870729387,5.415800856435245,0.7413357428063383,5.569155510064358,29.912897222235753,5.394114622848494,0.737723062990842,5.69417876592456,29.767125591680475,5.415899874847471,7.714108398841538,6.059171649178927,311.2642738932561,5.515741422627332,0.7187743258632218,6.027899015473614,29.002544048581,5.507499545568521,74.78442428789074,5.773333869195574,74.78442428789074,5.463659725854743,0.0,5.969791779443874
p06,23,2020-01-07 19:22:55+01:00,Treadmill,6.0,40.0,37.06666666666667,240.0,341237.1508871815,5.72726667631204,12648523.726218196,5.514041324833392,0.7993555314463037,6.114223840054037,29.62944503227633,5.410982733907505,0.8324144887829881,6.221068212927001,30.85483038422276,5.428275111894031,0.7903096547857262,6.06347497426564,29.29414453739092,5.39792846535097,7.329581269698331,5.892920274861926,271.6831457301515,5.360162724367952,0.6777894250838822,5.8589522950314885,25.123394689775903,5.34497780055577,63.88683883850008,5.596829801923451,63.88683883850008,5.3298747424078,0.0,5.969791779443874
p06,24,2020-01-14 20:01:15+01:00,Treadmill,3.0,20.0,20.1,60.0,134089.67127060413,5.5591508623162245,2695202.392539143,5.297370466395024,0.7370842695808536,5.697913122491303,14.815393818575158,4.648117992449411,0.7556096911557654,5.671323893579238,15.187754792230884,4.657861237680398,0.7375779512539699,5.6931596998017415,14.825316820204796,4.644676947843271,7.085619285120531,5.787442631951438,142.42094763092268,4.622639535521479,0.6583565152052228,5.778846540711792,13.232965955624978,4.632128418413587,32.3557055797818,5.086131969664261,32.3557055797818,4.756452354376576,0.0,5.969791779443874
p06,25,2020-01-15 19:28:55+01:00,Treadmill,4.0,30.0,30.1,120.0,4694.525588881507,5.454136935602492,141305.22022533338,4.8841861415393595,0.5136101560336828,4.203890586565516,15.459665696613852,4.6942020089809295,0.5234881271925379,4.009871547773259,15.756992628495391,4.697194375713039,0.5216909104637758,4.177064762431212,15.702896404959652,4.707284575703824,5.251662971175167,4.994526516227374,158.07505543237252,4.741547640149898,0.4668233316260762,4.9893142347595365,14.051382281944894,4.697757671119987,22.89079920260366,4.932832463119422,22.89079920260366,4.468855764291209,0.0,5.969791779443874
p06,26,2020-01-19 19:38:30+01:00,Treadmill,4.0,30.0,30.066666666666663,120.0,6742.652148744842,5.455799144886501,202729.07460559488,4.934770305221832,0.5377472413591331,4.365257596172983,16.1682670568646,4.7428490699404,0.5423188634338784,4.144655970070126,16.30572049391194,4.733865408780344,0.5424118259408339,4.322580097383533,16.30851556662107,4.748600397431834,5.698668146503883,5.187790447671686,171.3399556048834,4.833482141677501,0.5070458524857628,5.155118295717142,15.245178631405269,4.7873539614616165,26.212749353828148,4.986636832508345,26.212749353828148,4.581048905586279,0.0,5.969791779443874
p06,27,2020-01-25 16:51:03+01:00,Treadmill,4.0,20.0,20.2,80.0,156816.97554540707,5.577595785059969,3167702.906017223,5.320008274478791,0.7475223095630283,5.767696001218202,15.099950653173172,4.668699230606219,0.763845955918835,5.730276457820314,15.429688309560468,4.674744714462551,0.7436632772169537,5.735894696080167,15.021998199782464,4.659005142936324,7.241721854304633,5.8549340121281706,146.2827814569536,4.653138364800057,0.6742425070017993,5.844331296413704,13.619698641436344,4.663598407574488,33.39472213938881,5.102960527658635,33.39472213938881,4.782885929088215,0.0,5.969791779443874
p06,28,2020-01-27 19:56:39+01:00,Treadmill,6.0,20.0,20.216666666666665,120.0,371588.10897951666,5.751898769517762,7512272.936535895,5.441026352778829,0.8050360857261943,6.15220083871395,16.27514619976456,4.750011801557357,0.8223710473893369,6.149180453002679,16.62560134138776,4.754709988947885,0.8030704186751193,6.15308910515037,16.235406964215326,4.743690267079152,7.906534325889163,6.142367534205745,159.84376895505923,4.754239836029261,0.7385796073801398,6.109539748916675,14.931617729201824,4.764474885389673,41.56043791882641,5.235217535777758,41.56043791882641,4.966457700188984,0.0,5.969791779443874
p06,29,2020-01-31 19:34:14+01:00,Treadmill,8.0,30.0,24.916666666666668,240.0,741867.8148926435,6.052408697424868,18484873.054408368,5.567213386674114,0.8511284239489662,6.4603483505008095,21.20728323006174,5.039877111502668,0.8593230535577727,6.4136711633121735,21.411466084481173,5.028102991704362,0.8476388197274383,6.4660765218790415,21.12033392487534,5.033151798275041,8.65127175368139,6.464356833508615,215.560854529228,5.095653743679527,0.8130170047867012,6.416383340848103,20.257673702601977,5.103029996570126,63.45949039204717,5.589908200868643,63.45949039204717,5.324180433529192,0.0,5.969791779443874
p07,5,2019-11-11 17:53:12+01:00,Treadmill,8.0,60.0,57.916666666666664,480.0,403763.5089927989,5.804116505741954,23384636.5624996,5.576160295488522,0.8105723074509975,6.1989211820749,46.94564613987027,5.9455793107328185,0.8259148440773064,6.20550603720264,47.83423471947733,5.936538067355259,0.8066154380057907,6.187732785780675,46.71647745116871,5.942283505604469,7.861383285302592,6.129926569143094,455.30511527377513,5.970747029120701,0.7387900368600164,6.119144627654789,42.78825630147595,5.970132201658009,120.80367315969016,6.611504520049115,120.80367315969016,5.871549068800572,0.0,5.977444840668364
p07,6,2019-11-13 08:23:15+01:00,Treadmill,4.0,60.0,57.18333333333333,240.0,112171.19446138176,5.581966477981801,6414322.803283346,5.394144578488387,0.7251854336835452,5.656294955730691,41.46852038280405,5.802700521026356,0.7315734776095971,5.571922667949703,41.83381002797546,5.784063109829277,0.7257444636809599,5.6486583615243635,41.50048758148956,5.805243784167548,7.391481913652275,5.929876973072325,422.6695740956826,5.883299375631359,0.6881006743045502,5.91253865889162,39.34789022564853,5.87169396481842,98.2842343467086,6.2225434328847955,98.2842343467086,5.695474023332607,0.0,5.977444840668364
p07,7,2019-11-14 16:49:17+01:00,Treadmill,7.0,50.0,50.2,350.0,860271.669582183,6.151907910020346,43185637.81302559,5.662476276629376,0.8610002342138945,6.519386312069427,43.22221175753751,5.85036108616247,0.8956497344655272,6.673835768485214,44.96161667016947,5.8660306833176925,0.8517882165979861,6.488848109479311,42.759768473218905,5.839810336017477,7.691616766467063,6.057652416377562,386.11916167664657,5.776981248882072,0.7164339373857863,6.028022874356256,35.96498365676648,5.7663486701442555,101.7874428893308,6.283051681541337,101.7874428893308,5.72534164039887,0.0,5.977444840668364
p07,8,2019-11-15 13:27:21+01:00,Treadmill,7.0,30.0,30.083333333333332,210.0,422297.9926320504,5.818237028985498,12704131.278347516,5.490305386320581,0.8135644324995902,6.217935878974211,24.474730011029337,5.200730258796645,0.8550459260639914,6.401146293075176,25.722631609091746,5.235335808239725,0.8052713175290519,6.178773069662767,24.225245468998978,5.187683427961853,6.704053303720153,5.637220207118579,201.68027022024793,5.0144254979388405,0.6215794846941469,5.641403372712059,18.699182831215587,5.009180916840419,49.058312379969536,5.372301635837378,49.058312379969536,5.1056409243812,0.0,5.977444840668364
p07,10,2019-11-17 10:04:25+01:00,Run,4.0,100.0,102.08333333333331,400.0,205380.11365549383,5.652977828262896,20965886.60233166,5.560797139326635,0.7655078502762253,5.912540439226836,78.14559304903132,6.5359418584305455,0.7882943138000792,5.9528518387468,80.47171120042474,6.531794273130782,0.7619170338421212,5.889779574620863,77.77903053804985,6.535812235548001,7.153997057381066,5.828773310822677,730.303866274317,6.526566961656988,0.6669310770154828,5.826252997842953,68.08254744533052,6.518628746300616,168.30818880861253,7.432013778981794,168.30818880861253,6.155191780177117,0.0,5.977444840668364
p07,12,2019-11-19 18:17:48+01:00,Treadmill,8.0,20.0,21.65,160.0,2103626.0868081925,7.099159276183176,45543504.77939737,5.669956462154811,0.9206115414434094,6.898211033741423,19.93123987224981,4.969348737723988,0.9382662450032494,6.960042268806948,20.313464204320347,4.9722959330736645,0.9158297121058906,6.915739619166943,19.82771326709253,4.960911106777469,8.891724671307037,6.568570485761773,192.50583913379737,4.959838924474369,0.8513799491068637,6.578052507335979,18.432375898163595,4.992775916136887,66.22613575494901,5.668828352139369,66.22613575494901,5.359622549549063,0.0,5.977444840668364
p07,13,2019-11-20 16:35:05+01:00,Treadmill,4.0,60.0,68.0,240.0,301254.57276112644,5.726019923991764,20485310.9477566,5.557534258365278,0.7910473961974562,6.074842053214075,53.79122294142702,6.102777353477457,0.802809558266961,6.050334182274279,54.59104996215335,6.087253118981608,0.7894987061249064,6.073635083102148,53.68591201649363,6.103672047604613,7.721540726202156,6.070391847285838,525.0647693817466,6.138391473065776,0.7165730225088568,6.02858977469084,48.726965530602264,6.123133163631463,134.28558808456444,6.84436735156928,134.28558808456444,5.961968702067166,0.0,5.977444840668364
p07,14,2019-11-21 14:26:48+01:00,Treadmill,7.0,50.0,52.05,350.0,751454.0936524895,6.069005081965975,39113185.57461207,5.6485391154268125,0.8519843600012371,6.462091208204492,44.34578593806439,5.879913373973575,0.8883859927469169,6.625053499118408,46.24049092247702,5.897949180055331,0.8429500404410057,6.429934082993579,43.875549604954344,5.869616664366269,7.387427838357919,5.928151044666906,384.51561898652966,5.772089826301477,0.6905560055416977,5.922546401410186,35.943440088445364,5.765647338764918,101.2954617493114,6.274554066628483,101.2954617493114,5.721209107285464,0.0,5.977444840668364
p07,15,2019-11-24 12:22:18+01:00,Run,3.0,90.0,85.11666666666666,270.0,244782.17614848108,5.682996346723133,20835042.893171545,5.559916241755229,0.7772082678079044,5.986895584599154,66.15337706158279,6.342409691782118,0.8299886474631012,6.2328651286753,70.64586704323429,6.382323908863992,0.7679826147632334,5.930211875209885,65.36812022659721,6.33287103162225,6.464537617554858,5.535251966205172,550.2398935475443,6.193477372349846,0.5917908696892908,5.519987254005558,50.37126619172013,6.162269082153567,110.8415363287304,6.439436130404516,110.8415363287304,5.79805445292228,0.0,5.977444840668364
p07,16,2019-11-25 16:41:14+01:00,Treadmill,3.0,50.0,46.516666666666666,150.0,50161.20621537537,5.534724078495401,2333332.1091185445,5.25185288246506,0.6715331481582425,5.315339303593508,31.237483608494248,5.478046311660401,0.6776912353951843,5.210057095684589,31.52393729979932,5.463826968447401,0.6734449212068744,5.300037042398874,31.326412918139773,5.481315776095581,6.854375896700143,5.701216560013536,318.842718794835,5.552018055296432,0.6405877837680908,5.718879747373802,29.79800840827902,5.546773855087512,67.51982225626197,5.691173212159168,67.51982225626197,5.376040230170293,0.0,5.977444840668364
p07,17,2019-11-26 16:06:20+01:00,Treadmill,6.0,40.0,42.483333333333334,240.0,765291.5949483386,6.079547202398552,32512137.925388586,5.622529286733403,0.853200814003267,6.4698216685846255,36.24681458157213,5.648170706377981,0.8864793843065432,6.612248984569518,37.66059917662297,5.664846814022793,0.8450535792079007,6.443955973531338,35.90069289001565,5.637988414289061,7.585298742138361,6.01238998663129,322.24877489517803,5.564500837155393,0.7055850695176792,5.983803717853327,29.975605703342737,5.553691114976179,85.04015624474127,5.993788575367619,85.04015624474127,5.572155974835787,0.0,5.977444840668364
p07,18,2019-11-27 16:03:14+01:00,Treadmill,4.0,60.0,60.583333333333336,240.0,52691.3236739128,5.5366516521509475,3192216.0259112176,5.295954133824579,0.6748137389871196,5.336187175673954,40.88246568696967,5.786333320049947,0.6891650902435961,5.287113893623425,41.75191838392453,5.781837487696642,0.6779528379265907,5.330086174742891,41.072642764385954,5.793266153755906,6.488436123348016,5.545426200031784,393.091088472834,5.798015386181806,0.6038535901538608,5.569153980945055,36.58346333682139,5.786310316608778,81.60786280405624,5.934505189167682,81.60786280405624,5.537092120595026,0.0,5.977444840668364
p07,19,2019-11-28 14:24:34+01:00,Treadmill,7.0,50.0,50.266666666666666,350.0,587198.4347339467,5.943866669977462,29516507.98595972,5.608927657344193,0.8355412060423377,6.357596381444416,41.99987129039484,5.817345910687919,0.8810294566889921,6.57564803599947,44.2864140229,5.848818672002021,0.8252901515418325,6.312215772805875,41.484584950836116,5.804800747510362,7.060445034872133,5.788945709875723,354.90503708623925,5.677913529112236,0.6543786261938129,5.775090167386655,32.89343227667566,5.661987691267022,85.52812475755108,6.002216883231802,85.52812475755108,5.577027091129059,0.0,5.977444840668364
p07,21,2019-12-01 09:38:16+01:00,Treadmill,5.0,110.0,103.68333333333334,550.0,98700.12947216902,5.571703527580925,10233558.424106058,5.459876014793833,0.7166561024796982,5.602091790768965,74.30529355877005,6.477357233808185,0.7253375378419376,5.530042972155765,75.2054137152449,6.454078115490493,0.7178437275784616,5.595993177245168,74.42843048776017,6.484360634317369,7.292149292149291,5.887588416351299,756.0743457743456,6.567378304861788,0.6765136085461736,5.865310664191304,70.1431859794291,6.553988149108476,168.44523010306216,7.434380788715838,168.44523010306216,6.15588867029031,0.0,5.977444840668364
p07,22,2019-12-02 17:13:14+01:00,Treadmill,4.0,60.0,60.45,240.0,30127.60251664573,5.519461448460174,1821213.5721312345,5.216985596768744,0.6375464705103702,5.099356895240343,38.53968414235188,5.718533496463731,0.6434685142532319,4.9802221062418255,38.89767168660787,5.701478103137102,0.6399315616201012,5.076641749155976,38.68386289993512,5.724068594824342,6.5885761589403975,5.588058494550125,398.27942880794706,5.813428375541398,0.6098487844870066,5.593589934973234,36.86535902223955,5.795299858165902,78.18781319975096,5.875433281413052,78.18781319975096,5.50067323061314,0.0,5.977444840668364
p07,23,2019-12-03 17:26:26+01:00,Treadmill,8.0,50.0,37.53333333333333,400.0,1449129.592666061,6.600530172819302,54390664.04473281,5.694936058198115,0.8957649102157383,6.740312832934163,33.62104296343071,5.56206438241845,0.9193731268886214,6.833158740626795,34.50713802921959,5.565889608357222,0.8894754411884029,6.740065793790793,33.384978225938056,5.554398695611619,8.30591373943975,6.319175086292499,311.7486290203053,5.52558666986718,0.7730846457814932,6.258926833276778,29.016443704998707,5.515850855744949,92.25331532621004,6.118375969463778,92.25331532621004,5.641497281284786,0.0,5.977444840668364
p07,24,2019-12-04 09:13:53+01:00,Treadmill,3.0,50.0,51.5,150.0,76536.44313206797,5.554818090995832,3941626.821301501,5.325626941255669,0.6997014858128439,5.494346662564555,36.03462651936146,5.641441540284216,0.7069376705447417,5.406472047200438,36.407290033054196,5.626519427529247,0.7011752858587499,5.484883713085485,36.11052722172562,5.644701056188818,7.169529983792545,5.83538609350833,369.23079416531607,5.724416891878858,0.6644717800215715,5.816229091202829,34.22029667111093,5.708184836614687,79.4209388827477,5.8967321206182355,79.4209388827477,5.51398254845828,0.0,5.977444840668364
p07,25,2019-12-05 08:17:33+01:00,Treadmill,3.0,60.0,56.21666666666667,180.0,34166.4914100659,5.522538481821754,1920726.2587692048,5.224471443662157,0.6459333772945233,5.152654965285396,36.31222136024045,5.650237237873299,0.6469154307804909,5.003371113603531,36.367429133709926,5.62527947401521,0.6464470752428254,5.1200732372050295,36.3410997465675,5.652033488872177,6.912462908011869,5.725945756076654,388.59562314540057,5.784495743249134,0.6435419989329945,5.730920902663769,36.17778604001651,5.77325438170487,79.86174614892123,5.904345848247272,79.86174614892123,5.518690788489851,0.0,5.977444840668364
p07,26,2019-12-06 08:07:13+01:00,Treadmill,8.0,60.0,68.15,480.0,1520484.5046198189,6.654892015986615,103621018.98984069,5.785630808657118,0.898969306338057,6.7606764942189335,61.26475822693859,6.2533836290467395,0.9189136139413634,6.830072716200397,62.62396279010392,6.244222063009856,0.8925043566091817,6.760256113620734,60.82417190291574,6.248912121527289,8.613502935420742,6.450124043082351,587.0102250489236,6.269572635955062,0.8062451934645227,6.394086691940867,54.945609934607226,6.264887085343178,178.51857958256275,7.608370069597653,178.51857958256275,6.205629233495329,0.0,5.977444840668364
p07,27,2019-12-08 10:42:31+01:00,Run,5.0,180.0,148.33333333333334,900.0,247254.2375482799,5.684879690286123,36676045.236328185,5.63948637856479,0.7778781592038081,5.991152686706085,115.3852602818982,6.99014002983693,0.7916551464849084,5.9754227191111235,117.42884672859476,6.966825306107815,0.7742507242726574,5.971994202592217,114.84719076711086,6.99232054639911,7.566341183228027,6.004319246192332,1122.3406088454908,7.032381782656429,0.7059523275195989,5.985300633408136,104.71626191540716,7.030457677969066,269.1318104393038,9.173463279877485,269.1318104393038,6.557593169515707,0.0,5.977444840668364
p07,28,2019-12-10 16:29:12+01:00,Treadmill,6.0,50.0,50.35,300.0,838463.073751103,6.135292999654584,42216615.76336804,5.6592829741076445,0.8592883880543637,6.5085076772085495,43.26517033853721,5.851504722788516,0.8750276570949557,6.535340792732307,44.057642534731016,5.842928658386796,0.8534105360797544,6.4996622606367,42.96922049161564,5.845463031422759,8.343718592964823,6.335269624707324,420.10623115577886,5.8761479131088725,0.7888563033735585,6.323210904559861,39.71891487485867,5.882705865818245,122.1432033928094,6.634641203875498,122.1432033928094,5.880969731576574,0.0,5.977444840668364
p07,29,2019-12-11 10:12:19+01:00,Treadmill,3.0,60.0,57.6,180.0,23129.838806716944,5.514130192027995,1332278.715266896,5.172997733498517,0.6199252524125111,4.987375572372493,35.70769453896064,5.630997635869239,0.6251098725354765,4.8569280464888935,36.006328658043444,5.61398607148004,0.6229709699566378,4.963584854981516,35.88312786950234,5.637424775513924,6.4513607411696565,5.529642217101704,371.5983786913722,5.731928731388267,0.5945462949692001,5.531218156913189,34.24586659022592,5.70905790509167,69.73629945991183,5.729456732009121,69.73629945991183,5.40346115926227,0.0,5.977444840668364
p07,33,2019-12-14 10:31:54+01:00,Treadmill,4.0,60.0,63.35,240.0,76771.51912227999,5.554997183979936,4863475.7363964375,5.355198668688313,0.6999059337062573,5.4956459113131295,44.3390409002914,5.879738159814103,0.7175791475846698,5.477938712664661,45.458638999488834,5.878539780938112,0.7023861029457508,5.492954847747878,44.49615962161331,5.885876136621746,6.565543071161048,5.57825269234457,415.9271535580524,5.864394851741108,0.6038885736177542,5.569296570870909,38.256341138684725,5.838700046171334,86.80891344402974,6.024338969135352,86.80891344402974,5.589682965267281,0.0,5.977444840668364
p07,35,2019-12-16 14:22:12+01:00,Treadmill,4.0,60.0,65.85,240.0,82703.19153395998,5.559516237210254,5446005.162511264,5.371117124208837,0.7048675647981076,5.527176649435891,46.41552914195538,5.932483751494752,0.7132990507338043,5.449194183249471,46.97074249082101,5.915789633290863,0.7061802295743079,5.518245956763453,46.501968117468174,5.9369496755426665,7.128042596348884,5.817723801800205,469.381604969574,6.006550334444991,0.6550238393271954,5.7777200068196395,43.133319819695814,5.979575101238911,100.7540492474554,6.2652026615124345,100.7540492474554,5.716638327950854,0.0,5.977444840668364
p07,36,2019-12-17 18:27:16+01:00,Treadmill,7.0,40.0,34.0,280.0,1472571.9487375384,6.618389765793866,50067446.25707631,5.683282187408146,0.8968347369957071,6.747111489950667,30.492381057854043,5.450503245576791,0.9185416518057112,6.827574670730368,31.23041616139418,5.453283428539145,0.890157746661763,6.744613945130494,30.265363386499946,5.441807476111924,8.540009818360332,6.418836055285504,290.36033382425126,5.442108919064091,0.8064292007681986,6.394836691651237,27.41859282611875,5.450044057436129,89.14917354473857,6.064760496535682,89.14917354473857,5.612338167933497,0.0,5.977444840668364
p07,37,2019-12-18 13:04:27+01:00,Treadmill,3.0,60.0,57.266666666666666,180.0,44480.87865450552,5.5303965127042325,2547271.650948016,5.264196794950916,0.6635209788435062,5.26442265788135,37.997634721771455,5.702274671703368,0.6683870900346552,5.14757176198359,38.27630068931792,5.68322273815362,0.6653967820929024,5.246389290589026,38.10505572118688,5.706674977319181,6.868375072801397,5.707176384124165,393.32894583576,5.7987264150763576,0.6403414462507423,5.717875694474956,36.67022015529251,5.789084119569962,81.96343043881328,5.940646637670201,81.96343043881328,5.540791546759955,0.0,5.977444840668364
p07,38,2019-12-19 13:54:36+01:00,Treadmill,8.0,50.0,40.6,400.0,1297085.5823179183,6.484695223006296,52661674.64210749,5.690390460074115,0.8883753630631064,6.6933528974205885,36.06803974036212,5.6425037346145315,0.9090355581212196,6.763733080444354,36.90684365972152,5.6419479756925695,0.88198241267587,6.690118330376968,35.808485954640325,5.635026615337926,8.416187345932618,6.3661215132813975,341.69720624486433,5.633349796126227,0.7898577663502924,6.327292791134429,32.06822531382187,5.6323354015184,102.35660163640048,6.292882326384125,102.35660163640048,5.730097841838159,0.0,5.977444840668364
p07,39,2019-12-20 10:40:32+01:00,Treadmill,5.0,50.0,45.516666666666666,250.0,27264.677903159412,5.517280325190916,1240997.2558921392,5.163010729132231,0.6308898195817144,5.0570544520879634,28.716001621294367,5.38211739566159,0.635526307370652,4.926883360107687,28.927039090487508,5.367048384907962,0.6330169181826757,5.030549718472684,28.812820059281453,5.385490644709358,6.591611479028696,5.589350711585961,300.0281824871228,5.480576073672321,0.6074523648628005,5.5838223116877685,27.64920680733847,5.459766971111071,57.692680987760006,5.52143649788055,57.692680987760006,5.2427003544433814,0.0,5.977444840668364
p07,40,2019-12-21 09:49:39+01:00,Treadmill,8.0,50.0,49.56666666666667,400.0,680679.797557057,6.01508558183247,33739028.632244796,5.627741463004709,0.845389818671502,6.420183466202242,41.90315534548411,5.81469369256815,0.8860909225562993,6.609640130004859,43.92057339470724,5.839385294894307,0.8372514478683669,6.391948074591757,41.49976343267539,5.805223613468522,6.866644044791311,5.70643943914997,340.35665648682266,5.62873107773709,0.6376230055619342,5.706795537934777,31.60484697568654,5.615358627745069,88.79674494164945,6.058673266132483,88.79674494164945,5.608964314456404,0.0,5.977444840668364
p07,42,2019-12-27 15:13:10+01:00,Treadmill,3.0,60.0,51.88333333333333,180.0,78875.17005171905,5.556599853491729,4092306.73951669,5.330905739577172,0.7017081170537288,5.5070986312204315,36.406956139804294,5.653223975270257,0.7087401185962016,5.418577035204171,36.77179981983292,5.637797336710022,0.7030265077624652,5.497223695263857,36.47535864440924,5.6562822247235225,7.188223938223937,5.8433446104622835,372.94901866151855,5.736192670303571,0.6676253049321567,5.82908261778757,34.63862623756339,5.722389423901352,81.2468944470726,5.928270458110204,81.2468944470726,5.533320179890375,0.0,5.977444840668364
p07,43,2019-12-28 11:13:28+01:00,Treadmill,7.0,60.0,47.016666666666666,420.0,1229990.051241399,6.433578395338244,57830032.24253311,5.703563833910567,0.8848344425929507,6.670850652898341,41.60196604257857,5.8063957838614195,0.91432894239074,6.799282705871723,42.98869910807129,5.815004984203588,0.8771663004787975,6.658014810771004,41.24143556084479,5.798006037886431,8.032280950691732,6.202682281284271,377.6510760316896,5.750917747979879,0.7514900888186337,6.170909069067552,35.332559009289426,5.745588557288339,108.2851823077858,6.395282177571984,108.2851823077858,5.778138750007221,0.0,5.977444840668364
p07,44,2019-12-30 10:38:25+01:00,Treadmill,3.0,60.0,72.23333333333333,180.0,331926.60307833256,5.749387454776577,23976164.96235822,5.579675383711361,0.7975112765595112,6.115919456023724,57.60689787681535,6.1820729258859854,0.8340553348846886,6.260176430331608,60.24659702317068,6.199932490613633,0.7910162972908655,6.083751130186728,57.13774387431019,6.176132052650618,6.543749999999998,5.568974798416323,472.6768749999999,6.014776968200427,0.6039293092371919,5.569462606143259,43.62382710389983,5.992871869789111,112.35057398486924,6.465500586636227,112.35057398486924,5.809598282897923,0.0,5.977444840668364
p07,45,2019-12-31 11:58:11+01:00,Treadmill,8.0,60.0,52.35,480.0,1516819.766902483,6.652100030241215,79405514.797345,5.74817750912725,0.8988084294916552,6.759654135720284,47.05262128388815,5.94820436995329,0.922391035418023,6.853426590518602,48.28717070413351,5.947275222055124,0.8920015778776776,6.756904662034097,46.69628260189643,5.941782378956988,8.377947737412363,6.349841888024049,438.5855640535372,5.926757601225334,0.7863973699888073,6.313188479962892,41.16790231891406,5.92477106654756,133.7278069659962,6.834733223823922,133.7278069659962,5.958410131097464,0.0,5.977444840668364
p07,46,2020-01-01 17:22:03+01:00,Treadmill,4.0,40.0,41.78333333333333,160.0,52902.932842838585,5.536812866903218,2210460.8772832723,5.244240957766033,0.675080937171538,5.337885197115656,28.20713182481743,5.361772705569707,0.6796991143461035,5.223541728761331,28.40009466109469,5.346388117809407,0.6767815612062983,5.322278610546864,28.278189565736497,5.364068768778008,7.008383233532934,5.766781607029959,292.83361277445107,5.4520699468288045,0.6539607765925998,5.773387044338669,27.324661115294127,5.4460611707336986,62.01256998334697,5.596050644978392,62.01256998334697,5.303870888231613,0.0,5.977444840668364
p07,47,2020-01-02 11:29:47+01:00,Treadmill,3.0,50.0,44.61666666666667,150.0,33186.36703430165,5.521791772644476,1480665.075847092,5.187856852125896,0.6439929626050295,5.140323797108768,28.732819348227732,5.382783808727146,0.6459013855716982,4.996560928379199,28.8179668195906,5.362801932222259,0.6448065767992319,5.109137907671081,28.769120101525733,5.383754124717387,6.842994241842609,5.696371084783553,305.3115930902111,5.501079284763535,0.6405349549717502,5.718664421236398,28.57853457432292,5.498170878093293,61.6033740161208,5.588982915200695,61.6033740161208,5.298259315074637,0.0,5.977444840668364
p07,48,2020-01-08 12:58:06+01:00,Treadmill,5.0,30.0,24.633333333333333,150.0,45108.82518248696,5.5308749146773675,1111180.726995262,5.147463318278883,0.6644555457779394,5.270361750232695,16.367754944329906,4.749529868678308,0.6691772797002618,5.152878564814936,16.48406698994978,4.741963184868914,0.6662490842115705,5.2520706154122925,16.411935774411685,4.748856306485883,6.887151597552684,5.715170053474216,169.65350101971444,4.811744557847713,0.6507823112090281,5.760431862291657,16.030937599449057,4.834087966271509,36.419974734076135,5.154009271115452,36.419974734076135,4.855009500947262,0.0,5.977444840668364
p07,49,2020-01-09 12:13:57+01:00,Treadmill,4.0,30.0,27.016666666666666,120.0,43794.889464200074,5.529873890844618,1183191.9303578052,5.1562989072454535,0.6624848273771655,5.257838004581679,17.89813175297309,4.8489965214886945,0.6645845923099095,5.122034721232271,17.954860402239387,4.835899856411463,0.6634475998961343,5.233396319015902,17.924142657193894,4.8474473378497285,6.981435643564355,5.755309296427072,188.61511963696364,4.935903715188966,0.6626177223405527,5.808672093757645,17.9017221319006,4.959467551916388,41.30265159781793,5.2383440237247525,41.30265159781793,4.960646682441398,0.0,5.977444840668364
p07,50,2020-01-14 13:26:42+01:00,Treadmill,3.0,50.0,42.35,150.0,81419.00910518148,5.558537880964272,3448095.035604436,5.30680384833129,0.7038242701212071,5.52054660164853,29.80695783963312,5.424584597876268,0.7091203096699451,5.421130345066868,30.031245114522175,5.409186775565389,0.704810136434345,5.509113110562832,29.848709277994512,5.4259254644595325,7.282111899133176,5.883315229381393,308.39743892829,5.512891480264544,0.675452475372396,5.860985566452796,28.605412332020975,5.499263547290288,67.77718508968154,5.69561844404589,67.77718508968154,5.379269332301676,0.0,5.977444840668364
p07,51,2020-01-17 09:45:56+01:00,Treadmill,3.0,60.0,59.61666666666667,180.0,18832.424648966044,5.510856200818812,1122726.3828225257,5.148917819472466,0.6062223585716633,4.90029486257739,36.14095627684733,5.644818404471998,0.6145328542437981,4.785894276926257,36.63640032716776,5.633620841488633,0.6113579898442921,4.886174379588732,36.44712549455055,5.6553900282158045,6.139938427092079,5.3970613993019105,366.0426625618061,5.714225379481721,0.568981926322139,5.427019743599836,33.92080584090485,5.697911461610881,67.25518364313126,5.686602311279984,67.25518364313126,5.3727071671433455,0.0,5.977444840668364
p07,52,2020-01-18 15:43:55+01:00,Treadmill,8.0,50.0,47.03333333333333,400.0,749864.516769171,6.067794060511848,35268627.77204334,5.633980371084668,0.8518431883257715,6.461194074369457,40.06502462425545,5.7631173571865935,0.8580931228008949,6.42161083845575,40.35897987573542,5.7433133930207525,0.8497425717022516,6.475212131260828,39.9662256223959,5.761717813989759,8.644909542390916,6.463494676618216,406.5989121437861,5.837729813791307,0.822719678714619,6.46123543505726,38.69524888887758,5.852075742584783,125.64083914871546,6.695053198038416,125.64083914871546,5.905092924575293,0.0,5.977444840668364
p07,53,2020-01-22 16:10:14+01:00,Treadmill,10.0,50.0,39.65,500.0,1479613.0145276596,6.623754011978646,58666656.026021704,5.705584903152871,0.8971527423252542,6.749132386422406,35.57210623319633,5.626638926715983,0.919548703627801,6.834337889351653,36.4601060988423,5.628160343913552,0.8906418870095688,6.747841155899644,35.3139508199294,5.619013845864554,8.448885149347914,6.380041843717247,334.99829617164477,5.61008648286003,0.7894851670656899,6.325774104919516,31.303086874154605,5.604172836205208,100.2518195967538,6.25652803189287,100.2518195967538,5.7123765466838465,0.0,5.977444840668364
p07,54,2020-01-23 19:01:13+01:00,Treadmill,3.0,30.0,38.81666666666667,90.0,23166.2855293709,5.5141579590165115,899237.9832984138,5.117684641153781,0.6200302193853224,4.988042628441351,24.067506349140267,5.181749770141025,0.6393280780299736,4.952415517989717,24.816584895530145,5.195219300863554,0.6253180516199094,4.979230167862607,24.272762370379485,5.18991128505028,5.668242372152986,5.196247758500364,220.02227474573843,5.116516043144541,0.5060188244250088,5.1703869510774165,19.641964034764097,5.065420399803735,38.52417609993019,5.190353536071266,38.52417609993019,4.902130718244213,0.0,5.977444840668364
p07,55,2020-01-27 16:27:13+01:00,Treadmill,5.0,60.0,57.96666666666667,300.0,192580.2038895767,5.643226198442353,11163232.485465797,5.4721112593266525,0.7612178659680237,5.885277958548891,44.125262297279775,5.874171339010727,0.7717306396592938,5.8416125291813765,44.73465274558373,5.860273379973101,0.7598776002075736,5.876184999786921,44.04757155869901,5.874145915134515,7.618798955613574,6.026651924515115,441.6363794604002,5.934907798009671,0.7117417159071399,6.008897738127007,41.25729479875054,5.927318651203446,106.15017384736316,6.35840580517356,106.15017384736316,5.761145282916058,0.0,5.977444840668364
p07,56,2020-01-28 14:06:25+01:00,Treadmill,3.0,60.0,68.55,180.0,83957.11122713529,5.5604715377472225,5755259.974620124,5.378888838064867,0.7058707577870289,5.533551854451076,48.38744044630083,5.980476786889055,0.7153332536373131,5.462855604295248,49.036094536837815,5.964814348284811,0.7072622089743589,5.525458277710606,48.4828244251923,5.985313770546612,7.0681137724550895,5.792210496804212,484.51919910179635,6.043876091584651,0.6506611218167011,5.759937903588229,44.60281990053486,6.018979129064499,101.9933299502868,6.286607811679729,101.9933299502868,5.727065178622827,0.0,5.977444840668364
p07,57,2020-01-29 16:48:05+01:00,Treadmill,9.0,60.0,45.38333333333333,540.0,1666154.668788916,6.765871041843294,75615652.71853697,5.7412961210918185,0.9050685957205612,6.7994369527646255,41.07502976911814,5.7917363330391565,0.9251285260476412,6.871811193173318,41.98541627379545,5.7881722032077905,0.8992156320463146,6.80499252210972,40.80940276770191,5.785836003037928,8.596691176470586,6.442966827142746,390.14650122549006,5.789177392846668,0.8003331325327645,6.369989583304786,36.3217853314453,5.777904957020551,118.48879361562044,6.571521371641493,118.48879361562044,5.855022051840663,0.0,5.977444840668364
p07,58,2020-01-30 09:21:14+01:00,Treadmill,4.0,50.0,46.53333333333333,200.0,271739.07600356906,5.703533499976842,12644925.00336608,5.48964808605965,0.7841731736984365,6.031156961476762,36.49019168276725,5.655841936175924,0.7937946389516158,5.98979125007799,36.93791053254852,5.642900739115297,0.7770103322676746,5.9903893573867135,36.15688079485579,5.646178797246499,7.740674318507891,6.078537529854718,360.1993782879005,5.695314188643994,0.7331531486500161,6.09616910200752,34.116059850514084,5.704619166454343,91.43016021697284,6.1041582392240175,91.43016021697284,5.633860545219843,0.0,5.977444840668364
p07,59,2020-02-01 14:30:29+01:00,Treadmill,6.0,60.0,64.81666666666666,360.0,631155.2694859264,5.977355248289593,40909380.71717946,5.654856991331487,0.8403538120112833,6.388180077750276,54.46893291519801,6.117256740780527,0.8514528280903776,6.3770155516473706,55.188334140724635,6.0996821276838435,0.835054506506561,6.377303575627476,54.12544959673359,6.113148905952212,8.34264287561417,6.33481166302756,540.7423023877251,6.17299691724684,0.7842656852680921,6.3044998959165035,50.83348750012683,6.173044961620365,152.2883843283143,7.15531591725601,152.2883843283143,6.069576486713478,0.0,5.977444840668364
p07,60,2020-02-02 18:58:06+01:00,Treadmill,4.0,40.0,45.06666666666667,160.0,29430.401588897857,5.518930284922128,1326330.098272997,5.172368054697663,0.6359855657797798,5.089437480156127,28.661749497808746,5.379965047329184,0.6453032147055563,4.992543696840701,29.08166487606374,5.37304190124102,0.6403233024797129,5.079253038065451,28.8572368317524,5.3872530425796965,6.376156978896704,5.497625961833349,287.35214118227816,5.429878954884671,0.5986191943397733,5.547818983550364,26.97777169157912,5.431237049652983,57.35116521378508,5.515537756449548,57.35116521378508,5.237673921074568,0.0,5.977444840668364
p07,61,2020-02-03 16:44:45+01:00,Treadmill,8.0,30.0,23.433333333333337,240.0,330376.0856985077,5.74820619086184,7741812.941535032,5.42061260314034,0.7971991292108187,6.1139357865156265,18.68103292784019,4.896808112225738,0.8409897422316923,6.306746936305684,19.707192959629328,4.938733972102113,0.7855807348368348,6.04751844318278,18.4087752196765,4.877382194754195,6.858161083392728,5.702828015341373,160.7095747208363,4.7483066873740425,0.6331176686228661,5.6884321288095965,14.836057368062498,4.746578430188334,34.639211195794886,5.1232515010135975,34.639211195794886,4.81301291678457,0.0,5.977444840668364
p08,1,2019-11-11 14:47:47+01:00,Treadmill,5.0,60.0,64.03333333333333,300.0,755.2991389730732,5.244767593451091,48364.32153224246,5.138013764368243,0.6061498892414564,4.812682333398584,38.813797907761256,5.734798698493371,0.6256617637668616,4.579663812588855,40.0632082732047,5.713279401740465,0.6130248275764347,4.767833421486675,39.25402312581104,5.7416038118199735,6.221005994266353,5.20089134100226,398.3517504995221,5.787049633192396,0.5783127194823818,5.249827196012995,37.03129113752185,5.773632625821415,75.65269796861513,5.752191261445447,75.65269796861513,5.442554123462773,0.0,5.907291779443874
p08,2,2019-11-12 07:09:01+01:00,Treadmill,8.0,40.0,41.03333333333333,320.0,4184.1187115669,5.657454014449044,171688.33779796178,5.469400782172386,0.7756486512958113,5.982072731756667,31.827449658171457,5.510541468443366,0.8225765349368913,6.090401914370127,33.75305715024377,5.5237226475575,0.7787349604781469,5.982635623879535,31.95409121161996,5.5084718552923,7.419748069890286,5.825111004193229,304.45699580116474,5.4789593530503,0.6989242067054148,5.845683704364595,28.67918994847885,5.482358213550372,77.81806691648455,5.788567775391592,77.81806691648455,5.466705831759752,0.0,5.907291779443874
p08,3,2019-11-12 17:46:42+01:00,Run,8.0,60.0,65.05,480.0,4931.496189620151,5.747406993899331,320793.82713479083,5.632913634851837,0.7919205651220117,6.094334435385906,51.51443276118686,6.056600185025249,0.8764560410992235,6.503767668401395,57.01346547350448,6.105881666210733,0.7936315854859399,6.091841093399139,51.62573463586039,6.053847564749486,6.955105182144688,5.583158016314937,452.42959209851193,5.933026338432638,0.6409772020785083,5.559408320142082,41.69556699520696,5.9095250811304725,107.29085523830894,6.283687693166123,107.29085523830894,5.742125138583648,0.0,5.907291779443874
p08,4,2019-11-14 18:53:51+01:00,Treadmill,6.0,60.0,63.333333333333336,360.0,4850.895409223946,5.7377060321289255,307223.3759175166,5.6216075852781895,0.7902889690445362,6.083077876554008,50.05163470615396,6.023765652292823,0.8278637648941326,6.130965756797096,52.4313717766284,6.012404621894225,0.7923969459158211,6.0827900906470544,50.18513990800201,6.021508799869828,7.639547130068454,5.939566730828748,483.8379849043354,6.010010262578195,0.7234381749841583,5.966789976086487,45.81775108233003,6.017791108942251,131.0441000142652,6.682723728438058,131.0441000142652,5.914059511645339,0.0,5.907291779443874
p08,6,2019-11-16 12:01:45+01:00,Treadmill,5.0,60.0,70.76666666666667,300.0,871.8717264374266,5.258798055797858,61699.45584088855,5.201708804232609,0.6203606247899942,4.910723743864679,43.90085354763859,5.8745532164222105,0.6825320108830105,5.015974652377999,48.300515303487714,5.920988008754344,0.6371832399091011,4.94493600413589,45.09133394423405,5.899377051490667,5.720518867924526,4.940273221567432,404.8220518867923,5.805523719393682,0.5151126466524266,4.937600097325562,36.452804961436726,5.755627704826354,69.8528195024651,5.654757814772332,69.8528195024651,5.374340488756035,0.0,5.907291779443874
p08,7,2019-11-17 10:11:29+01:00,Run,2.0,100.0,104.98333333333332,200.0,437.2941483680229,5.206493097329673,45908.59734283626,5.1243835216423115,0.55204020564885,4.439373739964158,57.9550209230351,6.191058823942568,0.5621238740930341,4.092198548979238,59.01363804853369,6.144392538834795,0.5570035033011782,4.357147442790903,58.476084454902015,6.196420840385525,5.8939345824071125,5.0305757988170035,618.7648989097066,6.292228595834272,0.5397734459929286,5.059431758028149,56.667215605157615,6.262622960637792,103.6461938038161,6.222460216143671,103.6461938038161,5.712443697891345,0.0,5.907291779443874
p08,8,2019-11-18 17:43:23+01:00,Run,4.0,50.0,50.53333333333333,200.0,2446.653557443075,5.4483359022581475,123637.55976945674,5.383520233234919,0.7225224232606736,5.615549105198559,36.511466455439376,5.665566218330277,0.7323022158035133,5.397813680806909,37.00567197193754,5.625369316165557,0.7240619486349762,5.581833970803023,36.589263804354125,5.6618037677787925,7.527896995708152,5.881427277244174,380.4097281831186,5.734211407793172,0.7058447830045795,5.879873403242744,35.66868970116475,5.730773656957931,91.0400528225574,6.010686853612067,91.0400528225574,5.6011577053057096,0.0,5.907291779443874
p08,9,2019-11-19 17:44:27+01:00,Treadmill,2.0,40.0,51.916666666666664,80.0,637.2659099134621,5.23056133096683,33084.72182300724,5.038699632333476,0.5893254464814216,4.696608672547889,30.59581276316047,5.466095951204751,0.609307597920334,4.454193989678182,31.633219458697337,5.452218615624854,0.597067731788183,4.650853760871353,30.99776640866983,5.4741601892587815,6.09166934705693,5.133542008730517,316.2591669347056,5.522534867256607,0.5561487498537265,5.140330614400332,28.8733892632393,5.490019361480752,55.23439808958135,5.4091797062843465,55.23439808958135,5.174003250716139,0.0,5.907291779443874
p08,11,2019-11-23 14:36:26+01:00,Treadmill,7.0,50.0,56.166666666666664,350.0,213.7791895292068,5.179591247742727,12007.264478557116,4.773594250751827,0.48118254036579,3.950518998915904,27.026419350545204,5.326767148146146,0.5440561371643646,3.953582139306585,30.557819704065142,5.414147796378903,0.5144488320090963,4.045183970778075,28.894876064510907,5.394957235416476,4.437908496732025,4.2723809116271925,249.26252723311535,5.249876367655403,0.3916033954966953,4.327427775955488,21.99505738039772,5.182621865459108,33.4386479460924,5.043028058159237,33.4386479460924,4.748882710076811,0.0,5.907291779443874
p08,14,2019-11-30 16:19:57+01:00,Treadmill,7.0,60.0,60.6,420.0,2535.824339369574,5.459068333659605,153670.95496579618,5.440401165580304,0.7260667372621737,5.6400017130635725,43.99964427808773,5.877107619001923,0.8085725657889062,5.982962895741288,48.99949748680772,5.936982853714921,0.7354966847688085,5.665660725364857,44.5710990969898,5.886151636780635,5.97908064960088,5.074913818201253,362.3322873658134,5.678398435375421,0.5448329513442254,5.084427214613765,33.01687685146006,5.642595465304843,78.38317214629997,5.7980611036734295,78.38317214629997,5.472899641973745,0.0,5.907291779443874
p08,15,2019-12-01 09:37:30+01:00,Treadmill,7.0,110.0,110.28333333333332,770.0,739.2530873656286,5.2428363201750185,81527.2946516394,5.274598259263823,0.6040237955517194,4.798014181745708,66.61375758609545,6.350331730415014,0.618495307543983,4.524682470121144,68.20972416697558,6.306369336052812,0.6092590800138418,4.740227152922478,67.1911222075265,6.3557379631427695,6.289863842662631,5.236747613846948,693.6671507816437,6.42337193127908,0.5774371230402405,5.245501489973282,63.68169071928785,6.397462353707079,126.7864886613729,6.61119916958256,126.7864886613729,5.885644279179136,0.0,5.907291779443874
p08,16,2019-12-02 19:06:29+01:00,Treadmill,6.0,50.0,56.06666666666667,300.0,955.0820231437724,5.268813094154613,53548.26543092751,5.16464680974865,0.629385863851606,4.9729898499625556,35.287567433280046,5.627012186547808,0.6423485284759006,4.707685347446882,36.014340829882165,5.595341554796623,0.6335433257540652,4.9182522060202905,35.520662463944596,5.628201699373586,6.49108734402852,5.341530509853452,363.9336304218657,5.683453350146498,0.5885336598545703,5.300321671974312,32.997120529179575,5.641913043327009,68.29838435819752,5.6286445134989105,68.29838435819752,5.355108234853045,0.0,5.907291779443874
p08,17,2019-12-03 17:58:14+01:00,Treadmill,8.0,50.0,52.21666666666667,400.0,4224.398291741896,5.6623019906781185,220583.99746712268,5.534949891488001,0.7765972389597392,5.988617141242339,40.55131916101438,5.7844456938424225,0.8553533635324908,6.3418670712027225,44.66370146578823,5.833925817709728,0.7792207801085707,5.986197112526427,40.6883117346692,5.782395262486723,7.118698149329926,5.668345604999208,371.7146883641777,5.707704042587666,0.6620378862723056,5.6634543445809165,34.56941162818556,5.695020041871289,88.2346812195636,5.963558792899441,88.2346812195636,5.574321296704385,0.0,5.907291779443874
p08,18,2019-12-05 18:08:35+01:00,Treadmill,8.0,20.0,21.05,160.0,2869.979583629823,5.499286644624022,60413.07023540778,5.196197659428944,0.7383227915852012,5.724557565114618,15.541694762868486,4.713947398830378,0.8088903678669146,5.9854010861584905,17.027142243598554,4.777982762359926,0.7454113653014124,5.738344124600151,15.690909239594731,4.715905011502113,6.758128469468675,5.480586545985018,142.25860428231562,4.608647249481347,0.6292234554962077,5.501341327023687,13.245153738195173,4.620117293524184,32.1094831940174,5.0206991242433086,32.1094831940174,4.714758850937503,0.0,5.907291779443874
p08,20,2019-12-08 10:56:52+01:00,Run,7.0,120.0,129.2,840.0,2002.638357822001,5.394895049007974,258740.87583060248,5.576683205489725,0.7026951256535695,5.478758422091974,90.78821023444117,6.705603972947802,0.7227486461684923,5.324518307535066,93.3791250849692,6.658770888513347,0.7059552570151827,5.4490958667860525,91.2094192063616,6.707307179868575,7.217649335569602,5.719872349077768,932.5202941555924,6.76306771870391,0.6729305548782147,5.717267357185147,86.94262769026534,6.758328010813601,209.26124712384055,7.996710957015761,209.26124712384055,6.31738917067956,0.0,5.907291779443874
p08,21,2019-12-10 16:39:00+01:00,Treadmill,7.0,60.0,74.26666666666667,420.0,2467.93870191987,5.450897743121622,183285.580929249,5.486498272688078,0.7233800542147812,5.621465994448443,53.72302535968442,6.104481446803645,0.7846846548266182,5.799693875097194,58.27591369845685,6.130340048064124,0.7297175953940035,5.62329487617142,54.19369341792799,6.109357374847935,6.860094318437007,5.53368311212237,509.47633804925505,6.069240666901287,0.6409732532502932,5.559388811759867,47.60294694138844,6.0617492329930664,114.20897006718282,6.399906640889179,114.20897006718282,5.795814215758903,0.0,5.907291779443874
p08,23,2019-12-17 17:53:56+01:00,Treadmill,6.0,60.0,66.06666666666666,360.0,4021.496535806643,5.637881108302038,265686.8711322922,5.583612587081708,0.7717237014777758,5.954994075985859,50.985212544298385,6.044827910195968,0.8641216596254717,6.409137794047217,57.08963764592283,6.10737242931931,0.7750722252519555,5.955784527077878,51.20643834831253,6.044527362810909,6.759848484848484,5.481482207731528,446.6006565656565,5.918154156751261,0.6245458639538619,5.478232637892252,41.26166341188514,5.897526169413087,102.08409406223574,6.196218155597463,102.08409406223574,5.699404414481612,0.0,5.907291779443874
p08,24,2019-12-18 14:03:41+01:00,Treadmill,3.0,50.0,51.18333333333333,150.0,1114.4545270808326,5.2879948757744355,57041.497544420614,5.181176741994414,0.6446653812683062,5.078404902804679,32.99612309791614,5.551199171136093,0.6589273497758156,4.834878736097131,33.72609818602549,5.522840980215686,0.6484516508779842,5.027543447765099,33.189916997438154,5.551365763220478,6.7387475538160455,5.470494342760467,344.91156229615126,5.621920767904466,0.6211403528420191,5.4614084032610775,31.79203372629734,5.599519012319241,68.30358921862103,5.628731951105314,68.30358921862103,5.355173349137806,0.0,5.907291779443874
p08,25,2019-12-21 07:40:00+01:00,Run,7.0,60.0,74.48333333333333,420.0,665.9852677900745,5.234017940089744,49604.802695897386,5.144638021863572,0.5936898564218224,4.726719211509622,44.219999472485405,5.882785131744724,0.6187126695132298,4.5263500799549234,46.0837820009104,5.868719535891217,0.6028161932595567,4.692995080376162,44.89975946128265,5.8945242884402465,5.976483762597984,5.07356154404382,445.14843225083985,5.914418755872281,0.5469341790159403,5.094807902328896,40.73748076703729,5.882865337818286,78.96925927987186,5.807906911617157,78.96925927987186,5.479277018400435,0.0,5.907291779443874
p08,26,2019-12-22 20:04:27+01:00,Run,4.0,40.0,44.3,160.0,884.24802430492,5.260287644259428,39172.18747670796,5.08287677690833,0.6217561974025531,4.920351951136273,27.543799544933098,5.348027434965553,0.6316401468237053,4.625530209595805,27.98165850429014,5.3173973969460455,0.6250680435025991,4.85612087243981,27.69051432716514,5.347047321772186,6.54764595103578,5.370982212045724,290.06071563088506,5.423467397698795,0.6054008241758065,5.383650464858355,26.81925651098823,5.406336434630082,55.984701136472715,5.421784213833018,55.984701136472715,5.185494307570406,0.0,5.907291779443874
p08,27,2019-12-23 12:12:19+01:00,Treadmill,7.0,80.0,81.8,560.0,5396.8292590582005,5.80341362677477,441460.6333909608,5.716430920366336,0.8008482065197597,6.1559272045836115,65.50938329331635,6.331191046201822,0.832047381783534,6.163062635058285,68.06147582989308,6.30393312827598,0.8023937115017685,6.15607524610473,65.63580560084466,6.328856183746555,7.891087089537016,6.070550861586659,645.4909239241279,6.340757016714977,0.7404250936593813,6.050710390986553,60.56677266133738,6.339485603768613,173.5923832164615,7.397501789152432,173.5923832164615,6.156221304292387,0.0,5.907291779443874
p08,28,2019-12-27 15:53:16+01:00,Run,5.0,50.0,51.45,250.0,2241.2470881415443,5.423613557185394,115312.16268488244,5.365285789055738,0.713840368881851,5.555650667560636,36.72708697897123,5.672227931315045,0.7251498111945656,5.342940142890532,37.3089577859604,5.63439962580378,0.7156802024563854,5.52038833957123,36.82174641638103,5.668987558480547,7.462884927066449,5.847573613127354,383.9654294975688,5.7448775093036755,0.6993847149105189,5.847958751439118,35.9833435821462,5.740810478107794,90.08735818542633,5.99468232478195,90.08735818542633,5.59213699192762,0.0,5.907291779443874
p08,29,2019-12-29 19:07:32+01:00,Treadmill,7.0,70.0,65.16666666666667,490.0,6592.301866484097,5.9472985123205175,429598.33829921373,5.709306181832429,0.820659194395387,6.292605365078482,53.47962416809939,6.099300306976789,0.8709834721833989,6.461781897975767,56.7590896039515,6.100889062996074,0.8203443545423704,6.287669375674497,53.45910710434448,6.093746538217392,7.858459175838235,6.053560563411736,512.1095896254584,6.075154754417329,0.7389190282791418,6.043269981457739,48.15289000952408,6.074965986994054,138.9157728049605,6.814961708174473,138.9157728049605,5.964261408619314,0.0,5.907291779443874
p08,30,2019-12-30 15:12:59+01:00,Run,6.0,50.0,56.15,300.0,1123.8883758773204,5.289130316474546,63106.33230551154,5.207606122775846,0.6454999718618231,5.0841628341003995,36.24482342004136,5.65727497966978,0.7244635216241683,5.337674901503642,40.67862673919705,5.730180286638175,0.6620792205726396,5.127445616621296,37.17574823515371,5.679841961335011,5.919465081723625,5.043870268084845,332.3779643387815,5.579498989145452,0.5468475950525887,5.094380151877677,30.705492462202855,5.5599377676631585,62.20474261150968,5.526276072222744,62.20474261150968,5.2753098973029795,0.0,5.907291779443874
p08,31,2019-12-31 11:57:23+01:00,Treadmill,9.0,30.0,31.766666666666666,270.0,4880.571310566668,5.74127776906513,155039.48196566783,5.44272028975097,0.7908928281022031,6.08724396588374,25.124028839379985,5.245069142809983,0.8784505443977558,6.519069578508583,27.905445627035377,5.31440580162789,0.7917957700590261,6.078382938579334,25.15271229554173,5.239142317286534,7.121514992109414,5.669812416490043,226.22679291600903,5.138883668812354,0.6621646681852765,5.664080684822002,21.034764292685615,5.1325129945664285,53.661351327332504,5.38275374430628,53.661351327332504,5.149405666010542,0.0,5.907291779443874
p08,32,2020-01-01 19:08:53+01:00,Run,5.0,40.0,41.56666666666667,200.0,1626.3813373726816,5.349609445651737,67603.2509234578,5.225611171325727,0.6820903749941143,5.336604005801886,28.35222325392202,5.380487815632455,0.7208841681036883,5.310213956288593,29.964751920843312,5.392593364204478,0.6876059600794512,5.3145792506953,28.581487740635858,5.382678913977101,6.908470493777598,5.558873985531776,287.1620901913555,5.411962869462613,0.643891374198565,5.573805194471155,26.764418120853687,5.40401859825385,60.68356942259632,5.5007215459257575,60.68356942259632,5.254188874480224,0.0,5.907291779443874
p08,33,2020-01-02 17:49:03+01:00,Run,5.0,40.0,46.43333333333333,200.0,1674.223749522518,5.355367670435519,77739.78943616225,5.262155246204269,0.6849608815564321,5.35640794284375,31.80501693360366,5.50974696024276,0.7086064423453474,5.2160187468782695,32.902959139568964,5.495586239378555,0.6892334576304725,5.3265102507780915,32.003406882641606,5.5102141332063015,7.053199137311286,5.634238375384917,327.503546609154,5.56256851623271,0.6551150114755364,5.629253290443094,30.419173699514072,5.549281653031502,69.79263678995385,5.65374679201654,69.79263678995385,5.373603763196498,0.0,5.907291779443874
p08,34,2020-01-04 13:53:53+01:00,Run,9.0,90.0,95.31666666666666,810.0,10339.66733403045,6.398324531692877,985542.6247220024,5.926500310514183,0.8652220767149047,6.60004953797984,82.47008427887566,6.5951939744716634,0.8797410267015627,6.528970211023105,83.85398219510395,6.537900843995217,0.864387111771346,6.61054183702813,82.39049820367212,6.590181196525509,8.854545454545454,6.572251492884731,843.9857575757575,6.64853350523606,0.8467029046612413,6.575754288851087,80.70489852929398,6.67190686854236,272.64490408658395,9.061507089670911,272.64490408658395,6.545820196785875,0.0,5.907291779443874
p08,35,2020-01-05 18:45:20+01:00,Treadmill,5.0,60.0,71.5,300.0,221.473813860344,5.180517358583181,15835.377691014595,4.8459751423610875,0.4846836000640568,3.9746731906374864,34.65487740458006,5.606568836569783,0.5900932848006097,4.306781001017933,42.1916698632436,5.770693590657244,0.5318451514701122,4.172714417014012,38.02692833011302,5.705534278635139,4.02822486587357,4.059046798084701,288.01807790996025,5.415372247775212,0.3535886547193573,4.139623685093153,25.281588812434048,5.339545023822739,37.34956028670252,5.1087283432955575,37.34956028670252,4.842137704701403,0.0,5.907291779443874
p08,36,2020-01-06 19:16:03+01:00,Treadmill,7.0,50.0,50.266666666666666,350.0,693.6297075895039,5.237345174048775,34866.45330149907,5.052419627738033,0.5977166589663867,4.754500560320816,30.045224057377037,5.445663775488593,0.7472130662117111,5.5122103292034605,37.55991012824201,5.641817822961156,0.6306829573867743,4.897283169719408,31.70232999130852,5.4995365306893875,4.529724344071735,4.320192078405631,227.6941436953392,5.146282526141237,0.402583046584115,4.381670507808805,20.23650780829485,5.089168169278897,34.86696012100349,5.067022591654891,34.86696012100349,4.784114079942784,0.0,5.907291779443874
p08,37,2020-01-07 18:46:39+01:00,Run,6.0,60.0,64.53333333333333,360.0,770.3638442758756,5.246580753689821,49714.14675060317,5.145213960747793,0.6081052404234195,4.826172513916083,39.24305818199134,5.74726281211234,0.6222261195791648,4.553305411196838,40.15432558350877,5.715797616026898,0.6131385874582069,4.76866738228618,39.56787684396962,5.750652736692753,6.342030483079307,5.26391229203158,409.2723671747179,5.81806013610799,0.5818220461911693,5.267164310474541,37.54691604753679,5.789451677689474,75.24309895187818,5.74531031657953,75.24309895187818,5.437908960032468,0.0,5.907291779443874
p08,39,2020-01-09 17:00:10+01:00,Treadmill,7.0,50.0,61.5,350.0,2353.638023472216,5.437140723567946,144748.73844354128,5.424755511085743,0.7186849015018654,5.589073625119233,44.19912144236472,5.882248391306337,0.8048260426117417,5.954219418147818,49.496801620622115,5.948227132526839,0.7290623650833061,5.618491457028779,44.83733545262333,5.892938653104811,6.2397613235692955,5.210657783324246,383.7453213995117,5.744220113052944,0.5780654142178482,5.248605434679852,35.55102297439766,5.726998185275849,82.08613018944527,5.860267918373992,82.08613018944527,5.51242622693111,0.0,5.907291779443874
p08,42,2020-01-31 16:55:07+01:00,Run,6.0,60.0,61.15,360.0,907.9014802851888,5.263134530742097,55518.17551943928,5.174096475399524,0.624369888200592,4.938384088282641,38.1802186634662,5.716154181919762,0.6615360970485687,4.854893150858648,40.45293233451998,5.724011326072168,0.6349610702554322,4.928645530269885,38.82786944611968,5.729203500425772,6.228089887640448,5.204580129129394,380.8476966292134,5.735530546837431,0.5703674636878531,5.2105752766088855,34.87797040451221,5.705166149727541,68.24540065556994,5.627754428509261,68.24540065556994,5.354445115232345,0.0,5.907291779443874
p08,43,2020-02-01 11:45:14+01:00,Treadmill,6.0,90.0,64.83333333333333,540.0,1257.5272568293983,5.305214846534716,81529.68381777265,5.2746059244647965,0.6566240175396076,5.160908835362205,42.57112380381789,5.839613013385506,0.8875907720270446,6.589193775167235,57.545468386420055,6.116252830640349,0.681005244374765,5.266190152002235,44.151840010297256,5.875382893063311,4.45124774890661,4.279327045969983,288.58922905411185,5.417641516986847,0.4003587619508295,4.370681882216959,25.956593066478774,5.369333738097927,44.864129103264546,5.234967254047417,44.864129103264546,4.997274437709877,0.0,5.907291779443874
p08,44,2020-02-02 18:57:10+01:00,Treadmill,4.0,50.0,47.15,200.0,835.1915968487223,5.254383302824941,39379.283791417256,5.084255985357292,0.6161050649340014,4.881364173476547,29.049353811638166,5.407769498343868,0.6313295472915803,4.623147277402407,29.76718815479801,5.385321346739561,0.6212341415468207,4.8280149717439205,29.291189773932594,5.410301497023106,6.441967445152158,5.315952358092475,303.7387650389242,5.476253440486064,0.6020224920525741,5.366960502489523,28.385360500278868,5.47067083285799,58.94912801724879,5.471584279487871,58.94912801724879,5.229461652126977,0.0,5.907291779443874
p08,45,2020-02-04 19:02:21+01:00,Treadmill,5.0,60.0,68.48333333333333,300.0,527.8826000870906,5.217396156861443,36151.16006263092,5.061884069371957,0.5706805852141886,4.567975746381568,39.08210874408502,5.742605091030009,0.6516203174794533,4.778818888298669,44.62513140871789,5.832965779070201,0.597527440218964,4.65422383127316,40.92067086432872,5.788871227557289,5.135444579780754,4.635608120947927,351.6923629719853,5.64423502015851,0.4659312562705231,4.694629446489895,31.908525533592993,5.60368455859015,56.282305138662934,5.426783729572242,56.282305138662934,5.190010323871364,0.0,5.907291779443874
p08,46,2020-02-06 18:13:58+01:00,Treadmill,8.0,70.0,68.98333333333333,560.0,538.3453288633942,5.218655431664666,37136.85526942648,5.068920395053388,0.5726237850949277,4.58138209375004,39.501497441798435,5.754702963839481,0.6692131251747067,4.913791621652332,46.16455208496851,5.870666836586484,0.6021244919109257,4.687924296188128,41.536554533655355,5.80586407483627,4.889211417513303,4.50738739295101,337.27410095145933,5.596257507060893,0.4418479070853195,4.575650560769237,30.48014145710229,5.551558844940655,53.61120233777588,5.381911280291181,53.61120233777588,5.148609895711414,0.0,5.907291779443874
p08,47,2020-02-09 10:44:31+01:00,Treadmill,7.0,120.0,138.53333333333333,840.0,599.7838282517199,5.226050056516527,83090.05300713827,5.279564707499763,0.5833236934703296,4.655201925622876,80.80977566875633,6.571842271262742,0.6344113714271805,4.646791157020865,87.88712198837874,6.590657199422353,0.6006574175611069,4.677169340410674,83.21107424613201,6.601590018190769,5.4799758015728965,4.815015491056235,759.1593143778986,6.526931567958786,0.4999796765092802,4.862838737872212,69.26385118575229,6.494700543220423,130.10567173817606,6.666958863376054,130.10567173817606,5.907875980830052,0.0,5.907291779443874
p08,48,2020-02-09 13:13:10+01:00,Treadmill,6.0,40.0,45.516666666666666,240.0,855.1238758292585,5.256782315284085,38922.38841482841,5.081203444568356,0.6184402319260311,4.897474744586008,28.149337889833184,5.372426237386928,0.6380003283663612,4.674325780053238,29.039648279475543,5.3581331015701466,0.624574537664955,4.852503037078954,28.4285510393832,5.376639658970503,6.386954928545253,5.287305749880465,290.7128984976181,5.426040093448309,0.5997099454033362,5.355535836369064,27.29679768160852,5.426329499210135,57.12222550846148,5.440893738435023,57.12222550846148,5.20263032878841,0.0,5.907291779443874
p08,49,2020-02-10 14:03:39+01:00,Treadmill,8.0,60.0,63.78333333333333,480.0,2582.2676608953348,5.4646581664676415,164705.6389707741,5.458540107186255,0.7278636861591168,5.652399058984904,46.42557211551566,5.938134648896519,0.8102866635458745,5.9961135231738725,51.68278435650103,5.99637466093327,0.7342860230211888,5.656785501311821,46.83521016836816,5.942645746775902,6.656462585034011,5.427646180054518,424.571371882086,5.860143004495027,0.6160867875792054,5.436442292473812,39.296068934426984,5.841580890949595,92.36015264321028,6.032863503731453,92.36015264321028,5.613504109800926,0.0,5.907291779443874
p08,50,2020-02-12 19:20:08+01:00,Treadmill,8.0,70.0,71.55,560.0,4507.289168152938,5.696350216560921,322496.53998134274,5.634298335647794,0.7830149683582107,6.032893754515929,56.024720986029976,6.152367122041271,0.8342245523211089,6.17976597562358,59.688766718575344,6.157102119379403,0.7863494541825422,6.038456614184892,56.263303446760894,6.152246546013325,7.273787313432833,5.749105017511275,520.4394822761192,6.093665181411202,0.6824535206683506,5.764313631760713,48.82954940382049,6.091026666638104,133.2691119356237,6.72010219794427,133.2691119356237,5.928546774366618,0.0,5.907291779443874
p08,51,2020-02-14 14:13:51+01:00,Treadmill,8.0,60.0,56.53333333333333,480.0,4124.09426385802,5.650229582258051,233148.7957167734,5.54944049250633,0.7742179903228888,5.972202446069833,43.76912371958731,5.87113836001085,0.8238335092305344,6.100045472073203,46.57405438849955,5.880488569538088,0.7776808542338607,5.974908090477129,43.96489095935426,5.870548799677888,7.2883707201889,5.756699019122264,412.0358913813458,5.825776650576594,0.6806238973867562,5.7552747502638475,38.47793766559795,5.8174861642416085,102.3546568994959,6.200763400800405,102.3546568994959,5.701676966177404,0.0,5.907291779443874
p08,53,2020-02-18 16:36:33+01:00,Run,5.0,70.0,82.31666666666666,350.0,888.2175620590036,5.260765410526817,73115.10898349031,5.246112652909308,0.6221996747824456,4.923411549823896,51.217403229174984,6.050007578623728,0.7530115808676562,5.55669676855193,61.98540329842256,6.199302781274602,0.6485043531769088,5.027929802345135,53.38271667234587,6.092111078678381,4.949820029642175,4.538948049925418,407.452685440045,5.812950654812405,0.4441189471493055,4.586870172051793,36.55839133284033,5.758934651954007,64.10644139762893,5.558223132552902,64.10644139762893,5.301010636819389,0.0,5.907291779443874
p08,55,2020-02-23 12:12:59+01:00,Treadmill,7.0,120.0,136.5,840.0,1020.1684965379108,5.276646782452212,139252.99977742485,5.414630904727,0.6359131767643301,5.018022491822032,86.80214862833107,6.6540018714513085,0.7780444587731293,5.74875002196877,106.20306862253216,6.803518828338879,0.6554237243142012,5.078654927897608,89.46533836888845,6.685058828005641,5.444023466145194,4.79629407035368,743.109203128819,6.502402112656686,0.4965770750332647,4.846028877704735,67.78277074204063,6.469675212711313,127.32367139342476,6.620223421622075,127.32367139342476,5.889281188507782,0.0,5.907291779443874
p08,56,2020-02-24 18:59:01+01:00,Treadmill,9.0,60.0,56.85,540.0,4322.380357986413,5.674094932063438,245727.3233515276,5.563184919424728,0.7788674790377924,6.004279774509193,44.2786161832985,5.884290749193594,0.847479550890445,6.281458861630905,48.17921246812181,5.9181891537986395,0.7811782068947696,6.000546786437482,44.40998106196765,5.882025058393978,7.234948604992656,5.72888057891494,411.3068281938326,5.823745932190985,0.6745619011114066,5.725326691273489,38.34884407818346,5.813638683513957,99.92915690964767,6.160016887697452,99.92915690964767,5.681088484038871,0.0,5.907291779443874
p08,60,2020-02-28 17:07:38+01:00,Run,5.0,70.0,92.63333333333334,350.0,632.0873679675113,5.229938051177265,58552.35985272381,5.1880147445967975,0.5885175866383614,4.691035159607478,54.516345775600215,6.121209849337872,0.6752940711963563,4.96044488588028,62.55474079515581,6.209526301337333,0.6131749843724033,4.768934203938857,56.80044271903029,6.163124522831943,5.197910940076964,4.668136161114174,481.4998167491295,6.00445355976566,0.4707153121324522,4.718264100926887,43.60392841386949,5.960889606179921,77.90533479051071,5.790033807792069,77.90533479051071,5.467665221138298,0.0,5.907291779443874
p08,61,2020-03-02 19:10:28+01:00,Treadmill,8.0,50.0,47.28333333333333,400.0,1774.9103193539895,5.367486120901221,83923.6762667878,5.282175894466622,0.6907430867649018,5.396300005594935,32.66063561920044,5.53967250386816,0.8244806185066116,6.105010120654806,38.98419191172095,5.683026247394608,0.7033635582577089,5.430096416943203,33.257373579618665,5.553662254439435,5.7873015873015845,4.975048914724634,273.6429100529099,5.356730369351412,0.5312360241027074,5.017254362533267,25.118610006323017,5.3322379282305965,51.482514268736594,5.346150976576384,51.482514268736594,5.114139851445424,0.0,5.907291779443874
p08,62,2020-03-03 18:53:54+01:00,Treadmill,4.0,50.0,51.166666666666664,200.0,490.0325100088227,5.212840589594591,25073.330095451427,4.966176799201375,0.5633140332535239,4.517153103033619,28.82290136813864,5.398977481028098,0.5890375220984,4.29868114679577,30.13908654736813,5.398971920797134,0.57434758009848,4.484294903980437,29.38745118170556,5.413998189341708,5.745436766623206,4.953248691978797,293.9748478922207,5.438821934697021,0.5252895758756518,4.987877145161635,26.877316632304183,5.408785468618083,49.350863168621686,5.310340896244373,49.350863168621686,5.078191345910752,0.0,5.907291779443874
p08,63,2020-03-05 15:07:45+01:00,Treadmill,5.0,40.0,41.733333333333334,200.0,315.41737159378135,5.191824232507579,13163.41830784714,4.797638636563831,0.5196927476226417,4.216205108118878,21.68851066745158,5.0811934393250295,0.5383545353397081,3.909839219125871,22.46732927484382,5.077613751796029,0.5294848274772262,4.155411149345889,22.097166800049575,5.0943857355459885,5.355823293172689,4.750365689773874,223.5163587684069,5.12509027179507,0.4853770073065631,4.790697222299532,20.256400438260567,5.090267987654347,34.59277588846635,5.062416509828275,34.59277588846635,4.777461045054337,0.0,5.907291779443874
p08,64,2020-03-08 15:04:30+01:00,Treadmill,4.0,60.0,70.53333333333333,240.0,707.1408753032227,5.23897135335895,49877.00307138731,5.146069416304222,0.5996267231586131,4.767678300969569,42.29367154012084,5.832188277352851,0.6210971059342049,4.54464357277437,43.80804920522591,5.812434981343645,0.6072588050466254,4.72556336385288,42.831987715955314,5.840817406296246,6.052034058656575,5.112902767913956,426.8701356039104,5.866335138784095,0.5524386297306216,5.122001520936537,38.96533801699984,5.831899992235416,76.60391751151977,5.768171009839993,76.60391751151977,5.453246618852684,0.0,5.907291779443874
p08,65,2020-03-10 15:18:59+01:00,Treadmill,7.0,60.0,61.233333333333334,420.0,752.1802415517708,5.244392208690533,46058.50345768676,5.125236228402812,0.6057401958559473,4.8098558141634085,37.09149132624584,5.6834003274607365,0.6626100172607171,4.863132310232653,40.57382005693125,5.727319745113158,0.6225724896046243,4.837826249664701,38.12218878012316,5.708374716838056,5.722540201689833,4.941325788510593,350.41021168347413,5.6400487951935165,0.5258966152986903,4.990876099899458,32.20240274345647,5.61412792953821,62.87878477658627,5.537599456278069,62.87878477658627,5.284506734052431,0.0,5.907291779443874
p08,66,2020-03-13 16:14:42+01:00,Treadmill,8.0,60.0,62.35,480.0,3332.6144132882287,5.5549685223194105,207788.50866852107,5.519318976972707,0.7531200380230817,5.826645378009952,46.957034370739144,5.951086826885242,0.8152358588449068,6.034083950008682,50.82995579897994,5.977832591629359,0.7591843142475011,5.839312052271037,47.335141993331696,5.954759258587087,6.771000535045476,5.487289402756556,422.1718833600855,5.853643769497837,0.6255764644397457,5.483324109866962,39.004692557818146,5.833056138588623,98.4019889447537,6.1343616538271535,98.4019889447537,5.667869948465877,0.0,5.907291779443874
p08,67,2020-03-15 13:40:47+01:00,Run,6.0,70.0,74.11666666666666,420.0,908.3185461705652,5.263184728025423,67321.54291367505,5.22451891758908,0.6244153602823241,4.938697805121197,46.27958511959159,5.934551408415647,0.6737790334032255,4.948821454554527,49.938256025735726,5.958116228156694,0.6380239169891941,4.9510989125260725,47.2882059808491,5.953627325589529,6.0575928008998865,5.115797365744001,448.96858642669656,5.924219014545007,0.5552337985329024,5.135810483591151,41.15207836793028,5.894476283670354,82.09199446939407,5.860366433715478,82.09199446939407,5.512487416506837,0.0,5.907291779443874
p08,68,2020-03-16 15:20:41+01:00,Treadmill,8.0,50.0,57.28333333333333,400.0,1577.6256948832502,5.343741306142956,90371.65855522885,5.301538029331255,0.6790768585188425,5.3158134278132,38.899786045487694,5.737306201402939,0.7673273468734637,5.666527905305424,43.95506818673491,5.816156600525606,0.6926025377497934,5.351208595274723,39.674582037434,5.753713285609278,5.968004829459704,5.069146318370658,341.8672099808834,5.611759761443878,0.5518512428949031,5.1190996558070925,31.61187869716303,5.593047750794985,66.02718023626454,5.590490050954627,66.02718023626454,5.326217695519162,0.0,5.907291779443874
p08,69,2020-03-17 18:35:55+01:00,Run,8.0,90.0,101.4,720.0,574.9506868156836,5.223061185260867,58299.99964311032,5.1868849524576905,0.5791370569366232,4.62631786473303,58.7244975733736,6.206130474810605,0.6602319433168709,4.844887630595493,66.9475190523307,6.2854581094284425,0.6021211961157327,4.687900135087119,61.0550892861353,6.24587766682077,5.372949447606292,4.759283773630016,544.817073987278,6.146184158048811,0.4899781855368021,4.813428407012509,49.68378801343174,6.110993589995226,88.04740570461294,5.960412709924493,88.04740570461294,5.572499876912692,0.0,5.907291779443874
p08,70,2020-03-18 19:20:28+01:00,Run,6.0,60.0,60.0,360.0,888.2773228832649,5.260772603229775,53296.639372995895,5.163414793645827,0.6222063361169032,4.923457507094974,37.33238016701419,5.690727293099999,0.6331864174903916,4.637393260792776,37.9911850494235,5.654454323100672,0.6259152106029333,4.8623313584327885,37.554912636176,5.691356823107824,6.533484035038145,5.363607692861034,392.00904210228873,5.768647007760234,0.5997843562339433,5.355903447935176,35.9870613740366,5.740928557000262,72.93018014512663,5.706455079778945,72.93018014512663,5.41120112605762,0.0,5.907291779443874
p09,1,2019-12-03 07:37:13+01:00,Run,6.0,30.0,39.61666666666667,180.0,82.9834649022484,5.6669318462552445,3287.5282678774074,5.461943987354647,0.7390431017687226,5.850386122661946,29.278424215070892,5.457196693805791,0.7866412761302922,5.933739657689044,31.16410522269508,5.471775953745718,0.7411109331336955,5.849620541613208,29.360344800979902,5.45498582844675,7.276559865092747,5.750449127737191,288.2730466554243,5.426247548399611,0.6768033860787404,5.734981337944672,26.812694145152765,5.4172842178067,70.63687087898481,5.609023818083348,70.63687087898481,5.41642342763598,0.0,5.819281575362241
p09,2,2020-01-07 08:16:18+01:00,Run,9.0,40.0,43.233333333333334,360.0,167.8505601156389,6.497417291956704,7256.739215666122,5.88596215917491,0.8648346536467144,6.47796188461386,37.38968485932629,5.73509435274895,0.8925424243897643,6.57542737937234,38.58758414778414,5.710731099013373,0.861859487001649,6.485493671265099,37.26105848803796,5.726598484341485,8.859166329421285,6.3717216274089035,383.0112909753136,5.749918909430673,0.8342753812225131,6.332736050498191,36.06850564818665,5.752755749525775,113.89683498294062,6.271058679370409,113.89683498294062,5.820695798434161,0.0,5.819281575362241
p10,1,2020-01-13 19:06:41+01:00,Treadmill,3.0,30.0,22.016666666666666,90.0,97.40280645291762,6.106103415043688,2144.485122071736,5.29695520101253,0.7676526828425656,6.343947270809702,16.901153233917153,4.896893397158055,0.7989609209629885,6.349300255864189,17.59045627653513,4.896110338043991,0.7682288302631443,6.341469847316602,16.913838079626892,4.890178695544849,7.757966616084975,6.283212409046216,170.80456499747086,4.886219713941543,0.7279023299812805,6.268874560684399,16.025982965087856,4.900775964752512,49.510702264930735,5.631349356562172,49.510702264930735,5.182129701415542,0.0,6.140710146790812
p11,2,2019-11-24 16:09:00+01:00,Treadmill,8.0,60.0,63.93333333333333,480.0,332912.35077264503,5.783506549348948,21284196.292731103,5.633276283788615,0.8209338714673668,6.216981470698754,52.48503884914698,6.0507377952927115,0.842046070739537,6.259517951445131,53.834812122614395,6.046141747110006,0.8181114053284787,6.2115105544503875,52.3045891806674,6.047636711898599,7.763247193944137,6.026874394986403,496.3302705994951,6.044404869119272,0.7272510121271599,6.009338766776444,46.49558137532976,6.041139883459784,145.9377861275271,6.878187695658215,145.9377861275271,6.0240308345575935,0.0,5.912138718219383
p11,4,2019-11-28 07:16:17+01:00,Treadmill,8.0,30.0,34.05,240.0,50981.381550399994,5.438866097817366,1735916.0417911196,5.279532967324767,0.6924120395488927,5.3706885613724555,23.576629946639795,5.151117135486282,0.7252914022843481,5.4519891303796495,24.69617224778205,5.181359627220603,0.6981511890010662,5.377443713030036,23.772047985486303,5.15705180068988,6.147621383030896,5.281012881128729,209.326508092202,5.046550440546855,0.5619050514608827,5.281971774306292,19.132867002243053,5.024539048676274,46.422517017770815,5.263349134831516,46.422517017770815,5.066036232255801,0.0,5.912138718219383
p11,5,2019-12-02 08:09:21+01:00,Treadmill,4.0,30.0,31.5,120.0,60541.166692024075,5.450552251618927,1907046.7507987584,5.292802497854637,0.7041834831379636,5.448201378403297,22.181779718845856,5.083519566360255,0.717574173429542,5.3986132371372655,22.603586463030577,5.084447837819362,0.7069364763928943,5.438526604760348,22.268499006376167,5.084281475933614,6.980922098569156,5.665710209552028,219.8990461049284,5.103417539982892,0.6455085239916895,5.649748562621849,20.33351850573822,5.093149793296154,53.38502578056689,5.376330064600761,53.38502578056689,5.182081770792518,0.0,5.912138718219383
p11,6,2019-12-03 17:24:32+01:00,Treadmill,4.0,30.0,23.35,120.0,53658.996373617505,5.442139290486646,1252937.565323969,5.233516922944907,0.6959181109841492,5.393775404681157,16.249687891479887,4.74156851170699,0.7067991937443481,5.32408853712042,16.503761173930528,4.743338625965286,0.6984761292918226,5.379702978061884,16.30941761896406,4.740451274563211,6.959256611865617,5.655708232236481,162.49864188706215,4.7545238930616005,0.6420204189731943,5.634404175335343,14.991176783024088,4.75173861621493,39.14076097935515,5.145187765761636,39.14076097935515,4.924820702597109,0.0,5.912138718219383
p11,7,2019-12-04 12:50:35+01:00,Treadmill,6.0,30.0,32.81666666666667,180.0,112466.4210506432,5.514027162365393,3690773.0508119417,5.385990685085942,0.7466034230495129,5.727528974542482,24.501035666408185,5.193833836961709,0.7588370778244725,5.684006403686016,24.902503437273108,5.190484057426778,0.7468076885014755,5.7157456442479075,24.507738977656757,5.191064086526311,7.420142421159714,5.868478407801642,243.5043404543913,5.2211380073768545,0.6952297673920643,5.8684753529726645,22.81512353324958,5.223489228247398,64.96679472680964,5.564267928451088,64.96679472680964,5.345624962832041,0.0,5.912138718219383
p11,9,2019-12-17 10:08:43+01:00,Treadmill,10.0,30.0,28.933333333333337,300.0,649033.7177493823,6.169942317488204,18778708.90021546,5.615600457081797,0.8666602703921626,6.5180814986195195,25.07537049001324,5.21960071785857,0.9088823308459244,6.72178817191903,26.296995439142087,5.250309386387966,0.8600425045006279,6.503051704629241,24.883896463551505,5.208077358349967,7.193883439122907,5.76402484824228,208.14302750528947,5.0400076783598715,0.6758300174072293,5.783134666425005,19.554015170315836,5.04906048743616,63.860579725944945,5.546317329955584,63.860579725944945,5.33129927545972,0.0,5.912138718219383
p11,10,2020-01-06 13:41:07+01:00,Treadmill,3.0,30.0,30.166666666666668,90.0,32922.55872540052,5.416790478137463,993163.8548829156,5.200724313076665,0.6624598203650327,5.173458640700556,19.98420458101182,4.968295171624281,0.7011907609927537,5.285298044647236,21.152587956614735,5.012064265507901,0.6717209738177227,5.193678071628854,20.263582710167967,4.979563858029913,5.712942477876106,5.080341250327358,172.3404314159292,4.822299670779376,0.5239622575529972,5.115059103567416,15.806194769515416,4.8106185761596425,36.53170907327572,5.102850568034836,36.53170907327572,4.867890435054956,0.0,5.912138718219383
p11,11,2020-01-16 13:25:45+01:00,Treadmill,4.0,20.0,12.733333333333333,80.0,229072.92022292863,5.65657027012371,2916861.850838625,5.352777879070714,0.7953284699157351,6.0483745542696115,10.127182516927029,4.2343753299691755,0.8093229541252066,6.033189872827012,10.305378949194298,4.244609376645512,0.7942548096092857,6.045638934277237,10.113511242358236,4.2255026386940475,7.905635648754914,6.092608717713638,100.66509392747923,4.203623357615024,0.7366624275785718,6.050740158889052,9.38016824450048,4.239886577552112,28.44293830375477,4.971593736141993,28.44293830375477,4.6622723362305445,0.0,5.912138718219383
p11,12,2020-01-17 10:23:06+01:00,Treadmill,8.0,30.0,33.61666666666667,240.0,268728.1185873169,5.705045914738346,9033743.586510302,5.5123244116021075,0.806264070952007,6.120383499972228,27.1039105185033,5.306273598637676,0.8267065796288923,6.153422997502647,27.791119518524596,5.311108282460534,0.8054340454508362,6.123366619449179,27.07600782790561,5.302555935613736,7.646153846153845,5.972817681448159,257.0382051282051,5.283605387207796,0.714212271686939,5.951980550214116,24.0094358665426,5.281447597833974,74.18224638522315,5.7138074596865165,74.18224638522315,5.45639469757431,0.0,5.912138718219383
p11,14,2020-02-21 16:16:21+01:00,Treadmill,7.0,30.0,34.1,210.0,365793.6626905936,5.823701602122378,12473563.897749243,5.557860662442756,0.8273852527581409,6.259462644210238,28.21383711905261,5.351085076026005,0.8416074948585992,6.2564845595579595,28.698815574678235,5.346521981261568,0.8233844359771916,6.248173209391596,28.077409266822233,5.343285828919584,8.154750244857981,6.2076136826742125,278.07698334965716,5.374486703794902,0.7726509479710176,6.209055860922667,26.347397325811706,5.387300512858925,85.79791887399641,5.902295477782686,85.79791887399641,5.578095326673823,0.0,5.912138718219383
p12,2,2019-11-18 05:11:52+01:00,Run,7.0,50.0,34.78333333333333,350.0,191.2925428559536,6.92666496315322,6653.792282339586,5.8411287710680595,0.8881792668347809,6.7584084209158934,30.89383549806979,5.4964203934569635,0.9103289876241574,6.84917196517349,31.664276619526937,5.466036061121626,0.8860649144830252,6.779976947021607,30.820291275434556,5.4883278696011795,9.054222648752395,6.593459897963914,314.93604446577086,5.507201818319179,0.8638730688147006,6.579372963706875,30.048384910271334,5.527232344076047,107.79497613189544,6.244049425174726,107.79497613189544,5.77034464069379,0.0,5.854995861076526
p12,4,2019-11-25 05:09:32+01:00,Run,7.0,40.0,33.61666666666667,280.0,188.80469426563715,6.899279676722854,6346.984472229836,5.815505945710744,0.8858416280531098,6.745327669195741,29.77904272971871,5.454669085000947,0.9037538740528688,6.804823015732128,30.38119273274394,5.419740267610317,0.8835891574138195,6.7653598833536375,29.70332217506123,5.446243938191645,9.172123015873014,6.645377536304087,308.3362020502645,5.483030926105385,0.8675095721348649,6.594623379898884,29.162780116600377,5.49338630539427,102.00705410048715,6.151464102141189,102.00705410048715,5.723336110760664,0.0,5.854995861076526
p13,1,2019-11-11 14:51:47+01:00,Run,5.0,40.0,31.266666666666666,200.0,103.46117934808532,5.979515041566642,3234.8862076168007,5.455602460870859,0.7784279399255944,6.193197830767049,24.338846921673586,5.2298400635667495,0.8027936752331672,6.1588676274264325,25.100682245623695,5.209391522928844,0.7782578523528151,6.190623200347406,24.33352885023135,5.22317649263533,7.989327641408749,6.18890228297878,249.79964425471357,5.247933583235401,0.7517394289874497,6.173653291958304,23.504386146340927,5.25556922321436,67.00023769168567,5.60751544644861,67.00023769168567,5.370233760324984,0.0,5.926424432505098
p13,2,2020-01-07 17:53:35+01:00,Run,7.0,30.0,25.516666666666666,210.0,145.64378108129904,6.441516979683672,3716.34381392448,5.530100113825187,0.8394935330005041,6.546413782356527,21.421076650396195,5.08391708381084,0.8438162001357807,6.4403251052323,21.531376706798003,5.036321077186357,0.8391345537801402,6.561014065976527,21.41191669728991,5.076456587925143,8.850882930019619,6.590865525593726,225.8450294310006,5.131422619447078,0.8401447974812539,6.566654525369633,21.43769474906333,5.151161909919989,69.23777491022967,5.6448740965484125,69.23777491022967,5.39805815592069,0.0,5.926424432505098
p14,7,2019-12-27 10:06:07+01:00,Run,5.0,50.0,60.88333333333333,250.0,40173.214572040946,5.489586021668997,2445879.213861093,5.2737283481893185,0.6567303832233162,5.14611369975876,39.983934831912904,5.754159750631969,0.679735360316995,5.147481598252857,41.384554520633046,5.765928414843717,0.6625018788633886,5.154596994952638,40.33532272479931,5.765623241271114,5.903835616438355,5.258830944063796,359.44519178082186,5.683536267286348,0.5419631883572963,5.281575261870367,32.99652545115339,5.6569782103230235,65.94420335289198,5.6626640353943385,65.94420335289198,5.352476437066295,0.0,5.985948242028907
p14,8,2020-01-05 11:45:04+01:00,Run,5.0,30.0,33.56666666666667,150.0,653238.0919276422,5.988299012935504,21927025.285704527,5.5757061141107425,0.8426464636166815,6.421722609072093,28.284832962066613,5.366895655952175,0.8700286393367689,6.530146892041343,29.20396132707088,5.380150813283364,0.835662736006461,6.399010481521142,28.050412505283543,5.357547110256399,7.681592039800993,6.044753563191767,257.84543946932,5.304116648784045,0.7234769660877549,6.049082665112076,24.284710161678976,5.310576566471839,70.36829255959624,5.733698715413994,70.36829255959624,5.407360609941102,0.0,5.985948242028907
p14,11,2020-01-08 09:58:31+01:00,Run,6.0,30.0,38.1,180.0,216477.3735086045,5.6330050589089655,8247787.930677832,5.441085111804219,0.7690160873740152,5.916529278121309,29.29951292894998,5.406141542828949,0.7951730916802817,5.986248713790918,30.296094793018735,5.420594939198113,0.7670335054846302,5.90580929596902,29.223976558964413,5.4033698454618,7.072775098640945,5.775603639907603,269.47273125822005,5.354467951262178,0.6535891005323631,5.753570914537543,24.901744730283035,5.338786882581955,61.491550407886926,5.591170726283912,61.491550407886926,5.293446478244717,0.0,5.985948242028907
p14,12,2020-01-10 11:05:45+01:00,Run,6.0,30.0,35.55,180.0,830743.0526747472,6.132694872506962,29532915.52258726,5.616705517007114,0.8586717215644769,6.531675238070083,30.52577970161715,5.451853623730852,0.8874237345488715,6.656539135402819,31.547913763212375,5.465251640342466,0.8517841804103856,6.514866588785801,30.280927613589206,5.443141387301698,7.686090225563908,6.046742151667475,273.2405075187969,5.370320648829445,0.7199942045184073,6.034356260749707,25.59579397062938,5.369726085202721,75.80714125641214,5.821026718716498,75.80714125641214,5.470349276408656,0.0,5.985948242028907
p14,13,2020-01-11 12:48:28+01:00,Run,4.0,70.0,92.81666666666666,280.0,45026.37486585377,5.49353394655692,4179198.027132328,5.347486057120524,0.6643335803458837,5.198280817139311,61.66122848243711,6.243337987054165,0.681438016217335,5.15985304527816,63.24880520523897,6.239571410979371,0.668735014441158,5.199391171330371,62.06975492371348,6.254507274909387,6.324946081955425,5.444998315280693,587.060412173496,6.244445643760513,0.5806533907555946,5.445171751045477,53.894312218631775,6.217606810831666,113.01865384148306,6.4185074127138595,113.01865384148306,5.809173490006545,0.0,5.985948242028907
p14,14,2020-01-14 14:17:48+01:00,Treadmill,7.0,60.0,61.916666666666664,420.0,300366.3421233402,5.7012466431480995,18597682.683136813,5.553032407547078,0.7908505432709297,6.066340022911017,48.9668294708584,5.98250047060429,0.8155344761153457,6.1341939262380825,50.49517631280848,5.9876228266607665,0.7856765598130349,6.039786850826741,48.64647366175707,5.97760750323606,7.303879310344827,5.8777717575231,452.23186063218384,5.94602203481011,0.679076891203744,5.861342722700827,42.04617751369848,5.933126450928552,108.5420109042993,6.346628912134982,108.5420109042993,5.774821522997844,0.0,5.985948242028907
p14,16,2020-01-15 15:39:54+01:00,Run,5.0,30.0,37.766666666666666,150.0,63982.69779000469,5.5089544425894035,2416413.2198691773,5.272059606424831,0.6877578652506858,5.358999709532256,25.9743220443009,5.272203409444938,0.7041876373664281,5.3251511145095956,26.594819771205433,5.277281980004378,0.6908497397207239,5.358317748870417,26.091091836786006,5.276752492710125,6.628761061946902,5.579310902577421,250.346209439528,5.270427217237997,0.6142131876651066,5.587074987821185,23.196784720818854,5.2591178692039975,52.18128625657825,5.441681960577183,52.18128625657825,5.155087425417067,0.0,5.985948242028907
p14,17,2020-01-16 15:08:15+01:00,Run,5.0,30.0,38.95,150.0,88936.82853176961,5.529254005729215,3464089.4713124265,5.321647534525986,0.7097121069943307,5.509632329939047,27.643286567429183,5.3413738356873575,0.7283130041851653,5.500445310773448,28.36779151301219,5.348184524229095,0.7116746299988379,5.507974979412897,27.71972683845474,5.344300607320125,6.739931448157668,5.628457861042614,262.52032990574116,5.324627675257126,0.6299767698438703,5.653729245008076,24.53759518541875,5.3222206364001075,57.9728349728336,5.534673035272062,57.9728349728336,5.243742264179928,0.0,5.985948242028907
p14,18,2020-01-17 13:52:27+01:00,Treadmill,3.0,20.0,16.8,60.0,31745.302487769015,5.482730125334163,533321.0817945194,5.064035405936127,0.6410333360155707,5.03841299293584,10.769360045061587,4.316590811252475,0.6492889224787057,4.926258688356409,10.908053897642256,4.320369083229544,0.645160706698508,5.029975363534783,10.838699872534937,4.31890513454315,6.4825523429710845,5.514673960279404,108.90687936191422,4.322536050714021,0.6035191234534211,5.541856528066582,10.139121274017477,4.351448146875642,21.457351706927312,4.948368024598679,21.457351706927312,4.415723313085907,0.0,5.985948242028907
p14,20,2020-01-21 14:18:09+01:00,Treadmill,6.0,60.0,51.7,360.0,191764.8556922879,5.61290204185951,9914243.039291283,5.4664221808146625,0.7609350127002548,5.861083343434731,39.340340156603176,5.735922617851438,0.7823374367167928,5.892985227384675,40.44684547825819,5.740454887240886,0.7594008881921573,5.850957800929805,39.26102591953454,5.735153890849123,7.1773255813953485,5.8218240265464045,371.06773255813954,5.719902750799696,0.6658528714577207,5.805426674990337,34.42459345436416,5.705123191587101,85.48013163780436,5.976339540061543,85.48013163780436,5.572080367609852,0.0,5.985948242028907
p14,21,2020-01-21 15:18:09+01:00,Workout,4.0,20.0,24.2,80.0,2774.223994951558,5.459162875359428,67136.2206778277,4.77870712146606,0.4785417563743115,3.923524456988715,11.58071050425834,4.393401969589254,0.4889948925168203,3.761567044114153,11.833676398907052,4.405603729786436,0.5010524320446905,3.994347084349501,12.125468855481513,4.438291045308812,4.712307692307692,4.732072196582751,114.03784615384616,4.374821133443978,0.420954841102251,4.769907202654463,10.187107154674472,4.356477721378724,13.657459507411822,4.8231303043147475,13.657459507411822,4.049793982513816,0.0,5.985948242028907
p14,22,2020-01-28 14:14:01+01:00,Treadmill,6.0,90.0,64.36666666666666,540.0,146617.50250069043,5.576175795764535,9437279.910961106,5.459633872548722,0.7430388300538843,5.738293910814876,47.82693269446835,5.955910948861132,0.7672597381868353,5.783431119247143,49.38595181462596,5.962828491914203,0.7424712589993218,5.729293706412408,47.79040003758967,5.957481905224006,6.859236002093144,5.681200827554027,441.5061573347287,5.918578212271552,0.631414879579993,5.659810105000904,40.64207108229888,5.894324894456522,95.23984880121138,6.1330448760964416,95.23984880121138,5.6637870975509115,0.0,5.985948242028907
p15,2,2019-11-21 13:47:42+01:00,Treadmill,5.0,30.0,22.15,150.0,2919.6233809372325,5.445040712292754,64669.6578877597,5.187789186782217,0.7400207829517543,5.679194641237851,16.391460342381357,4.781182340040698,0.8240564154828904,6.100702633098505,18.25284960294602,4.856073197187934,0.7497553990896366,5.71881301827679,16.60708208983545,4.786542048648723,5.618541033434649,4.716712435500204,124.45068389057748,4.486089458534215,0.5094654227742945,4.747847854817496,11.284659114450625,4.47734273334462,27.27473240133341,4.925643519755586,27.27473240133341,4.612777787143846,0.0,5.870620861076526
p15,5,2019-11-26 13:53:18+01:00,Treadmill,7.0,50.0,45.11666666666667,350.0,4386.614675875575,5.63239698048384,197909.43212658635,5.477502842610995,0.7803280261521698,5.990523901790784,35.20579944656539,5.607084311543864,0.8220421893372145,6.083374985794917,37.087803442264,5.613902812238497,0.7838462101705169,5.9976040746647605,35.364528182193155,5.606604102876441,6.984455958549221,5.511339284576535,315.115371329879,5.498594396187844,0.6460099934179747,5.498134985751223,29.14581753637429,5.481535349387521,79.64240242891407,5.814672073832536,79.64240242891407,5.461043613663956,0.0,5.870620861076526
p15,6,2019-11-28 11:00:30+01:00,Run,9.0,70.0,69.7,630.0,479.41354622222127,5.133390186612843,33415.124171688825,5.01676749189631,0.5611449087344693,4.297574633788353,39.11180013879251,5.722482660955001,0.5890365299871801,4.078912927934679,41.05584614010646,5.723988289383791,0.5730489235582266,4.273726104177921,39.94150997200839,5.740645043213823,5.765246853823813,4.802059173905029,401.8377057115198,5.764185721497838,0.5277894777904666,4.848535143959387,36.786926601995525,5.734253916208886,66.19574408270027,5.586392617816924,66.19574408270027,5.313402518357404,0.0,5.870620861076526
p15,7,2019-11-29 09:58:28+01:00,Run,10.0,90.0,81.73333333333333,900.0,1288.0404196969887,5.236663678347928,105275.83696990054,5.314005083085552,0.658997751279626,5.053380555843379,53.86208287125476,6.075208592390421,0.7107155298218347,5.125672646506773,58.08914930410462,6.1017160786486535,0.6666716745375257,5.039363084346617,54.489298198867104,6.084418519074931,6.566289825282629,5.2680693482441585,536.6847550531003,6.08051450067738,0.6068242547814074,5.282816608194702,49.59776909080037,6.060832912784687,105.35123447330278,6.251122383105271,105.35123447330278,5.685014734366467,0.0,5.870620861076526
p15,13,2019-12-08 09:56:21+01:00,Run,6.0,90.0,70.36666666666666,540.0,693.223454522965,5.160696842528064,48779.82374993263,5.114753746988586,0.5976586527143274,4.579603272084091,42.05524719599816,5.802245153823156,0.6935511572889091,4.9780138575091115,48.80288310122957,5.911796941139111,0.6183880259567931,4.644504500250401,43.51390409315967,5.835233129438476,5.526015680684246,4.6628854158492095,388.8473033974814,5.7282749616421675,0.503765952146835,4.7165303191237715,35.44833083273228,5.693907538462328,64.86106240703081,5.563734169968309,64.86106240703081,5.29716451482594,0.0,5.870620861076526
p15,16,2019-12-12 17:34:30+01:00,Treadmill,6.0,50.0,56.6,300.0,4798.784784970797,5.685037138449629,271611.2188293471,5.559497853516866,0.7892196034698364,6.05920158777626,44.66982955639274,5.86864912390464,0.8685071706461388,6.4830961441252715,49.157505858571454,5.919678425906897,0.7914148918106341,6.059499954610424,44.79408287648189,5.8672911741862315,6.7787610619469,5.391675398815514,383.67787610619456,5.713650594052733,0.6272577883852987,5.395095091551675,35.502790822607906,5.695577720882257,93.65848999923811,6.052618540801535,93.65848999923811,5.590746055312932,0.0,5.870620861076526
p15,17,2019-12-15 08:35:16+01:00,Run,6.0,90.0,106.66666666666669,540.0,760.0757041038696,5.169234853656605,81074.74177107944,5.246347038899109,0.606774063265599,4.650009824386695,64.72256674833058,6.27865402133633,0.7879210199918252,5.789843105438695,84.04490879912804,6.506195638767261,0.6384599276991119,4.808650395083481,68.10239228790527,6.332485217435637,4.247381783560773,3.919034678067578,453.0540569131492,5.895304347313506,0.3736206942926915,4.001406226970534,39.8528740578871,5.821523064344877,67.73545578545455,5.6125317923892135,67.73545578545455,5.3317390122319575,0.0,5.870620861076526
p15,20,2019-12-19 12:59:33+01:00,Treadmill,6.0,30.0,31.566666666666663,180.0,2168.864901296149,5.349157861764812,68463.83538424844,5.202556506310365,0.710590022051138,5.451874281392338,22.430958362747585,5.116930402889963,0.8212713366255613,6.076743623204765,25.92479852614688,5.228624366812437,0.7210106991519069,5.483741894794797,22.759904403228525,5.1254000131308395,5.816499206768904,4.831875449413615,183.60749162700503,4.909322953225004,0.5326116477545639,4.8750320749628075,16.8127743474524,4.892987754700728,37.21677245547811,5.094426234152775,37.21677245547811,4.856645972874977,0.0,5.870620861076526
p15,22,2019-12-21 08:48:13+01:00,Run,6.0,90.0,85.33333333333333,540.0,5389.369029543195,5.760463393872765,459892.82385435264,5.695902082118951,0.8007112469194145,6.147961933898325,68.32735973712337,6.338799293520241,0.9115342243630188,6.853242074818897,77.78425381231094,6.421256538806397,0.8024987879321558,6.150142887724639,68.47989657021063,6.338645188907079,6.349007936507935,5.141664680234614,541.7820105820103,6.090851440078295,0.586642757288412,5.171923016596107,50.06018195527782,6.071009678954263,127.6022984077374,6.628871310752531,127.6022984077374,5.838776980704506,0.0,5.870620861076526
p15,23,2019-12-25 10:47:07+01:00,Run,10.0,180.0,180.08333333333334,1800.0,940.2873903665164,5.192250524669166,169330.08754850348,5.437106710001935,0.6278401547494323,4.812722284075196,113.06354786779362,6.899638695655978,0.6882389720485718,4.932315080113386,123.94036821641365,6.933474419990397,0.6417389960473119,4.835466270088454,115.56649753818677,6.92367827311445,6.06299212598425,4.975273759304173,1091.843832020997,6.8575538347360885,0.557678859889015,5.01277176379997,100.42866801834678,6.838785431043737,200.35203662055883,7.86391947193209,200.35203662055883,6.201642232361001,0.0,5.870620861076526
p15,24,2019-12-26 10:35:04+01:00,Run,6.0,60.0,57.28333333333333,360.0,755.8159322991231,5.168690818425151,43295.65598853477,5.083862751248335,0.6062176109643247,4.645711840457917,34.7261654814064,5.592063036928146,0.6683063776856993,4.7608422960336005,38.282817001762474,5.648218984999836,0.6244315337275103,4.6939276692002325,35.76951969035755,5.619126694523592,5.567799113737074,4.687193106716249,318.9420925652387,5.511776947445951,0.5106596942912108,4.75441015565274,29.252289487981525,5.485479291955301,55.73104228699851,5.408736848496285,55.73104228699851,5.176385475906696,0.0,5.870620861076526
p15,25,2019-12-27 10:03:57+01:00,Run,8.0,180.0,162.15,1440.0,2541.304658942508,5.3967238721149595,412072.55044752767,5.66746349273591,0.7262804825143534,5.573065885329606,117.7663802397024,6.945147152605207,0.8728776740622095,6.520693978854692,141.53711484918728,7.079840496539831,0.7352461287939884,5.600157736548658,119.22015978394523,6.958573748215194,5.816343375980187,4.831784794185863,943.1200784151874,6.697290467705081,0.5336944336715549,4.880981783070899,86.53855241984263,6.674036866753548,185.76743202072583,7.61632148003471,185.76743202072583,6.140785134462499,0.0,5.870620861076526
p15,26,2019-12-29 10:54:45+01:00,Run,6.0,90.0,74.11666666666666,540.0,397.87863435047734,5.12297698452481,29489.43811594288,4.98439735012294,0.5426878237587373,4.155013888840208,40.22221253758507,5.753240189210586,0.5812819812220993,4.01220339470364,43.08268284157792,5.776272316612832,0.5600161688217765,4.1671456109183165,41.50653171250733,5.783059960599953,5.365770282588878,4.569661970211244,397.6930074445456,5.752855448408368,0.4888117175366467,4.634359569103494,36.229095131424465,5.717616907920744,62.74451946588941,5.527802322902864,62.74451946588941,5.270727071596836,0.0,5.870620861076526
p15,28,2019-12-31 10:29:09+01:00,Run,7.0,120.0,123.73333333333332,840.0,3681.6032954890575,5.542356704364127,455537.047761846,5.693437160804077,0.762980555881668,5.856533713850477,94.40612744775838,6.698453865585357,0.8581479533063362,6.393979604361023,106.18150675577066,6.763173847998367,0.7653314604641449,5.846192404899788,94.69701270809684,6.7006267783926035,6.919999999999997,5.4738417550419864,856.2346666666663,6.5915238781930725,0.6435945329962902,5.48486247801894,79.63409688274096,6.582132423895694,194.18482367149343,7.759220744493871,194.18482367149343,6.176464427473222,0.0,5.870620861076526
p15,29,2020-01-01 09:17:14+01:00,Run,9.0,120.0,147.75,1080.0,1917.993187216749,5.317117870589136,283383.4934112747,5.570487795087452,0.6984192775655881,5.357868624338971,103.19144826031564,6.797672992269387,0.7772277178769567,5.697852557130636,114.83539531632034,6.849423865581205,0.707325460977863,5.371825460820526,104.50733685947924,6.810972113391083,6.426613816534539,5.1868122328248045,949.532191392978,6.704705910090016,0.5917539332623662,5.200007982106767,87.43164363951462,6.685391645482561,193.95347154820664,7.755293156278852,193.95347154820664,6.1755045132622355,0.0,5.870620861076526
p15,31,2020-01-07 16:48:01+01:00,Treadmill,6.0,50.0,46.95,300.0,1057.4021783421117,5.207207797899626,49645.032273162135,5.119307596002198,0.639462416226932,4.902491511252348,30.02276044185446,5.433061699129038,0.6881448717497937,4.931505569824838,32.30840172865281,5.464961235624704,0.6519023754211068,4.918581314355651,30.606816526020967,5.448061310211487,5.867709815078234,4.861667439801824,275.4889758179231,5.351859960710915,0.5380951074137865,4.905162670386078,25.26356529307728,5.327316397283624,53.061189823913374,5.363411649311268,53.061189823913374,5.137369767205642,0.0,5.870620861076526
p15,33,2020-01-09 15:34:27+01:00,Treadmill,5.0,30.0,34.15,150.0,344.1873679129314,5.116119823648054,11753.998614226606,4.746155650196717,0.5283352656690856,4.044156113852307,18.04264932259927,4.883346497950345,0.5824438358665932,4.022198403228897,19.89045699484416,4.946751897328086,0.5519706548635562,4.101350246581726,18.84979786359045,4.922100281225836,4.86098874204601,4.276003150281569,166.00276554087125,4.799524860418212,0.4416162624379262,4.375029282793282,15.081195362255178,4.778590295729099,25.87402980783601,4.901864256696279,25.87402980783601,4.571655142350909,0.0,5.870620861076526
p15,34,2020-01-10 14:14:17+01:00,Run,5.0,70.0,71.15,350.0,6754.334108572305,5.934789420414587,480570.87182491954,5.70729399991627,0.8230633334627472,6.3206072954466235,58.560956175874466,6.167771483356416,0.9225871815993292,6.948326603963542,65.64207797079227,6.235333475291213,0.8232301095278521,6.319681448548863,58.572822292906686,6.164706152549466,6.6210426089026395,5.299922014267613,471.0871816234229,5.937973342202756,0.6215250889282586,5.363594969592582,44.2215100772456,5.935171513176001,123.2706565052102,6.555334463775099,123.2706565052102,5.811045688397219,0.0,5.870620861076526
p15,35,2020-01-11 09:43:11+01:00,Run,5.0,120.0,128.88333333333333,600.0,2143.5765464261426,5.345928168573391,276271.290558556,5.563904156108257,0.7094288115200651,5.442905203199923,91.43354999141106,6.662800999562567,0.8543937800822079,6.361683831771675,110.11711835626188,6.803230610420127,0.7208315799470347,5.482277076834696,92.903176795507,6.67923137987415,5.741948001552191,4.78850496695752,740.0413982667181,6.431950737947489,0.5271000610510178,4.844746926639427,67.93441286845868,6.406768457932162,141.5455675606717,6.865581563616757,141.5455675606717,5.9220911999855215,0.0,5.870620861076526
p15,36,2020-01-12 10:08:30+01:00,Run,7.0,120.0,131.81666666666666,840.0,9021.50183689561,6.224339935409133,1189184.3004667896,5.941976639841527,0.8517194158377658,6.541944113045364,112.27081433101482,6.891783151942753,0.9347500644407236,7.052959415191314,123.21563766102804,6.927012315290933,0.850526451311148,6.542908051847843,112.11356172366447,6.889679643699496,7.007896077432498,5.524975673979507,923.7575012735604,6.674588599267287,0.6669453408663815,5.613170843260017,87.91451168187018,6.691483170099966,274.5375357601267,9.12334206985923,274.5375357601267,6.455516774820263,0.0,5.870620861076526
p15,39,2020-01-17 11:49:21+01:00,Run,7.0,60.0,54.483333333333334,420.0,3884.080170247397,5.568215965956616,211617.634608979,5.494849600774262,0.7682813336983707,5.897476410671094,41.85852799766623,5.797086967268348,0.8484202636683418,6.310295865329141,46.22476403219682,5.852752738465467,0.770118819659339,5.885342923324542,41.95864035777299,5.795022438971795,7.180870631514406,5.6256043605493975,391.2377682403432,5.734972164789091,0.6701661855164994,5.630868788189855,36.51288767422395,5.726111777123919,93.1438044497392,6.043880895043487,93.1438044497392,5.586333265463467,0.0,5.870620861076526
p15,40,2020-01-18 11:02:05+01:00,Run,8.0,120.0,117.6,960.0,2435.9699381193273,5.383271085944739,286470.0647228329,5.573293719957691,0.7220891374336762,5.5406923400042345,84.91768256220031,6.580462717551149,0.8099392656684046,5.979257981293907,95.24885764260438,6.643666168868174,0.72774307217225,5.538798531079758,85.5825852874566,6.58746047148467,6.676118552294099,5.331962679870115,785.111541749786,6.496634653266347,0.6190883936295823,5.350205780143415,72.80479509083888,6.483135616647839,168.35593012081426,7.320732190875312,168.35593012081426,6.061578850615744,0.0,5.870620861076526
p15,41,2020-01-19 09:59:44+01:00,Run,7.0,120.0,116.96666666666668,840.0,1509.7269416276083,5.2649762931538175,176587.72793904264,5.447977071968502,0.6747211960492522,5.174826927383424,78.91988923122754,6.498952814982545,0.7370917001389071,5.352577146507809,86.21515919291419,6.534186467869268,0.6836480151656269,5.178193806973945,79.96402950720618,6.5116000261658895,6.461604831751506,5.20716840556778,755.7923784872013,6.45499292676564,0.598173511247634,5.235282374385173,69.96636169893159,6.439265320545118,151.4201251896223,7.03321865127775,151.4201251896223,5.976302013267045,0.0,5.870620861076526
p15,47,2020-01-30 11:00:28+01:00,Run,6.0,90.0,92.7,540.0,804.7212328441178,5.174936741380855,74597.65828464972,5.224780852683474,0.6124253388951644,4.693659732523187,56.771828915581736,6.133418231010551,0.6643878341394439,4.727132505969049,61.588752224726456,6.1656298443273325,0.6259865591500767,4.706644503048477,58.02895403321211,6.1543363845849335,5.974922769398509,4.92403903447822,553.8753407232418,6.114992728639396,0.548778677303044,4.963866908588697,50.87178338599218,6.088650540201514,99.06660757830431,6.144430358074732,99.06660757830431,5.635715068604949,0.0,5.870620861076526
p15,48,2020-01-31 10:41:50+01:00,Run,7.0,90.0,78.83333333333333,630.0,2522.367127284357,5.394305272037056,198846.60853425015,5.47872649111238,0.7255399084979436,5.567345763023866,57.19672945325455,6.141672171037003,0.7972431259036971,5.870037756726675,62.84933309207478,6.187779896042022,0.7321406659799016,5.57476158928602,57.71708916808224,6.148346966667101,6.751818570817285,5.376001489380197,532.2683639994293,6.0714787699757,0.6247749617733734,5.381452419078609,49.25309281980093,6.0531866062015505,114.1540982054034,6.400565679157284,114.1540982054034,5.749379182059973,0.0,5.870620861076526
p15,49,2020-02-01 09:53:54+01:00,Run,7.0,100.0,101.85,700.0,2263.431366287649,5.361235383995491,230530.48465639705,5.51702199442501,0.7148155687599783,5.484511996796343,72.80396567820378,6.409279665310769,0.807200769518454,5.95569970531261,82.21339837545453,6.482012226111964,0.7213654179272048,5.486642747515822,73.4710678158858,6.417083004872281,6.564960629921259,5.267296083158323,668.6412401574802,6.320955365251264,0.607467869229112,5.286353150403004,61.870602480985056,6.30376813080238,139.92718094985918,6.83810675124129,139.92718094985918,5.91284947281625,0.0,5.870620861076526
p15,53,2020-02-08 10:43:50+01:00,Run,7.0,30.0,32.733333333333334,210.0,694.6912314742717,5.160884299136077,22739.55964359116,4.917074382545893,0.5978680668898055,4.581220766986354,19.570214722859635,4.970260815605197,0.6541074321786556,4.638693985945826,21.41111661331466,5.024802186548471,0.6155873289647498,4.621600695727185,20.150225234779477,4.993848508227892,5.6358024691358,4.726754349538583,184.4786008230452,4.91448039568235,0.5138498689533526,4.7719395746779885,16.82001904373974,4.893442626030929,31.775239940447033,5.002047142601577,31.775239940447033,4.732325715367005,0.0,5.870620861076526
p15,54,2020-02-09 08:39:59+01:00,Run,5.0,120.0,141.41666666666666,600.0,75.22111549011751,5.081768894983957,10637.519415560784,4.720306348783701,0.3777655428349843,2.881170090756647,53.42234384924736,6.0661439345633505,0.4462348593398068,2.850442634937603,63.10504635830434,6.192219724968445,0.4291719377223891,3.097115293249265,60.69206485957452,6.204229461291123,3.335500650195058,3.388543929035187,471.6953836150845,5.939383863939547,0.2853038906358415,3.516121745012977,40.34672520075191,5.834964629241468,52.62807428732815,5.35605879059069,52.62807428732815,5.130859314957599,0.0,5.870620861076526
p15,55,2020-02-18 11:19:20+01:00,Run,8.0,180.0,157.66666666666666,1440.0,764.361738164283,5.1697822429626425,120514.36738390196,5.349020160080142,0.6073308075626931,4.654310063663033,95.7558239923846,6.71427684345793,0.6688555019312403,4.765566210114951,105.45621747115888,6.755631569921453,0.6252068367850914,4.700268015809501,98.57427793311606,6.745533119504543,5.66840259326177,4.745719611164628,893.7181422042723,6.638410342589134,0.5174891185621007,4.791936577377017,81.59078435995787,6.60895337372375,156.45690523091994,7.118726394413164,156.45690523091994,6.002615555384662,0.0,5.870620861076526
p15,56,2020-02-20 08:46:11+01:00,Run,7.0,90.0,84.81666666666666,630.0,555.3889070255838,5.1430933526259635,47106.23579755326,5.105711249839937,0.5757097625472142,4.410072160474492,48.82978302671288,5.966840674625576,0.6319764400443073,4.4483091937487265,53.602135056424665,6.013991059857142,0.5955098263225393,4.457408997325693,50.509158435923375,6.000262590866362,5.347878544138346,4.559253374852896,453.58923185200064,5.896594871506941,0.4857102703205067,4.617317690963846,41.19632609435097,5.857717586163262,73.84119650293867,5.716186926153515,73.84119650293867,5.40061914957765,0.0,5.870620861076526
p15,57,2020-02-21 11:29:31+01:00,Run,9.0,180.0,167.85,1620.0,574.2165947339283,5.145497924023131,96382.25542608986,5.291143895071008,0.5790105611768054,4.435567210867176,97.18692269352678,6.730814830673026,0.6071916447717441,4.235094708425629,101.91711757493724,6.7180754798710325,0.5898811583310807,4.411378344324421,99.01155242587188,6.750487491457206,5.905416168857027,4.883603272365398,991.224103942652,6.751734713850746,0.5435040817116599,4.934883982541623,91.22716011530213,6.732402041072139,172.78424350626997,7.3959101975347235,172.78424350626997,6.082470289619476,0.0,5.870620861076526
p15,58,2020-02-29 11:21:31+01:00,Run,4.0,180.0,173.21666666666667,720.0,574.0535059251577,5.145477095194289,99435.6347846694,5.299222184860306,0.5789824364230418,4.4353499779805485,100.28940769574456,6.765854958849143,0.6301107062244861,4.432258971353569,109.14567616318472,6.793476696615357,0.5963793182598887,4.464519610656639,103.30283757791705,6.797989914877497,5.495231673249203,4.644976687874808,951.865713001316,6.707392158757861,0.5028081852034311,4.7112675671250495,87.09475781365433,6.681121999737222,162.60897225499448,7.223167994509501,162.60897225499448,6.033636679348486,0.0,5.870620861076526
