family,parameter,candidate_order,inner_participant_balanced_mae,held_out_participant,selection_scope
delta_tilt,0.0,0,1.3588819054244272,p01,lambda_only
delta_tilt,0.1,1,1.3560870197998942,p01,lambda_only
delta_tilt,0.2,2,1.3549826019824014,p01,lambda_only
delta_tilt,0.3,3,1.3538400904968027,p01,lambda_only
delta_tilt,0.4,4,1.3526615165398483,p01,lambda_only
delta_tilt,0.5,5,1.3514488135013125,p01,lambda_only
delta_tilt,0.6,6,1.350203818169741,p01,lambda_only
delta_tilt,0.7,7,1.3489282731227903,p01,lambda_only
delta_tilt,0.8,8,1.3476238301676593,p01,lambda_only
delta_tilt,0.9,9,1.3462920546939945,p01,lambda_only
delta_tilt,1.0,10,1.3449344308007496,p01,lambda_only
delta_tilt,1.1,11,1.3435748512187486,p01,lambda_only
delta_tilt,1.2,12,1.3423004616830139,p01,lambda_only
delta_tilt,1.3,13,1.3410023960097988,p01,lambda_only
delta_tilt,1.4,14,1.3396970907677896,p01,lambda_only
delta_tilt,1.5,15,1.33837240228917,p01,lambda_only
delta_tilt,1.6,16,1.3370722245390603,p01,lambda_only
delta_tilt,1.7,17,1.3358385072103207,p01,lambda_only
delta_tilt,1.8,18,1.334583982662703,p01,lambda_only
delta_tilt,1.9,19,1.3333096436994383,p01,lambda_only
delta_tilt,2.0,20,1.332016464839377,p01,lambda_only
delta_tilt,2.1,21,1.330705408173046,p01,lambda_only
delta_tilt,2.2,22,1.3293774288688085,p01,lambda_only
delta_tilt,2.3,23,1.328033480275772,p01,lambda_only
delta_tilt,2.4,24,1.3266745185780109,p01,lambda_only
delta_tilt,2.5,25,1.3253050867289695,p01,lambda_only
delta_tilt,2.6,26,1.3240031885422041,p01,lambda_only
delta_tilt,2.7,27,1.3227037030931614,p01,lambda_only
delta_tilt,2.8,28,1.3214037571330592,p01,lambda_only
delta_tilt,2.9,29,1.3201018295768179,p01,lambda_only
delta_tilt,3.0,30,1.3187897615200972,p01,lambda_only
delta_tilt,3.1,31,1.317468543746515,p01,lambda_only
delta_tilt,3.2,32,1.3161391882492028,p01,lambda_only
delta_tilt,3.3,33,1.3148027283105725,p01,lambda_only
delta_tilt,3.4,34,1.3134602180508541,p01,lambda_only
delta_tilt,3.5,35,1.3121127314630332,p01,lambda_only
delta_tilt,3.6,36,1.3107613609570279,p01,lambda_only
delta_tilt,3.7,37,1.3094072154410206,p01,lambda_only
delta_tilt,3.8,38,1.3080824827132072,p01,lambda_only
delta_tilt,3.9,39,1.3067873611876113,p01,lambda_only
delta_tilt,4.0,40,1.3055105647647558,p01,lambda_only
delta_tilt,4.1,41,1.3042487659492166,p01,lambda_only
delta_tilt,4.2,42,1.3029980862496315,p01,lambda_only
delta_tilt,4.3,43,1.3017710457075675,p01,lambda_only
delta_tilt,4.4,44,1.3005742874335124,p01,lambda_only
delta_tilt,4.5,45,1.2993875779532165,p01,lambda_only
delta_tilt,4.6,46,1.29820876565322,p01,lambda_only
delta_tilt,4.7,47,1.2970388041085488,p01,lambda_only
delta_tilt,4.8,48,1.2958786290059632,p01,lambda_only
delta_tilt,4.9,49,1.2947291545268473,p01,lambda_only
delta_tilt,5.0,50,1.293591269901691,p01,lambda_only
delta_tilt,5.1,51,1.2925706625291142,p01,lambda_only
delta_tilt,5.2,52,1.2917224914754395,p01,lambda_only
delta_tilt,5.3,53,1.290883621401232,p01,lambda_only
delta_tilt,5.4,54,1.2900545418093008,p01,lambda_only
delta_tilt,5.5,55,1.2892357208286522,p01,lambda_only
delta_tilt,5.6,56,1.28842760423121,p01,lambda_only
delta_tilt,5.7,57,1.2876314457565188,p01,lambda_only
delta_tilt,5.8,58,1.286876995583069,p01,lambda_only
delta_tilt,5.9,59,1.2861338422661734,p01,lambda_only
delta_tilt,6.0,60,1.2854023486536743,p01,lambda_only
delta_tilt,6.1,61,1.2846828537939263,p01,lambda_only
delta_tilt,6.2,62,1.2839756729708198,p01,lambda_only
delta_tilt,6.3,63,1.283281097898785,p01,lambda_only
delta_tilt,6.4,64,1.282599397063097,p01,lambda_only
delta_tilt,6.5,65,1.2819308161893763,p01,lambda_only
delta_tilt,6.6,66,1.2812755788252468,p01,lambda_only
delta_tilt,6.7,67,1.2806338870166163,p01,lambda_only
delta_tilt,6.8,68,1.2800059220610067,p01,lambda_only
delta_tilt,6.9,69,1.2793918453206812,p01,lambda_only
delta_tilt,7.0,70,1.2788110077774049,p01,lambda_only
delta_tilt,7.1,71,1.2782519767887184,p01,lambda_only
delta_tilt,7.2,72,1.2777143315984796,p01,lambda_only
delta_tilt,7.3,73,1.277190392915656,p01,lambda_only
delta_tilt,7.4,74,1.2766838939487406,p01,lambda_only
delta_tilt,7.5,75,1.2761929439396762,p01,lambda_only
delta_tilt,7.6,76,1.275715745303021,p01,lambda_only
delta_tilt,7.7,77,1.2752523421375896,p01,lambda_only
delta_tilt,7.8,78,1.2748027654398606,p01,lambda_only
delta_tilt,7.9,79,1.2743670338442405,p01,lambda_only
delta_tilt,8.0,80,1.2739451543222333,p01,lambda_only
delta_tilt,8.1,81,1.2735371228378451,p01,lambda_only
delta_tilt,8.2,82,1.2731429249576431,p01,lambda_only
delta_tilt,8.3,83,1.2727625364149868,p01,lambda_only
delta_tilt,8.4,84,1.272395923628663,p01,lambda_only
delta_tilt,8.5,85,1.2720430441770874,p01,lambda_only
delta_tilt,8.6,86,1.2717038472297089,p01,lambda_only
delta_tilt,8.7,87,1.271378273937868,p01,lambda_only
delta_tilt,8.8,88,1.271066257787702,p01,lambda_only
delta_tilt,8.9,89,1.2707677249179905,p01,lambda_only
delta_tilt,9.0,90,1.2704825944060774,p01,lambda_only
delta_tilt,9.1,91,1.2702107785250796,p01,lambda_only
delta_tilt,9.2,92,1.2699521829756557,p01,lambda_only
delta_tilt,9.3,93,1.2697067070956216,p01,lambda_only
delta_tilt,9.4,94,1.269474244050592,p01,lambda_only
delta_tilt,9.5,95,1.2692546810087408,p01,lambda_only
delta_tilt,9.6,96,1.2690478993026133,p01,lambda_only
delta_tilt,9.7,97,1.2688537745807769,p01,lambda_only
delta_tilt,9.8,98,1.2686721769518612,p01,lambda_only
delta_tilt,9.9,99,1.26850297112337,p01,lambda_only
delta_tilt,10.0,100,1.2683460165373883,p01,lambda_only
delta_tilt,10.1,101,1.268201167505135,p01,lambda_only
delta_tilt,10.2,102,1.2680682733420383,p01,lambda_only
delta_tilt,10.3,103,1.2679471785048269,p01,lambda_only
delta_tilt,10.4,104,1.2678377227318893,p01,lambda_only
delta_tilt,10.5,105,1.2677397411879734,p01,lambda_only
delta_tilt,10.6,106,1.267760052551529,p01,lambda_only
delta_tilt,10.7,107,1.2678008894373247,p01,lambda_only
delta_tilt,10.8,108,1.2678515773324732,p01,lambda_only
delta_tilt,10.9,109,1.2679119380605244,p01,lambda_only
delta_tilt,11.0,110,1.2679817889362819,p01,lambda_only
delta_tilt,11.1,111,1.2680609429663119,p01,lambda_only
delta_tilt,11.2,112,1.2681492090606332,p01,lambda_only
delta_tilt,11.3,113,1.2682463922547975,p01,lambda_only
delta_tilt,11.4,114,1.2683522939415721,p01,lambda_only
delta_tilt,11.5,115,1.2684667121113669,p01,lambda_only
delta_tilt,11.6,116,1.268589441600479,p01,lambda_only
delta_tilt,11.7,117,1.268720274346252,p01,lambda_only
delta_tilt,11.8,118,1.2688589996481738,p01,lambda_only
delta_tilt,11.9,119,1.2690054044339478,p01,lambda_only
delta_tilt,12.0,120,1.2691592735295507,p01,lambda_only
delta_tilt,12.1,121,1.26932038993233,p01,lambda_only
delta_tilt,12.2,122,1.2694885350861078,p01,lambda_only
delta_tilt,12.3,123,1.2696634891574077,p01,lambda_only
delta_tilt,12.4,124,1.2698450313117964,p01,lambda_only
delta_tilt,12.5,125,1.2700329399894656,p01,lambda_only
delta_tilt,12.6,126,1.2702269931791326,p01,lambda_only
delta_tilt,12.7,127,1.2704269686894254,p01,lambda_only
delta_tilt,12.8,128,1.2706326444169114,p01,lambda_only
delta_tilt,12.9,129,1.2708437986099874,p01,lambda_only
delta_tilt,13.0,130,1.2710602101278883,p01,lambda_only
delta_tilt,13.1,131,1.2712816586941198,p01,lambda_only
delta_tilt,13.2,132,1.2715079251436372,p01,lambda_only
delta_tilt,13.3,133,1.2717387916631948,p01,lambda_only
delta_tilt,13.4,134,1.2719740420242756,p01,lambda_only
delta_tilt,13.5,135,1.2722134618081018,p01,lambda_only
delta_tilt,13.6,136,1.2724568386222816,p01,lambda_only
delta_tilt,13.7,137,1.2727039623086362,p01,lambda_only
delta_tilt,13.8,138,1.272954625141899,p01,lambda_only
delta_tilt,13.9,139,1.2732086220189276,p01,lambda_only
delta_tilt,14.0,140,1.2734657506381937,p01,lambda_only
delta_tilt,14.1,141,1.2737482800839395,p01,lambda_only
delta_tilt,14.2,142,1.2740553641560737,p01,lambda_only
delta_tilt,14.3,143,1.2743645127925969,p01,lambda_only
delta_tilt,14.4,144,1.2746755357492885,p01,lambda_only
delta_tilt,14.5,145,1.2749882465257112,p01,lambda_only
delta_tilt,14.6,146,1.2753024624836884,p01,lambda_only
delta_tilt,14.7,147,1.2756180049550196,p01,lambda_only
delta_tilt,14.8,148,1.2759346993384963,p01,lambda_only
delta_tilt,14.9,149,1.2762523751863453,p01,lambda_only
delta_tilt,15.0,150,1.276570866280254,p01,lambda_only
delta_tilt,0.0,0,1.3588819054244272,p01,family_and_parameter
delta_tilt,0.1,1,1.3560870197998942,p01,family_and_parameter
delta_tilt,0.2,2,1.3549826019824014,p01,family_and_parameter
delta_tilt,0.3,3,1.3538400904968027,p01,family_and_parameter
delta_tilt,0.4,4,1.3526615165398483,p01,family_and_parameter
delta_tilt,0.5,5,1.3514488135013125,p01,family_and_parameter
delta_tilt,0.6,6,1.350203818169741,p01,family_and_parameter
delta_tilt,0.7,7,1.3489282731227903,p01,family_and_parameter
delta_tilt,0.8,8,1.3476238301676593,p01,family_and_parameter
delta_tilt,0.9,9,1.3462920546939945,p01,family_and_parameter
delta_tilt,1.0,10,1.3449344308007496,p01,family_and_parameter
delta_tilt,1.1,11,1.3435748512187486,p01,family_and_parameter
delta_tilt,1.2,12,1.3423004616830139,p01,family_and_parameter
delta_tilt,1.3,13,1.3410023960097988,p01,family_and_parameter
delta_tilt,1.4,14,1.3396970907677896,p01,family_and_parameter
delta_tilt,1.5,15,1.33837240228917,p01,family_and_parameter
delta_tilt,1.6,16,1.3370722245390603,p01,family_and_parameter
delta_tilt,1.7,17,1.3358385072103207,p01,family_and_parameter
delta_tilt,1.8,18,1.334583982662703,p01,family_and_parameter
delta_tilt,1.9,19,1.3333096436994383,p01,family_and_parameter
delta_tilt,2.0,20,1.332016464839377,p01,family_and_parameter
delta_tilt,2.1,21,1.330705408173046,p01,family_and_parameter
delta_tilt,2.2,22,1.3293774288688085,p01,family_and_parameter
delta_tilt,2.3,23,1.328033480275772,p01,family_and_parameter
delta_tilt,2.4,24,1.3266745185780109,p01,family_and_parameter
delta_tilt,2.5,25,1.3253050867289695,p01,family_and_parameter
delta_tilt,2.6,26,1.3240031885422041,p01,family_and_parameter
delta_tilt,2.7,27,1.3227037030931614,p01,family_and_parameter
delta_tilt,2.8,28,1.3214037571330592,p01,family_and_parameter
delta_tilt,2.9,29,1.3201018295768179,p01,family_and_parameter
delta_tilt,3.0,30,1.3187897615200972,p01,family_and_parameter
delta_tilt,3.1,31,1.317468543746515,p01,family_and_parameter
delta_tilt,3.2,32,1.3161391882492028,p01,family_and_parameter
delta_tilt,3.3,33,1.3148027283105725,p01,family_and_parameter
delta_tilt,3.4,34,1.3134602180508541,p01,family_and_parameter
delta_tilt,3.5,35,1.3121127314630332,p01,family_and_parameter
delta_tilt,3.6,36,1.3107613609570279,p01,family_and_parameter
delta_tilt,3.7,37,1.3094072154410206,p01,family_and_parameter
delta_tilt,3.8,38,1.3080824827132072,p01,family_and_parameter
delta_tilt,3.9,39,1.3067873611876113,p01,family_and_parameter
delta_tilt,4.0,40,1.3055105647647558,p01,family_and_parameter
delta_tilt,4.1,41,1.3042487659492166,p01,family_and_parameter
delta_tilt,4.2,42,1.3029980862496315,p01,family_and_parameter
delta_tilt,4.3,43,1.3017710457075675,p01,family_and_parameter
delta_tilt,4.4,44,1.3005742874335124,p01,family_and_parameter
delta_tilt,4.5,45,1.2993875779532165,p01,family_and_parameter
delta_tilt,4.6,46,1.29820876565322,p01,family_and_parameter
delta_tilt,4.7,47,1.2970388041085488,p01,family_and_parameter
delta_tilt,4.8,48,1.2958786290059632,p01,family_and_parameter
delta_tilt,4.9,49,1.2947291545268473,p01,family_and_parameter
delta_tilt,5.0,50,1.293591269901691,p01,family_and_parameter
delta_tilt,5.1,51,1.2925706625291142,p01,family_and_parameter
delta_tilt,5.2,52,1.2917224914754395,p01,family_and_parameter
delta_tilt,5.3,53,1.290883621401232,p01,family_and_parameter
delta_tilt,5.4,54,1.2900545418093008,p01,family_and_parameter
delta_tilt,5.5,55,1.2892357208286522,p01,family_and_parameter
delta_tilt,5.6,56,1.28842760423121,p01,family_and_parameter
delta_tilt,5.7,57,1.2876314457565188,p01,family_and_parameter
delta_tilt,5.8,58,1.286876995583069,p01,family_and_parameter
delta_tilt,5.9,59,1.2861338422661734,p01,family_and_parameter
delta_tilt,6.0,60,1.2854023486536743,p01,family_and_parameter
delta_tilt,6.1,61,1.2846828537939263,p01,family_and_parameter
delta_tilt,6.2,62,1.2839756729708198,p01,family_and_parameter
delta_tilt,6.3,63,1.283281097898785,p01,family_and_parameter
delta_tilt,6.4,64,1.282599397063097,p01,family_and_parameter
delta_tilt,6.5,65,1.2819308161893763,p01,family_and_parameter
delta_tilt,6.6,66,1.2812755788252468,p01,family_and_parameter
delta_tilt,6.7,67,1.2806338870166163,p01,family_and_parameter
delta_tilt,6.8,68,1.2800059220610067,p01,family_and_parameter
delta_tilt,6.9,69,1.2793918453206812,p01,family_and_parameter
delta_tilt,7.0,70,1.2788110077774049,p01,family_and_parameter
delta_tilt,7.1,71,1.2782519767887184,p01,family_and_parameter
delta_tilt,7.2,72,1.2777143315984796,p01,family_and_parameter
delta_tilt,7.3,73,1.277190392915656,p01,family_and_parameter
delta_tilt,7.4,74,1.2766838939487406,p01,family_and_parameter
delta_tilt,7.5,75,1.2761929439396762,p01,family_and_parameter
delta_tilt,7.6,76,1.275715745303021,p01,family_and_parameter
delta_tilt,7.7,77,1.2752523421375896,p01,family_and_parameter
delta_tilt,7.8,78,1.2748027654398606,p01,family_and_parameter
delta_tilt,7.9,79,1.2743670338442405,p01,family_and_parameter
delta_tilt,8.0,80,1.2739451543222333,p01,family_and_parameter
delta_tilt,8.1,81,1.2735371228378451,p01,family_and_parameter
delta_tilt,8.2,82,1.2731429249576431,p01,family_and_parameter
delta_tilt,8.3,83,1.2727625364149868,p01,family_and_parameter
delta_tilt,8.4,84,1.272395923628663,p01,family_and_parameter
delta_tilt,8.5,85,1.2720430441770874,p01,family_and_parameter
delta_tilt,8.6,86,1.2717038472297089,p01,family_and_parameter
delta_tilt,8.7,87,1.271378273937868,p01,family_and_parameter
delta_tilt,8.8,88,1.271066257787702,p01,family_and_parameter
delta_tilt,8.9,89,1.2707677249179905,p01,family_and_parameter
delta_tilt,9.0,90,1.2704825944060774,p01,family_and_parameter
delta_tilt,9.1,91,1.2702107785250796,p01,family_and_parameter
delta_tilt,9.2,92,1.2699521829756557,p01,family_and_parameter
delta_tilt,9.3,93,1.2697067070956216,p01,family_and_parameter
delta_tilt,9.4,94,1.269474244050592,p01,family_and_parameter
delta_tilt,9.5,95,1.2692546810087408,p01,family_and_parameter
delta_tilt,9.6,96,1.2690478993026133,p01,family_and_parameter
delta_tilt,9.7,97,1.2688537745807769,p01,family_and_parameter
delta_tilt,9.8,98,1.2686721769518612,p01,family_and_parameter
delta_tilt,9.9,99,1.26850297112337,p01,family_and_parameter
delta_tilt,10.0,100,1.2683460165373883,p01,family_and_parameter
delta_tilt,10.1,101,1.268201167505135,p01,family_and_parameter
delta_tilt,10.2,102,1.2680682733420383,p01,family_and_parameter
delta_tilt,10.3,103,1.2679471785048269,p01,family_and_parameter
delta_tilt,10.4,104,1.2678377227318893,p01,family_and_parameter
delta_tilt,10.5,105,1.2677397411879734,p01,family_and_parameter
delta_tilt,10.6,106,1.267760052551529,p01,family_and_parameter
delta_tilt,10.7,107,1.2678008894373247,p01,family_and_parameter
delta_tilt,10.8,108,1.2678515773324732,p01,family_and_parameter
delta_tilt,10.9,109,1.2679119380605244,p01,family_and_parameter
delta_tilt,11.0,110,1.2679817889362819,p01,family_and_parameter
delta_tilt,11.1,111,1.2680609429663119,p01,family_and_parameter
delta_tilt,11.2,112,1.2681492090606332,p01,family_and_parameter
delta_tilt,11.3,113,1.2682463922547975,p01,family_and_parameter
delta_tilt,11.4,114,1.2683522939415721,p01,family_and_parameter
delta_tilt,11.5,115,1.2684667121113669,p01,family_and_parameter
delta_tilt,11.6,116,1.268589441600479,p01,family_and_parameter
delta_tilt,11.7,117,1.268720274346252,p01,family_and_parameter
delta_tilt,11.8,118,1.2688589996481738,p01,family_and_parameter
delta_tilt,11.9,119,1.2690054044339478,p01,family_and_parameter
delta_tilt,12.0,120,1.2691592735295507,p01,family_and_parameter
delta_tilt,12.1,121,1.26932038993233,p01,family_and_parameter
delta_tilt,12.2,122,1.2694885350861078,p01,family_and_parameter
delta_tilt,12.3,123,1.2696634891574077,p01,family_and_parameter
delta_tilt,12.4,124,1.2698450313117964,p01,family_and_parameter
delta_tilt,12.5,125,1.2700329399894656,p01,family_and_parameter
delta_tilt,12.6,126,1.2702269931791326,p01,family_and_parameter
delta_tilt,12.7,127,1.2704269686894254,p01,family_and_parameter
delta_tilt,12.8,128,1.2706326444169114,p01,family_and_parameter
delta_tilt,12.9,129,1.2708437986099874,p01,family_and_parameter
delta_tilt,13.0,130,1.2710602101278883,p01,family_and_parameter
delta_tilt,13.1,131,1.2712816586941198,p01,family_and_parameter
delta_tilt,13.2,132,1.2715079251436372,p01,family_and_parameter
delta_tilt,13.3,133,1.2717387916631948,p01,family_and_parameter
delta_tilt,13.4,134,1.2719740420242756,p01,family_and_parameter
delta_tilt,13.5,135,1.2722134618081018,p01,family_and_parameter
delta_tilt,13.6,136,1.2724568386222816,p01,family_and_parameter
delta_tilt,13.7,137,1.2727039623086362,p01,family_and_parameter
delta_tilt,13.8,138,1.272954625141899,p01,family_and_parameter
delta_tilt,13.9,139,1.2732086220189276,p01,family_and_parameter
delta_tilt,14.0,140,1.2734657506381937,p01,family_and_parameter
delta_tilt,14.1,141,1.2737482800839395,p01,family_and_parameter
delta_tilt,14.2,142,1.2740553641560737,p01,family_and_parameter
delta_tilt,14.3,143,1.2743645127925969,p01,family_and_parameter
delta_tilt,14.4,144,1.2746755357492885,p01,family_and_parameter
delta_tilt,14.5,145,1.2749882465257112,p01,family_and_parameter
delta_tilt,14.6,146,1.2753024624836884,p01,family_and_parameter
delta_tilt,14.7,147,1.2756180049550196,p01,family_and_parameter
delta_tilt,14.8,148,1.2759346993384963,p01,family_and_parameter
delta_tilt,14.9,149,1.2762523751863453,p01,family_and_parameter
delta_tilt,15.0,150,1.276570866280254,p01,family_and_parameter
base_mean,,151,1.3588819054244272,p01,family_and_parameter
variance,,152,1.357151215054483,p01,family_and_parameter
upper_70,,153,1.3670336135178813,p01,family_and_parameter
upper_80,,154,1.3191212567392552,p01,family_and_parameter
upper_90,,155,1.6077805978598962,p01,family_and_parameter
upper_tail_area_70,,156,1.4140637349524916,p01,family_and_parameter
delta_tilt,0.0,0,1.3542876735643354,p02,lambda_only
delta_tilt,0.1,1,1.341666750825535,p02,lambda_only
delta_tilt,0.2,2,1.3405945529611334,p02,lambda_only
delta_tilt,0.3,3,1.3394871068560315,p02,lambda_only
delta_tilt,0.4,4,1.3383762910911725,p02,lambda_only
delta_tilt,0.5,5,1.3372461655378574,p02,lambda_only
delta_tilt,0.6,6,1.3360843629456451,p02,lambda_only
delta_tilt,0.7,7,1.3348921700478158,p02,lambda_only
delta_tilt,0.8,8,1.3336708349962945,p02,lambda_only
delta_tilt,0.9,9,1.3324215694404071,p02,lambda_only
delta_tilt,1.0,10,1.3311455510130628,p02,lambda_only
delta_tilt,1.1,11,1.3298994891442455,p02,lambda_only
delta_tilt,1.2,12,1.328705633717208,p02,lambda_only
delta_tilt,1.3,13,1.3274867361183988,p02,lambda_only
delta_tilt,1.4,14,1.3262438675372947,p02,lambda_only
delta_tilt,1.5,15,1.3249924369600934,p02,lambda_only
delta_tilt,1.6,16,1.3237477692290867,p02,lambda_only
delta_tilt,1.7,17,1.3225328788310133,p02,lambda_only
delta_tilt,1.8,18,1.321348887085042,p02,lambda_only
delta_tilt,1.9,19,1.3201435531513082,p02,lambda_only
delta_tilt,2.0,20,1.3189177977291884,p02,lambda_only
delta_tilt,2.1,21,1.3176725462200098,p02,lambda_only
delta_tilt,2.2,22,1.316408732094155,p02,lambda_only
delta_tilt,2.3,23,1.3151273000116939,p02,lambda_only
delta_tilt,2.4,24,1.3138292086533263,p02,lambda_only
delta_tilt,2.5,25,1.312530519929304,p02,lambda_only
delta_tilt,2.6,26,1.3112965581750209,p02,lambda_only
delta_tilt,2.7,27,1.3100549951418305,p02,lambda_only
delta_tilt,2.8,28,1.3088011866308136,p02,lambda_only
delta_tilt,2.9,29,1.3075546965798284,p02,lambda_only
delta_tilt,3.0,30,1.306296687674766,p02,lambda_only
delta_tilt,3.1,31,1.3050281818200513,p02,lambda_only
delta_tilt,3.2,32,1.3037502245835266,p02,lambda_only
delta_tilt,3.3,33,1.3024638846269359,p02,lambda_only
delta_tilt,3.4,34,1.3011702526955904,p02,lambda_only
delta_tilt,3.5,35,1.2998704401766499,p02,lambda_only
delta_tilt,3.6,36,1.2985655772408984,p02,lambda_only
delta_tilt,3.7,37,1.2972568105882143,p02,lambda_only
delta_tilt,3.8,38,1.2959815336144804,p02,lambda_only
delta_tilt,3.9,39,1.2947441663868149,p02,lambda_only
delta_tilt,4.0,40,1.293520224440597,p02,lambda_only
delta_tilt,4.1,41,1.2923310240314774,p02,lambda_only
delta_tilt,4.2,42,1.2911628259758856,p02,lambda_only
delta_tilt,4.3,43,1.2900028196496074,p02,lambda_only
delta_tilt,4.4,44,1.2888594960791406,p02,lambda_only
delta_tilt,4.5,45,1.2877220644196232,p02,lambda_only
delta_tilt,4.6,46,1.2865915231382632,p02,lambda_only
delta_tilt,4.7,47,1.285468855479525,p02,lambda_only
delta_tilt,4.8,48,1.2843602998837813,p02,lambda_only
delta_tilt,4.9,49,1.2832609390424707,p02,lambda_only
delta_tilt,5.0,50,1.28218733916974,p02,lambda_only
delta_tilt,5.1,51,1.2812444512893157,p02,lambda_only
delta_tilt,5.2,52,1.2804134575814388,p02,lambda_only
delta_tilt,5.3,53,1.2796247314599607,p02,lambda_only
delta_tilt,5.4,54,1.2788444194480644,p02,lambda_only
delta_tilt,5.5,55,1.2780730214042175,p02,lambda_only
delta_tilt,5.6,56,1.2773126411335523,p02,lambda_only
delta_tilt,5.7,57,1.2765921345656834,p02,lambda_only
delta_tilt,5.8,58,1.2758812637309895,p02,lambda_only
delta_tilt,5.9,59,1.275180447026848,p02,lambda_only
delta_tilt,6.0,60,1.2744900788178575,p02,lambda_only
delta_tilt,6.1,61,1.2738105291979012,p02,lambda_only
delta_tilt,6.2,62,1.2731421439267367,p02,lambda_only
delta_tilt,6.3,63,1.272485244530256,p02,lambda_only
delta_tilt,6.4,64,1.2718401285513479,p02,lambda_only
delta_tilt,6.5,65,1.2712070699368003,p02,lambda_only
delta_tilt,6.6,66,1.270586319544392,p02,lambda_only
delta_tilt,6.7,67,1.2699781057536559,p02,lambda_only
delta_tilt,6.8,68,1.2693826351634636,p02,lambda_only
delta_tilt,6.9,69,1.2688211826580422,p02,lambda_only
delta_tilt,7.0,70,1.2682823694830723,p02,lambda_only
delta_tilt,7.1,71,1.2677653507684403,p02,lambda_only
delta_tilt,7.2,72,1.2672612526555895,p02,lambda_only
delta_tilt,7.3,73,1.2667701848340602,p02,lambda_only
delta_tilt,7.4,74,1.2662922403695898,p02,lambda_only
delta_tilt,7.5,75,1.265827921770674,p02,lambda_only
delta_tilt,7.6,76,1.265381522882963,p02,lambda_only
delta_tilt,7.7,77,1.2649482693203784,p02,lambda_only
delta_tilt,7.8,78,1.2645281986795882,p02,lambda_only
delta_tilt,7.9,79,1.2641213356902372,p02,lambda_only
delta_tilt,8.0,80,1.2637276929332937,p02,lambda_only
delta_tilt,8.1,81,1.2633472715189324,p02,lambda_only
delta_tilt,8.2,82,1.2629800617220124,p02,lambda_only
delta_tilt,8.3,83,1.2626260435741976,p02,lambda_only
delta_tilt,8.4,84,1.2622851874125973,p02,lambda_only
delta_tilt,8.5,85,1.2619574543856322,p02,lambda_only
delta_tilt,8.6,86,1.261642796917421,p02,lambda_only
delta_tilt,8.7,87,1.2613411591325188,p02,lambda_only
delta_tilt,8.8,88,1.2610524772432874,p02,lambda_only
delta_tilt,8.9,89,1.2607766799024582,p02,lambda_only
delta_tilt,9.0,90,1.2605136885237063,p02,lambda_only
delta_tilt,9.1,91,1.260263417573195,p02,lambda_only
delta_tilt,9.2,92,1.2600257748351247,p02,lambda_only
delta_tilt,9.3,93,1.2598006616543294,p02,lambda_only
delta_tilt,9.4,94,1.2595879731589341,p02,lambda_only
delta_tilt,9.5,95,1.259387598465987,p02,lambda_only
delta_tilt,9.6,96,1.2591994208728754,p02,lambda_only
delta_tilt,9.7,97,1.2590233180371637,p02,lambda_only
delta_tilt,9.8,98,1.2588591621473324,p02,lambda_only
delta_tilt,9.9,99,1.2587068200866962,p02,lambda_only
delta_tilt,10.0,100,1.2585661535926047,p02,lambda_only
delta_tilt,10.1,101,1.258437019412772,p02,lambda_only
delta_tilt,10.2,102,1.2583192694604233,p02,lambda_only
delta_tilt,10.3,103,1.2582127509697265,p02,lambda_only
delta_tilt,10.4,104,1.2581173066527267,p02,lambda_only
delta_tilt,10.5,105,1.2580327748589042,p02,lambda_only
delta_tilt,10.6,106,1.2579589897381709,p02,lambda_only
delta_tilt,10.7,107,1.2578957814080194,p02,lambda_only
delta_tilt,10.8,108,1.2578429761253727,p02,lambda_only
delta_tilt,10.9,109,1.257800396463453,p02,lambda_only
delta_tilt,11.0,110,1.2577678614939352,p02,lambda_only
delta_tilt,11.1,111,1.257745186974457,p02,lambda_only
delta_tilt,11.2,112,1.257732185541459,p02,lambda_only
delta_tilt,11.3,113,1.2577725352706086,p02,lambda_only
delta_tilt,11.4,114,1.2578837384406818,p02,lambda_only
delta_tilt,11.5,115,1.2580029266815396,p02,lambda_only
delta_tilt,11.6,116,1.2581299003305695,p02,lambda_only
delta_tilt,11.7,117,1.2582644571656942,p02,lambda_only
delta_tilt,11.8,118,1.2584063926583728,p02,lambda_only
delta_tilt,11.9,119,1.2585555002305113,p02,lambda_only
delta_tilt,12.0,120,1.2587115715143897,p02,lambda_only
delta_tilt,12.1,121,1.2588743966146996,p02,lambda_only
delta_tilt,12.2,122,1.2590437643718086,p02,lambda_only
delta_tilt,12.3,123,1.2592194626253492,p02,lambda_only
delta_tilt,12.4,124,1.2594012784772914,p02,lambda_only
delta_tilt,12.5,125,1.259588998553646,p02,lambda_only
delta_tilt,12.6,126,1.2597824092639804,p02,lambda_only
delta_tilt,12.7,127,1.2599812970579778,p02,lambda_only
delta_tilt,12.8,128,1.2601854486782675,p02,lambda_only
delta_tilt,12.9,129,1.2603946514088444,p02,lambda_only
delta_tilt,13.0,130,1.260608693318366,p02,lambda_only
delta_tilt,13.1,131,1.2608273634977356,p02,lambda_only
delta_tilt,13.2,132,1.2610504522913482,p02,lambda_only
delta_tilt,13.3,133,1.261277751521476,p02,lambda_only
delta_tilt,13.4,134,1.2615090547052945,p02,lambda_only
delta_tilt,13.5,135,1.2617441572640773,p02,lambda_only
delta_tilt,13.6,136,1.2619828567241842,p02,lambda_only
delta_tilt,13.7,137,1.2622249529094558,p02,lambda_only
delta_tilt,13.8,138,1.2624702481247174,p02,lambda_only
delta_tilt,13.9,139,1.2627185473301243,p02,lambda_only
delta_tilt,14.0,140,1.2629696583061105,p02,lambda_only
delta_tilt,14.1,141,1.2632233918087974,p02,lambda_only
delta_tilt,14.2,142,1.2634795617156749,p02,lambda_only
delta_tilt,14.3,143,1.2637379851615116,p02,lambda_only
delta_tilt,14.4,144,1.2640280981974035,p02,lambda_only
delta_tilt,14.5,145,1.2643327544803047,p02,lambda_only
delta_tilt,14.6,146,1.2646386539252645,p02,lambda_only
delta_tilt,14.7,147,1.2649456278970557,p02,lambda_only
delta_tilt,14.8,148,1.2652535117428143,p02,lambda_only
delta_tilt,14.9,149,1.2655621448680365,p02,lambda_only
delta_tilt,15.0,150,1.2658713708027653,p02,lambda_only
delta_tilt,0.0,0,1.3542876735643354,p02,family_and_parameter
delta_tilt,0.1,1,1.341666750825535,p02,family_and_parameter
delta_tilt,0.2,2,1.3405945529611334,p02,family_and_parameter
delta_tilt,0.3,3,1.3394871068560315,p02,family_and_parameter
delta_tilt,0.4,4,1.3383762910911725,p02,family_and_parameter
delta_tilt,0.5,5,1.3372461655378574,p02,family_and_parameter
delta_tilt,0.6,6,1.3360843629456451,p02,family_and_parameter
delta_tilt,0.7,7,1.3348921700478158,p02,family_and_parameter
delta_tilt,0.8,8,1.3336708349962945,p02,family_and_parameter
delta_tilt,0.9,9,1.3324215694404071,p02,family_and_parameter
delta_tilt,1.0,10,1.3311455510130628,p02,family_and_parameter
delta_tilt,1.1,11,1.3298994891442455,p02,family_and_parameter
delta_tilt,1.2,12,1.328705633717208,p02,family_and_parameter
delta_tilt,1.3,13,1.3274867361183988,p02,family_and_parameter
delta_tilt,1.4,14,1.3262438675372947,p02,family_and_parameter
delta_tilt,1.5,15,1.3249924369600934,p02,family_and_parameter
delta_tilt,1.6,16,1.3237477692290867,p02,family_and_parameter
delta_tilt,1.7,17,1.3225328788310133,p02,family_and_parameter
delta_tilt,1.8,18,1.321348887085042,p02,family_and_parameter
delta_tilt,1.9,19,1.3201435531513082,p02,family_and_parameter
delta_tilt,2.0,20,1.3189177977291884,p02,family_and_parameter
delta_tilt,2.1,21,1.3176725462200098,p02,family_and_parameter
delta_tilt,2.2,22,1.316408732094155,p02,family_and_parameter
delta_tilt,2.3,23,1.3151273000116939,p02,family_and_parameter
delta_tilt,2.4,24,1.3138292086533263,p02,family_and_parameter
delta_tilt,2.5,25,1.312530519929304,p02,family_and_parameter
delta_tilt,2.6,26,1.3112965581750209,p02,family_and_parameter
delta_tilt,2.7,27,1.3100549951418305,p02,family_and_parameter
delta_tilt,2.8,28,1.3088011866308136,p02,family_and_parameter
delta_tilt,2.9,29,1.3075546965798284,p02,family_and_parameter
delta_tilt,3.0,30,1.306296687674766,p02,family_and_parameter
delta_tilt,3.1,31,1.3050281818200513,p02,family_and_parameter
delta_tilt,3.2,32,1.3037502245835266,p02,family_and_parameter
delta_tilt,3.3,33,1.3024638846269359,p02,family_and_parameter
delta_tilt,3.4,34,1.3011702526955904,p02,family_and_parameter
delta_tilt,3.5,35,1.2998704401766499,p02,family_and_parameter
delta_tilt,3.6,36,1.2985655772408984,p02,family_and_parameter
delta_tilt,3.7,37,1.2972568105882143,p02,family_and_parameter
delta_tilt,3.8,38,1.2959815336144804,p02,family_and_parameter
delta_tilt,3.9,39,1.2947441663868149,p02,family_and_parameter
delta_tilt,4.0,40,1.293520224440597,p02,family_and_parameter
delta_tilt,4.1,41,1.2923310240314774,p02,family_and_parameter
delta_tilt,4.2,42,1.2911628259758856,p02,family_and_parameter
delta_tilt,4.3,43,1.2900028196496074,p02,family_and_parameter
delta_tilt,4.4,44,1.2888594960791406,p02,family_and_parameter
delta_tilt,4.5,45,1.2877220644196232,p02,family_and_parameter
delta_tilt,4.6,46,1.2865915231382632,p02,family_and_parameter
delta_tilt,4.7,47,1.285468855479525,p02,family_and_parameter
delta_tilt,4.8,48,1.2843602998837813,p02,family_and_parameter
delta_tilt,4.9,49,1.2832609390424707,p02,family_and_parameter
delta_tilt,5.0,50,1.28218733916974,p02,family_and_parameter
delta_tilt,5.1,51,1.2812444512893157,p02,family_and_parameter
delta_tilt,5.2,52,1.2804134575814388,p02,family_and_parameter
delta_tilt,5.3,53,1.2796247314599607,p02,family_and_parameter
delta_tilt,5.4,54,1.2788444194480644,p02,family_and_parameter
delta_tilt,5.5,55,1.2780730214042175,p02,family_and_parameter
delta_tilt,5.6,56,1.2773126411335523,p02,family_and_parameter
delta_tilt,5.7,57,1.2765921345656834,p02,family_and_parameter
delta_tilt,5.8,58,1.2758812637309895,p02,family_and_parameter
delta_tilt,5.9,59,1.275180447026848,p02,family_and_parameter
delta_tilt,6.0,60,1.2744900788178575,p02,family_and_parameter
delta_tilt,6.1,61,1.2738105291979012,p02,family_and_parameter
delta_tilt,6.2,62,1.2731421439267367,p02,family_and_parameter
delta_tilt,6.3,63,1.272485244530256,p02,family_and_parameter
delta_tilt,6.4,64,1.2718401285513479,p02,family_and_parameter
delta_tilt,6.5,65,1.2712070699368003,p02,family_and_parameter
delta_tilt,6.6,66,1.270586319544392,p02,family_and_parameter
delta_tilt,6.7,67,1.2699781057536559,p02,family_and_parameter
delta_tilt,6.8,68,1.2693826351634636,p02,family_and_parameter
delta_tilt,6.9,69,1.2688211826580422,p02,family_and_parameter
delta_tilt,7.0,70,1.2682823694830723,p02,family_and_parameter
delta_tilt,7.1,71,1.2677653507684403,p02,family_and_parameter
delta_tilt,7.2,72,1.2672612526555895,p02,family_and_parameter
delta_tilt,7.3,73,1.2667701848340602,p02,family_and_parameter
delta_tilt,7.4,74,1.2662922403695898,p02,family_and_parameter
delta_tilt,7.5,75,1.265827921770674,p02,family_and_parameter
delta_tilt,7.6,76,1.265381522882963,p02,family_and_parameter
delta_tilt,7.7,77,1.2649482693203784,p02,family_and_parameter
delta_tilt,7.8,78,1.2645281986795882,p02,family_and_parameter
delta_tilt,7.9,79,1.2641213356902372,p02,family_and_parameter
delta_tilt,8.0,80,1.2637276929332937,p02,family_and_parameter
delta_tilt,8.1,81,1.2633472715189324,p02,family_and_parameter
delta_tilt,8.2,82,1.2629800617220124,p02,family_and_parameter
delta_tilt,8.3,83,1.2626260435741976,p02,family_and_parameter
delta_tilt,8.4,84,1.2622851874125973,p02,family_and_parameter
delta_tilt,8.5,85,1.2619574543856322,p02,family_and_parameter
delta_tilt,8.6,86,1.261642796917421,p02,family_and_parameter
delta_tilt,8.7,87,1.2613411591325188,p02,family_and_parameter
delta_tilt,8.8,88,1.2610524772432874,p02,family_and_parameter
delta_tilt,8.9,89,1.2607766799024582,p02,family_and_parameter
delta_tilt,9.0,90,1.2605136885237063,p02,family_and_parameter
delta_tilt,9.1,91,1.260263417573195,p02,family_and_parameter
delta_tilt,9.2,92,1.2600257748351247,p02,family_and_parameter
delta_tilt,9.3,93,1.2598006616543294,p02,family_and_parameter
delta_tilt,9.4,94,1.2595879731589341,p02,family_and_parameter
delta_tilt,9.5,95,1.259387598465987,p02,family_and_parameter
delta_tilt,9.6,96,1.2591994208728754,p02,family_and_parameter
delta_tilt,9.7,97,1.2590233180371637,p02,family_and_parameter
delta_tilt,9.8,98,1.2588591621473324,p02,family_and_parameter
delta_tilt,9.9,99,1.2587068200866962,p02,family_and_parameter
delta_tilt,10.0,100,1.2585661535926047,p02,family_and_parameter
delta_tilt,10.1,101,1.258437019412772,p02,family_and_parameter
delta_tilt,10.2,102,1.2583192694604233,p02,family_and_parameter
delta_tilt,10.3,103,1.2582127509697265,p02,family_and_parameter
delta_tilt,10.4,104,1.2581173066527267,p02,family_and_parameter
delta_tilt,10.5,105,1.2580327748589042,p02,family_and_parameter
delta_tilt,10.6,106,1.2579589897381709,p02,family_and_parameter
delta_tilt,10.7,107,1.2578957814080194,p02,family_and_parameter
delta_tilt,10.8,108,1.2578429761253727,p02,family_and_parameter
delta_tilt,10.9,109,1.257800396463453,p02,family_and_parameter
delta_tilt,11.0,110,1.2577678614939352,p02,family_and_parameter
delta_tilt,11.1,111,1.257745186974457,p02,family_and_parameter
delta_tilt,11.2,112,1.257732185541459,p02,family_and_parameter
delta_tilt,11.3,113,1.2577725352706086,p02,family_and_parameter
delta_tilt,11.4,114,1.2578837384406818,p02,family_and_parameter
delta_tilt,11.5,115,1.2580029266815396,p02,family_and_parameter
delta_tilt,11.6,116,1.2581299003305695,p02,family_and_parameter
delta_tilt,11.7,117,1.2582644571656942,p02,family_and_parameter
delta_tilt,11.8,118,1.2584063926583728,p02,family_and_parameter
delta_tilt,11.9,119,1.2585555002305113,p02,family_and_parameter
delta_tilt,12.0,120,1.2587115715143897,p02,family_and_parameter
delta_tilt,12.1,121,1.2588743966146996,p02,family_and_parameter
delta_tilt,12.2,122,1.2590437643718086,p02,family_and_parameter
delta_tilt,12.3,123,1.2592194626253492,p02,family_and_parameter
delta_tilt,12.4,124,1.2594012784772914,p02,family_and_parameter
delta_tilt,12.5,125,1.259588998553646,p02,family_and_parameter
delta_tilt,12.6,126,1.2597824092639804,p02,family_and_parameter
delta_tilt,12.7,127,1.2599812970579778,p02,family_and_parameter
delta_tilt,12.8,128,1.2601854486782675,p02,family_and_parameter
delta_tilt,12.9,129,1.2603946514088444,p02,family_and_parameter
delta_tilt,13.0,130,1.260608693318366,p02,family_and_parameter
delta_tilt,13.1,131,1.2608273634977356,p02,family_and_parameter
delta_tilt,13.2,132,1.2610504522913482,p02,family_and_parameter
delta_tilt,13.3,133,1.261277751521476,p02,family_and_parameter
delta_tilt,13.4,134,1.2615090547052945,p02,family_and_parameter
delta_tilt,13.5,135,1.2617441572640773,p02,family_and_parameter
delta_tilt,13.6,136,1.2619828567241842,p02,family_and_parameter
delta_tilt,13.7,137,1.2622249529094558,p02,family_and_parameter
delta_tilt,13.8,138,1.2624702481247174,p02,family_and_parameter
delta_tilt,13.9,139,1.2627185473301243,p02,family_and_parameter
delta_tilt,14.0,140,1.2629696583061105,p02,family_and_parameter
delta_tilt,14.1,141,1.2632233918087974,p02,family_and_parameter
delta_tilt,14.2,142,1.2634795617156749,p02,family_and_parameter
delta_tilt,14.3,143,1.2637379851615116,p02,family_and_parameter
delta_tilt,14.4,144,1.2640280981974035,p02,family_and_parameter
delta_tilt,14.5,145,1.2643327544803047,p02,family_and_parameter
delta_tilt,14.6,146,1.2646386539252645,p02,family_and_parameter
delta_tilt,14.7,147,1.2649456278970557,p02,family_and_parameter
delta_tilt,14.8,148,1.2652535117428143,p02,family_and_parameter
delta_tilt,14.9,149,1.2655621448680365,p02,family_and_parameter
delta_tilt,15.0,150,1.2658713708027653,p02,family_and_parameter
base_mean,,151,1.3542876735643354,p02,family_and_parameter
variance,,152,1.342702256790492,p02,family_and_parameter
upper_70,,153,1.3570751466358646,p02,family_and_parameter
upper_80,,154,1.3159755106789852,p02,family_and_parameter
upper_90,,155,1.6021001502780206,p02,family_and_parameter
upper_tail_area_70,,156,1.4141467879517517,p02,family_and_parameter
delta_tilt,0.0,0,1.3980734248263318,p03,lambda_only
delta_tilt,0.1,1,1.3836619965543882,p03,lambda_only
delta_tilt,0.2,2,1.382581059349038,p03,lambda_only
delta_tilt,0.3,3,1.381500661228063,p03,lambda_only
delta_tilt,0.4,4,1.380387413612903,p03,lambda_only
delta_tilt,0.5,5,1.379245684095654,p03,lambda_only
delta_tilt,0.6,6,1.3780760261405232,p03,lambda_only
delta_tilt,0.7,7,1.376877120185348,p03,lambda_only
delta_tilt,0.8,8,1.3756501014201876,p03,lambda_only
delta_tilt,0.9,9,1.3743960768010202,p03,lambda_only
delta_tilt,1.0,10,1.3731161273792025,p03,lambda_only
delta_tilt,1.1,11,1.3718113109673509,p03,lambda_only
delta_tilt,1.2,12,1.3704826650929092,p03,lambda_only
delta_tilt,1.3,13,1.369131210185424,p03,lambda_only
delta_tilt,1.4,14,1.3677816384760628,p03,lambda_only
delta_tilt,1.5,15,1.3664230915396696,p03,lambda_only
delta_tilt,1.6,16,1.3651239352381581,p03,lambda_only
delta_tilt,1.7,17,1.3638263628382723,p03,lambda_only
delta_tilt,1.8,18,1.3625097376987276,p03,lambda_only
delta_tilt,1.9,19,1.361228962481982,p03,lambda_only
delta_tilt,2.0,20,1.3599960124582633,p03,lambda_only
delta_tilt,2.1,21,1.35874518502366,p03,lambda_only
delta_tilt,2.2,22,1.3574773822898685,p03,lambda_only
delta_tilt,2.3,23,1.3562682545734213,p03,lambda_only
delta_tilt,2.4,24,1.3550659643144631,p03,lambda_only
delta_tilt,2.5,25,1.353849118151918,p03,lambda_only
delta_tilt,2.6,26,1.352618610080284,p03,lambda_only
delta_tilt,2.7,27,1.3513753545814704,p03,lambda_only
delta_tilt,2.8,28,1.3501202875701437,p03,lambda_only
delta_tilt,2.9,29,1.3488543669356645,p03,lambda_only
delta_tilt,3.0,30,1.3475785726724592,p03,lambda_only
delta_tilt,3.1,31,1.3462939065957127,p03,lambda_only
delta_tilt,3.2,32,1.3450158660889797,p03,lambda_only
delta_tilt,3.3,33,1.34373601875537,p03,lambda_only
delta_tilt,3.4,34,1.342450155892481,p03,lambda_only
delta_tilt,3.5,35,1.3411593505504993,p03,lambda_only
delta_tilt,3.6,36,1.3398781439941512,p03,lambda_only
delta_tilt,3.7,37,1.338595618276138,p03,lambda_only
delta_tilt,3.8,38,1.3373173783413208,p03,lambda_only
delta_tilt,3.9,39,1.336097805838562,p03,lambda_only
delta_tilt,4.0,40,1.3349005977187478,p03,lambda_only
delta_tilt,4.1,41,1.3337060807603147,p03,lambda_only
delta_tilt,4.2,42,1.3325152493131642,p03,lambda_only
delta_tilt,4.3,43,1.3313290930997617,p03,lambda_only
delta_tilt,4.4,44,1.330148593538787,p03,lambda_only
delta_tilt,4.5,45,1.3289747200763753,p03,lambda_only
delta_tilt,4.6,46,1.3278084265714707,p03,lambda_only
delta_tilt,4.7,47,1.3266506477805358,p03,lambda_only
delta_tilt,4.8,48,1.3255022959847784,p03,lambda_only
delta_tilt,4.9,49,1.3243765745472256,p03,lambda_only
delta_tilt,5.0,50,1.323494374640265,p03,lambda_only
delta_tilt,5.1,51,1.322651610968288,p03,lambda_only
delta_tilt,5.2,52,1.3218171363482578,p03,lambda_only
delta_tilt,5.3,53,1.3209914189516712,p03,lambda_only
delta_tilt,5.4,54,1.320174905479785,p03,lambda_only
delta_tilt,5.5,55,1.3193680205431062,p03,lambda_only
delta_tilt,5.6,56,1.3185711662303554,p03,lambda_only
delta_tilt,5.7,57,1.3177903255330885,p03,lambda_only
delta_tilt,5.8,58,1.3170240546693412,p03,lambda_only
delta_tilt,5.9,59,1.3162685105506047,p03,lambda_only
delta_tilt,6.0,60,1.3155473712333152,p03,lambda_only
delta_tilt,6.1,61,1.3148553257323223,p03,lambda_only
delta_tilt,6.2,62,1.3141748826687354,p03,lambda_only
delta_tilt,6.3,63,1.313506261737515,p03,lambda_only
delta_tilt,6.4,64,1.3128625869048818,p03,lambda_only
delta_tilt,6.5,65,1.312231543997376,p03,lambda_only
delta_tilt,6.6,66,1.311612549538369,p03,lambda_only
delta_tilt,6.7,67,1.3110057625287703,p03,lambda_only
delta_tilt,6.8,68,1.3104209908847084,p03,lambda_only
delta_tilt,6.9,69,1.309865111493916,p03,lambda_only
delta_tilt,7.0,70,1.309321352922938,p03,lambda_only
delta_tilt,7.1,71,1.308789829775786,p03,lambda_only
delta_tilt,7.2,72,1.3082706441871195,p03,lambda_only
delta_tilt,7.3,73,1.3077638865148729,p03,lambda_only
delta_tilt,7.4,74,1.3072696360006941,p03,lambda_only
delta_tilt,7.5,75,1.3067879613924442,p03,lambda_only
delta_tilt,7.6,76,1.3063189215243456,p03,lambda_only
delta_tilt,7.7,77,1.3058625658516696,p03,lambda_only
delta_tilt,7.8,78,1.3054189349380538,p03,lambda_only
delta_tilt,7.9,79,1.3049880608946502,p03,lambda_only
delta_tilt,8.0,80,1.3045699677712632,p03,lambda_only
delta_tilt,8.1,81,1.3041696066881687,p03,lambda_only
delta_tilt,8.2,82,1.303795466283839,p03,lambda_only
delta_tilt,8.3,83,1.3034337492870944,p03,lambda_only
delta_tilt,8.4,84,1.3030855493262052,p03,lambda_only
delta_tilt,8.5,85,1.3027525930711177,p03,lambda_only
delta_tilt,8.6,86,1.302431893980767,p03,lambda_only
delta_tilt,8.7,87,1.30212343129646,p03,lambda_only
delta_tilt,8.8,88,1.3018271774053982,p03,lambda_only
delta_tilt,8.9,89,1.3015430979706153,p03,lambda_only
delta_tilt,9.0,90,1.3012711520412255,p03,lambda_only
delta_tilt,9.1,91,1.3010112921462471,p03,lambda_only
delta_tilt,9.2,92,1.300763464375147,p03,lambda_only
delta_tilt,9.3,93,1.3005276084481565,p03,lambda_only
delta_tilt,9.4,94,1.3003036577792189,p03,lambda_only
delta_tilt,9.5,95,1.3000915395343018,p03,lambda_only
delta_tilt,9.6,96,1.2998911746875568,p03,lambda_only
delta_tilt,9.7,97,1.2997024780776283,p03,lambda_only
delta_tilt,9.8,98,1.2995253584661743,p03,lambda_only
delta_tilt,9.9,99,1.2993597186004473,p03,lambda_only
delta_tilt,10.0,100,1.2992054552815404,p03,lambda_only
delta_tilt,10.1,101,1.2990624594397056,p03,lambda_only
delta_tilt,10.2,102,1.298930616217907,p03,lambda_only
delta_tilt,10.3,103,1.2988098050645749,p03,lambda_only
delta_tilt,10.4,104,1.2986998998363306,p03,lambda_only
delta_tilt,10.5,105,1.2986007689112533,p03,lambda_only
delta_tilt,10.6,106,1.2985122753130802,p03,lambda_only
delta_tilt,10.7,107,1.2984342768465775,p03,lambda_only
delta_tilt,10.8,108,1.298366626244163,p03,lambda_only
delta_tilt,10.9,109,1.2983091713237054,p03,lambda_only
delta_tilt,11.0,110,1.2982617551573161,p03,lambda_only
delta_tilt,11.1,111,1.2982242162508342,p03,lambda_only
delta_tilt,11.2,112,1.2981963887335917,p03,lambda_only
delta_tilt,11.3,113,1.2982462757638327,p03,lambda_only
delta_tilt,11.4,114,1.2983449024073372,p03,lambda_only
delta_tilt,11.5,115,1.2984516382772973,p03,lambda_only
delta_tilt,11.6,116,1.2985662998595326,p03,lambda_only
delta_tilt,11.7,117,1.2986886998747575,p03,lambda_only
delta_tilt,11.8,118,1.2988186475527566,p03,lambda_only
delta_tilt,11.9,119,1.2989559489130045,p03,lambda_only
delta_tilt,12.0,120,1.299100407050592,p03,lambda_only
delta_tilt,12.1,121,1.2992518224263068,p03,lambda_only
delta_tilt,12.2,122,1.2994099931597884,p03,lambda_only
delta_tilt,12.3,123,1.2995747153246293,p03,lambda_only
delta_tilt,12.4,124,1.2997457832443773,p03,lambda_only
delta_tilt,12.5,125,1.299922989788411,p03,lambda_only
delta_tilt,12.6,126,1.3001061266666676,p03,lambda_only
delta_tilt,12.7,127,1.300294984722298,p03,lambda_only
delta_tilt,12.8,128,1.3004893542212894,p03,lambda_only
delta_tilt,12.9,129,1.3006890251382248,p03,lambda_only
delta_tilt,13.0,130,1.3008937874373245,p03,lambda_only
delta_tilt,13.1,131,1.3011034313480112,p03,lambda_only
delta_tilt,13.2,132,1.3013177476342592,p03,lambda_only
delta_tilt,13.3,133,1.3015365278570656,p03,lambda_only
delta_tilt,13.4,134,1.3017595646294124,p03,lambda_only
delta_tilt,13.5,135,1.3019866518631642,p03,lambda_only
delta_tilt,13.6,136,1.3022175850073763,p03,lambda_only
delta_tilt,13.7,137,1.3024521612775553,p03,lambda_only
delta_tilt,13.8,138,1.3026901798754706,p03,lambda_only
delta_tilt,13.9,139,1.3029314421991625,p03,lambda_only
delta_tilt,14.0,140,1.3031757520428366,p03,lambda_only
delta_tilt,14.1,141,1.3034229157864061,p03,lambda_only
delta_tilt,14.2,142,1.3036727425744725,p03,lambda_only
delta_tilt,14.3,143,1.3039297198743343,p03,lambda_only
delta_tilt,14.4,144,1.304189892701112,p03,lambda_only
delta_tilt,14.5,145,1.3044522138349415,p03,lambda_only
delta_tilt,14.6,146,1.3047214207699973,p03,lambda_only
delta_tilt,14.7,147,1.3050309260011086,p03,lambda_only
delta_tilt,14.8,148,1.3053700814378413,p03,lambda_only
delta_tilt,14.9,149,1.3057091027091141,p03,lambda_only
delta_tilt,15.0,150,1.3060478412331356,p03,lambda_only
delta_tilt,0.0,0,1.3980734248263318,p03,family_and_parameter
delta_tilt,0.1,1,1.3836619965543882,p03,family_and_parameter
delta_tilt,0.2,2,1.382581059349038,p03,family_and_parameter
delta_tilt,0.3,3,1.381500661228063,p03,family_and_parameter
delta_tilt,0.4,4,1.380387413612903,p03,family_and_parameter
delta_tilt,0.5,5,1.379245684095654,p03,family_and_parameter
delta_tilt,0.6,6,1.3780760261405232,p03,family_and_parameter
delta_tilt,0.7,7,1.376877120185348,p03,family_and_parameter
delta_tilt,0.8,8,1.3756501014201876,p03,family_and_parameter
delta_tilt,0.9,9,1.3743960768010202,p03,family_and_parameter
delta_tilt,1.0,10,1.3731161273792025,p03,family_and_parameter
delta_tilt,1.1,11,1.3718113109673509,p03,family_and_parameter
delta_tilt,1.2,12,1.3704826650929092,p03,family_and_parameter
delta_tilt,1.3,13,1.369131210185424,p03,family_and_parameter
delta_tilt,1.4,14,1.3677816384760628,p03,family_and_parameter
delta_tilt,1.5,15,1.3664230915396696,p03,family_and_parameter
delta_tilt,1.6,16,1.3651239352381581,p03,family_and_parameter
delta_tilt,1.7,17,1.3638263628382723,p03,family_and_parameter
delta_tilt,1.8,18,1.3625097376987276,p03,family_and_parameter
delta_tilt,1.9,19,1.361228962481982,p03,family_and_parameter
delta_tilt,2.0,20,1.3599960124582633,p03,family_and_parameter
delta_tilt,2.1,21,1.35874518502366,p03,family_and_parameter
delta_tilt,2.2,22,1.3574773822898685,p03,family_and_parameter
delta_tilt,2.3,23,1.3562682545734213,p03,family_and_parameter
delta_tilt,2.4,24,1.3550659643144631,p03,family_and_parameter
delta_tilt,2.5,25,1.353849118151918,p03,family_and_parameter
delta_tilt,2.6,26,1.352618610080284,p03,family_and_parameter
delta_tilt,2.7,27,1.3513753545814704,p03,family_and_parameter
delta_tilt,2.8,28,1.3501202875701437,p03,family_and_parameter
delta_tilt,2.9,29,1.3488543669356645,p03,family_and_parameter
delta_tilt,3.0,30,1.3475785726724592,p03,family_and_parameter
delta_tilt,3.1,31,1.3462939065957127,p03,family_and_parameter
delta_tilt,3.2,32,1.3450158660889797,p03,family_and_parameter
delta_tilt,3.3,33,1.34373601875537,p03,family_and_parameter
delta_tilt,3.4,34,1.342450155892481,p03,family_and_parameter
delta_tilt,3.5,35,1.3411593505504993,p03,family_and_parameter
delta_tilt,3.6,36,1.3398781439941512,p03,family_and_parameter
delta_tilt,3.7,37,1.338595618276138,p03,family_and_parameter
delta_tilt,3.8,38,1.3373173783413208,p03,family_and_parameter
delta_tilt,3.9,39,1.336097805838562,p03,family_and_parameter
delta_tilt,4.0,40,1.3349005977187478,p03,family_and_parameter
delta_tilt,4.1,41,1.3337060807603147,p03,family_and_parameter
delta_tilt,4.2,42,1.3325152493131642,p03,family_and_parameter
delta_tilt,4.3,43,1.3313290930997617,p03,family_and_parameter
delta_tilt,4.4,44,1.330148593538787,p03,family_and_parameter
delta_tilt,4.5,45,1.3289747200763753,p03,family_and_parameter
delta_tilt,4.6,46,1.3278084265714707,p03,family_and_parameter
delta_tilt,4.7,47,1.3266506477805358,p03,family_and_parameter
delta_tilt,4.8,48,1.3255022959847784,p03,family_and_parameter
delta_tilt,4.9,49,1.3243765745472256,p03,family_and_parameter
delta_tilt,5.0,50,1.323494374640265,p03,family_and_parameter
delta_tilt,5.1,51,1.322651610968288,p03,family_and_parameter
delta_tilt,5.2,52,1.3218171363482578,p03,family_and_parameter
delta_tilt,5.3,53,1.3209914189516712,p03,family_and_parameter
delta_tilt,5.4,54,1.320174905479785,p03,family_and_parameter
delta_tilt,5.5,55,1.3193680205431062,p03,family_and_parameter
delta_tilt,5.6,56,1.3185711662303554,p03,family_and_parameter
delta_tilt,5.7,57,1.3177903255330885,p03,family_and_parameter
delta_tilt,5.8,58,1.3170240546693412,p03,family_and_parameter
delta_tilt,5.9,59,1.3162685105506047,p03,family_and_parameter
delta_tilt,6.0,60,1.3155473712333152,p03,family_and_parameter
delta_tilt,6.1,61,1.3148553257323223,p03,family_and_parameter
delta_tilt,6.2,62,1.3141748826687354,p03,family_and_parameter
delta_tilt,6.3,63,1.313506261737515,p03,family_and_parameter
delta_tilt,6.4,64,1.3128625869048818,p03,family_and_parameter
delta_tilt,6.5,65,1.312231543997376,p03,family_and_parameter
delta_tilt,6.6,66,1.311612549538369,p03,family_and_parameter
delta_tilt,6.7,67,1.3110057625287703,p03,family_and_parameter
delta_tilt,6.8,68,1.3104209908847084,p03,family_and_parameter
delta_tilt,6.9,69,1.309865111493916,p03,family_and_parameter
delta_tilt,7.0,70,1.309321352922938,p03,family_and_parameter
delta_tilt,7.1,71,1.308789829775786,p03,family_and_parameter
delta_tilt,7.2,72,1.3082706441871195,p03,family_and_parameter
delta_tilt,7.3,73,1.3077638865148729,p03,family_and_parameter
delta_tilt,7.4,74,1.3072696360006941,p03,family_and_parameter
delta_tilt,7.5,75,1.3067879613924442,p03,family_and_parameter
delta_tilt,7.6,76,1.3063189215243456,p03,family_and_parameter
delta_tilt,7.7,77,1.3058625658516696,p03,family_and_parameter
delta_tilt,7.8,78,1.3054189349380538,p03,family_and_parameter
delta_tilt,7.9,79,1.3049880608946502,p03,family_and_parameter
delta_tilt,8.0,80,1.3045699677712632,p03,family_and_parameter
delta_tilt,8.1,81,1.3041696066881687,p03,family_and_parameter
delta_tilt,8.2,82,1.303795466283839,p03,family_and_parameter
delta_tilt,8.3,83,1.3034337492870944,p03,family_and_parameter
delta_tilt,8.4,84,1.3030855493262052,p03,family_and_parameter
delta_tilt,8.5,85,1.3027525930711177,p03,family_and_parameter
delta_tilt,8.6,86,1.302431893980767,p03,family_and_parameter
delta_tilt,8.7,87,1.30212343129646,p03,family_and_parameter
delta_tilt,8.8,88,1.3018271774053982,p03,family_and_parameter
delta_tilt,8.9,89,1.3015430979706153,p03,family_and_parameter
delta_tilt,9.0,90,1.3012711520412255,p03,family_and_parameter
delta_tilt,9.1,91,1.3010112921462471,p03,family_and_parameter
delta_tilt,9.2,92,1.300763464375147,p03,family_and_parameter
delta_tilt,9.3,93,1.3005276084481565,p03,family_and_parameter
delta_tilt,9.4,94,1.3003036577792189,p03,family_and_parameter
delta_tilt,9.5,95,1.3000915395343018,p03,family_and_parameter
delta_tilt,9.6,96,1.2998911746875568,p03,family_and_parameter
delta_tilt,9.7,97,1.2997024780776283,p03,family_and_parameter
delta_tilt,9.8,98,1.2995253584661743,p03,family_and_parameter
delta_tilt,9.9,99,1.2993597186004473,p03,family_and_parameter
delta_tilt,10.0,100,1.2992054552815404,p03,family_and_parameter
delta_tilt,10.1,101,1.2990624594397056,p03,family_and_parameter
delta_tilt,10.2,102,1.298930616217907,p03,family_and_parameter
delta_tilt,10.3,103,1.2988098050645749,p03,family_and_parameter
delta_tilt,10.4,104,1.2986998998363306,p03,family_and_parameter
delta_tilt,10.5,105,1.2986007689112533,p03,family_and_parameter
delta_tilt,10.6,106,1.2985122753130802,p03,family_and_parameter
delta_tilt,10.7,107,1.2984342768465775,p03,family_and_parameter
delta_tilt,10.8,108,1.298366626244163,p03,family_and_parameter
delta_tilt,10.9,109,1.2983091713237054,p03,family_and_parameter
delta_tilt,11.0,110,1.2982617551573161,p03,family_and_parameter
delta_tilt,11.1,111,1.2982242162508342,p03,family_and_parameter
delta_tilt,11.2,112,1.2981963887335917,p03,family_and_parameter
delta_tilt,11.3,113,1.2982462757638327,p03,family_and_parameter
delta_tilt,11.4,114,1.2983449024073372,p03,family_and_parameter
delta_tilt,11.5,115,1.2984516382772973,p03,family_and_parameter
delta_tilt,11.6,116,1.2985662998595326,p03,family_and_parameter
delta_tilt,11.7,117,1.2986886998747575,p03,family_and_parameter
delta_tilt,11.8,118,1.2988186475527566,p03,family_and_parameter
delta_tilt,11.9,119,1.2989559489130045,p03,family_and_parameter
delta_tilt,12.0,120,1.299100407050592,p03,family_and_parameter
delta_tilt,12.1,121,1.2992518224263068,p03,family_and_parameter
delta_tilt,12.2,122,1.2994099931597884,p03,family_and_parameter
delta_tilt,12.3,123,1.2995747153246293,p03,family_and_parameter
delta_tilt,12.4,124,1.2997457832443773,p03,family_and_parameter
delta_tilt,12.5,125,1.299922989788411,p03,family_and_parameter
delta_tilt,12.6,126,1.3001061266666676,p03,family_and_parameter
delta_tilt,12.7,127,1.300294984722298,p03,family_and_parameter
delta_tilt,12.8,128,1.3004893542212894,p03,family_and_parameter
delta_tilt,12.9,129,1.3006890251382248,p03,family_and_parameter
delta_tilt,13.0,130,1.3008937874373245,p03,family_and_parameter
delta_tilt,13.1,131,1.3011034313480112,p03,family_and_parameter
delta_tilt,13.2,132,1.3013177476342592,p03,family_and_parameter
delta_tilt,13.3,133,1.3015365278570656,p03,family_and_parameter
delta_tilt,13.4,134,1.3017595646294124,p03,family_and_parameter
delta_tilt,13.5,135,1.3019866518631642,p03,family_and_parameter
delta_tilt,13.6,136,1.3022175850073763,p03,family_and_parameter
delta_tilt,13.7,137,1.3024521612775553,p03,family_and_parameter
delta_tilt,13.8,138,1.3026901798754706,p03,family_and_parameter
delta_tilt,13.9,139,1.3029314421991625,p03,family_and_parameter
delta_tilt,14.0,140,1.3031757520428366,p03,family_and_parameter
delta_tilt,14.1,141,1.3034229157864061,p03,family_and_parameter
delta_tilt,14.2,142,1.3036727425744725,p03,family_and_parameter
delta_tilt,14.3,143,1.3039297198743343,p03,family_and_parameter
delta_tilt,14.4,144,1.304189892701112,p03,family_and_parameter
delta_tilt,14.5,145,1.3044522138349415,p03,family_and_parameter
delta_tilt,14.6,146,1.3047214207699973,p03,family_and_parameter
delta_tilt,14.7,147,1.3050309260011086,p03,family_and_parameter
delta_tilt,14.8,148,1.3053700814378413,p03,family_and_parameter
delta_tilt,14.9,149,1.3057091027091141,p03,family_and_parameter
delta_tilt,15.0,150,1.3060478412331356,p03,family_and_parameter
base_mean,,151,1.3980734248263318,p03,family_and_parameter
variance,,152,1.384718250997757,p03,family_and_parameter
upper_70,,153,1.3989394768820522,p03,family_and_parameter
upper_80,,154,1.3586017018513137,p03,family_and_parameter
upper_90,,155,1.4764516431725332,p03,family_and_parameter
upper_tail_area_70,,156,1.3660262926670192,p03,family_and_parameter
delta_tilt,0.0,0,1.327041955457499,p04,lambda_only
delta_tilt,0.1,1,1.307983042099459,p04,lambda_only
delta_tilt,0.2,2,1.3069465950903394,p04,lambda_only
delta_tilt,0.3,3,1.3059161442636316,p04,lambda_only
delta_tilt,0.4,4,1.304848829493965,p04,lambda_only
delta_tilt,0.5,5,1.3037460243004786,p04,lambda_only
delta_tilt,0.6,6,1.3026339456421403,p04,lambda_only
delta_tilt,0.7,7,1.301510597095138,p04,lambda_only
delta_tilt,0.8,8,1.300388678200235,p04,lambda_only
delta_tilt,0.9,9,1.299300604274691,p04,lambda_only
delta_tilt,1.0,10,1.298189369136207,p04,lambda_only
delta_tilt,1.1,11,1.2970466161206065,p04,lambda_only
delta_tilt,1.2,12,1.2958734919624926,p04,lambda_only
delta_tilt,1.3,13,1.2946711065338417,p04,lambda_only
delta_tilt,1.4,14,1.2934440137516976,p04,lambda_only
delta_tilt,1.5,15,1.2922052092639542,p04,lambda_only
delta_tilt,1.6,16,1.2909403238622374,p04,lambda_only
delta_tilt,1.7,17,1.2896503415779061,p04,lambda_only
delta_tilt,1.8,18,1.288336233350733,p04,lambda_only
delta_tilt,1.9,19,1.287003511689408,p04,lambda_only
delta_tilt,2.0,20,1.2856982724872072,p04,lambda_only
delta_tilt,2.1,21,1.2843794645558728,p04,lambda_only
delta_tilt,2.2,22,1.283043206575879,p04,lambda_only
delta_tilt,2.3,23,1.2817189428923499,p04,lambda_only
delta_tilt,2.4,24,1.2803756367233758,p04,lambda_only
delta_tilt,2.5,25,1.2790493158952683,p04,lambda_only
delta_tilt,2.6,26,1.2777609680703044,p04,lambda_only
delta_tilt,2.7,27,1.2764549864216015,p04,lambda_only
delta_tilt,2.8,28,1.2751323351135935,p04,lambda_only
delta_tilt,2.9,29,1.2737940047333474,p04,lambda_only
delta_tilt,3.0,30,1.272480503449463,p04,lambda_only
delta_tilt,3.1,31,1.2711562113724484,p04,lambda_only
delta_tilt,3.2,32,1.2698214186995622,p04,lambda_only
delta_tilt,3.3,33,1.2684771167665974,p04,lambda_only
delta_tilt,3.4,34,1.267124328539348,p04,lambda_only
delta_tilt,3.5,35,1.2657729932705934,p04,lambda_only
delta_tilt,3.6,36,1.2644548556662467,p04,lambda_only
delta_tilt,3.7,37,1.2631314077284619,p04,lambda_only
delta_tilt,3.8,38,1.2618037372959188,p04,lambda_only
delta_tilt,3.9,39,1.2604951682173717,p04,lambda_only
delta_tilt,4.0,40,1.2592134413530869,p04,lambda_only
delta_tilt,4.1,41,1.257939763680918,p04,lambda_only
delta_tilt,4.2,42,1.2566663936744067,p04,lambda_only
delta_tilt,4.3,43,1.2553944599031939,p04,lambda_only
delta_tilt,4.4,44,1.2541250936006432,p04,lambda_only
delta_tilt,4.5,45,1.2528594242576827,p04,lambda_only
delta_tilt,4.6,46,1.251603028103485,p04,lambda_only
delta_tilt,4.7,47,1.2503894389022594,p04,lambda_only
delta_tilt,4.8,48,1.249210225281849,p04,lambda_only
delta_tilt,4.9,49,1.2480604720132107,p04,lambda_only
delta_tilt,5.0,50,1.246938916945858,p04,lambda_only
delta_tilt,5.1,51,1.2458253995016106,p04,lambda_only
delta_tilt,5.2,52,1.2447209245747413,p04,lambda_only
delta_tilt,5.3,53,1.2436264670018276,p04,lambda_only
delta_tilt,5.4,54,1.2426292506397012,p04,lambda_only
delta_tilt,5.5,55,1.2416889931081694,p04,lambda_only
delta_tilt,5.6,56,1.2407591118551686,p04,lambda_only
delta_tilt,5.7,57,1.23984023153546,p04,lambda_only
delta_tilt,5.8,58,1.2389329448670054,p04,lambda_only
delta_tilt,5.9,59,1.238068506925122,p04,lambda_only
delta_tilt,6.0,60,1.2373015561828018,p04,lambda_only
delta_tilt,6.1,61,1.2365443208377687,p04,lambda_only
delta_tilt,6.2,62,1.2357972586486536,p04,lambda_only
delta_tilt,6.3,63,1.235060800188562,p04,lambda_only
delta_tilt,6.4,64,1.2343353487741517,p04,lambda_only
delta_tilt,6.5,65,1.233621280590643,p04,lambda_only
delta_tilt,6.6,66,1.23291894499469,p04,lambda_only
delta_tilt,6.7,67,1.2322286649755951,p04,lambda_only
delta_tilt,6.8,68,1.2315507377542976,p04,lambda_only
delta_tilt,6.9,69,1.2308854354991647,p04,lambda_only
delta_tilt,7.0,70,1.2302330061376916,p04,lambda_only
delta_tilt,7.1,71,1.229593674243749,p04,lambda_only
delta_tilt,7.2,72,1.2289676419808815,p04,lambda_only
delta_tilt,7.3,73,1.2283550900834543,p04,lambda_only
delta_tilt,7.4,74,1.2277561788588243,p04,lambda_only
delta_tilt,7.5,75,1.2271710491954217,p04,lambda_only
delta_tilt,7.6,76,1.2265998235633515,p04,lambda_only
delta_tilt,7.7,77,1.2260426069959374,p04,lambda_only
delta_tilt,7.8,78,1.2254994880424508,p04,lambda_only
delta_tilt,7.9,79,1.224970539684047,p04,lambda_only
delta_tilt,8.0,80,1.2244558202066156,p04,lambda_only
delta_tilt,8.1,81,1.2239634526194147,p04,lambda_only
delta_tilt,8.2,82,1.2236243613353923,p04,lambda_only
delta_tilt,8.3,83,1.223298475210477,p04,lambda_only
delta_tilt,8.4,84,1.222985790307885,p04,lambda_only
delta_tilt,8.5,85,1.2226862944943737,p04,lambda_only
delta_tilt,8.6,86,1.2223999676498267,p04,lambda_only
delta_tilt,8.7,87,1.2221267818459147,p04,lambda_only
delta_tilt,8.8,88,1.2218667014974363,p04,lambda_only
delta_tilt,8.9,89,1.2216196834899193,p04,lambda_only
delta_tilt,9.0,90,1.2213997468818465,p04,lambda_only
delta_tilt,9.1,91,1.2212032339567986,p04,lambda_only
delta_tilt,9.2,92,1.2210190964703926,p04,lambda_only
delta_tilt,9.3,93,1.2208472647542075,p04,lambda_only
delta_tilt,9.4,94,1.2206876618647386,p04,lambda_only
delta_tilt,9.5,95,1.2205402036898596,p04,lambda_only
delta_tilt,9.6,96,1.2204047990518276,p04,lambda_only
delta_tilt,9.7,97,1.2202813498091802,p04,lambda_only
delta_tilt,9.8,98,1.220169750959677,p04,lambda_only
delta_tilt,9.9,99,1.220069890746225,p04,lambda_only
delta_tilt,10.0,100,1.2199816507675012,p04,lambda_only
delta_tilt,10.1,101,1.2199049060947627,p04,lambda_only
delta_tilt,10.2,102,1.2198395253961019,p04,lambda_only
delta_tilt,10.3,103,1.219785371069203,p04,lambda_only
delta_tilt,10.4,104,1.2197422993834466,p04,lambda_only
delta_tilt,10.5,105,1.2197101606320027,p04,lambda_only
delta_tilt,10.6,106,1.2196887992943655,p04,lambda_only
delta_tilt,10.7,107,1.2196780542096144,p04,lambda_only
delta_tilt,10.8,108,1.219677758760527,p04,lambda_only
delta_tilt,10.9,109,1.2196877410684783,p04,lambda_only
delta_tilt,11.0,110,1.2197078241989903,p04,lambda_only
delta_tilt,11.1,111,1.2197378263776082,p04,lambda_only
delta_tilt,11.2,112,1.219777561215685,p04,lambda_only
delta_tilt,11.3,113,1.2198268379455932,p04,lambda_only
delta_tilt,11.4,114,1.2198854616647292,p04,lambda_only
delta_tilt,11.5,115,1.219953233587645,p04,lambda_only
delta_tilt,11.6,116,1.220029951305574,p04,lambda_only
delta_tilt,11.7,117,1.220115409052545,p04,lambda_only
delta_tilt,11.8,118,1.2202093979772428,p04,lambda_only
delta_tilt,11.9,119,1.2203117064197497,p04,lambda_only
delta_tilt,12.0,120,1.220422120192271,p04,lambda_only
delta_tilt,12.1,121,1.2205404228629122,p04,lambda_only
delta_tilt,12.2,122,1.2206663960416257,p04,lambda_only
delta_tilt,12.3,123,1.2208132923183714,p04,lambda_only
delta_tilt,12.4,124,1.2209872261428292,p04,lambda_only
delta_tilt,12.5,125,1.2211741773157032,p04,lambda_only
delta_tilt,12.6,126,1.2213778949710261,p04,lambda_only
delta_tilt,12.7,127,1.221587824971158,p04,lambda_only
delta_tilt,12.8,128,1.2218037423171355,p04,lambda_only
delta_tilt,12.9,129,1.2220254217939275,p04,lambda_only
delta_tilt,13.0,130,1.2222526382666157,p04,lambda_only
delta_tilt,13.1,131,1.222485166970493,p04,lambda_only
delta_tilt,13.2,132,1.222722783794335,p04,lambda_only
delta_tilt,13.3,133,1.2229652655561463,p04,lambda_only
delta_tilt,13.4,134,1.223212390270763,p04,lambda_only
delta_tilt,13.5,135,1.223463937408711,p04,lambda_only
delta_tilt,13.6,136,1.2237196881457966,p04,lambda_only
delta_tilt,13.7,137,1.2240058908464608,p04,lambda_only
delta_tilt,13.8,138,1.2243169379729433,p04,lambda_only
delta_tilt,13.9,139,1.2246310511571694,p04,lambda_only
delta_tilt,14.0,140,1.224948018938813,p04,lambda_only
delta_tilt,14.1,141,1.2252676328826195,p04,lambda_only
delta_tilt,14.2,142,1.2255896877652568,p04,lambda_only
delta_tilt,14.3,143,1.225917153109556,p04,lambda_only
delta_tilt,14.4,144,1.2262476801101412,p04,lambda_only
delta_tilt,14.5,145,1.2265800204234363,p04,lambda_only
delta_tilt,14.6,146,1.2269139827896944,p04,lambda_only
delta_tilt,14.7,147,1.2272493799504542,p04,lambda_only
delta_tilt,14.8,148,1.2275860287631843,p04,lambda_only
delta_tilt,14.9,149,1.2279237503041294,p04,lambda_only
delta_tilt,15.0,150,1.2282623699595374,p04,lambda_only
delta_tilt,0.0,0,1.327041955457499,p04,family_and_parameter
delta_tilt,0.1,1,1.307983042099459,p04,family_and_parameter
delta_tilt,0.2,2,1.3069465950903394,p04,family_and_parameter
delta_tilt,0.3,3,1.3059161442636316,p04,family_and_parameter
delta_tilt,0.4,4,1.304848829493965,p04,family_and_parameter
delta_tilt,0.5,5,1.3037460243004786,p04,family_and_parameter
delta_tilt,0.6,6,1.3026339456421403,p04,family_and_parameter
delta_tilt,0.7,7,1.301510597095138,p04,family_and_parameter
delta_tilt,0.8,8,1.300388678200235,p04,family_and_parameter
delta_tilt,0.9,9,1.299300604274691,p04,family_and_parameter
delta_tilt,1.0,10,1.298189369136207,p04,family_and_parameter
delta_tilt,1.1,11,1.2970466161206065,p04,family_and_parameter
delta_tilt,1.2,12,1.2958734919624926,p04,family_and_parameter
delta_tilt,1.3,13,1.2946711065338417,p04,family_and_parameter
delta_tilt,1.4,14,1.2934440137516976,p04,family_and_parameter
delta_tilt,1.5,15,1.2922052092639542,p04,family_and_parameter
delta_tilt,1.6,16,1.2909403238622374,p04,family_and_parameter
delta_tilt,1.7,17,1.2896503415779061,p04,family_and_parameter
delta_tilt,1.8,18,1.288336233350733,p04,family_and_parameter
delta_tilt,1.9,19,1.287003511689408,p04,family_and_parameter
delta_tilt,2.0,20,1.2856982724872072,p04,family_and_parameter
delta_tilt,2.1,21,1.2843794645558728,p04,family_and_parameter
delta_tilt,2.2,22,1.283043206575879,p04,family_and_parameter
delta_tilt,2.3,23,1.2817189428923499,p04,family_and_parameter
delta_tilt,2.4,24,1.2803756367233758,p04,family_and_parameter
delta_tilt,2.5,25,1.2790493158952683,p04,family_and_parameter
delta_tilt,2.6,26,1.2777609680703044,p04,family_and_parameter
delta_tilt,2.7,27,1.2764549864216015,p04,family_and_parameter
delta_tilt,2.8,28,1.2751323351135935,p04,family_and_parameter
delta_tilt,2.9,29,1.2737940047333474,p04,family_and_parameter
delta_tilt,3.0,30,1.272480503449463,p04,family_and_parameter
delta_tilt,3.1,31,1.2711562113724484,p04,family_and_parameter
delta_tilt,3.2,32,1.2698214186995622,p04,family_and_parameter
delta_tilt,3.3,33,1.2684771167665974,p04,family_and_parameter
delta_tilt,3.4,34,1.267124328539348,p04,family_and_parameter
delta_tilt,3.5,35,1.2657729932705934,p04,family_and_parameter
delta_tilt,3.6,36,1.2644548556662467,p04,family_and_parameter
delta_tilt,3.7,37,1.2631314077284619,p04,family_and_parameter
delta_tilt,3.8,38,1.2618037372959188,p04,family_and_parameter
delta_tilt,3.9,39,1.2604951682173717,p04,family_and_parameter
delta_tilt,4.0,40,1.2592134413530869,p04,family_and_parameter
delta_tilt,4.1,41,1.257939763680918,p04,family_and_parameter
delta_tilt,4.2,42,1.2566663936744067,p04,family_and_parameter
delta_tilt,4.3,43,1.2553944599031939,p04,family_and_parameter
delta_tilt,4.4,44,1.2541250936006432,p04,family_and_parameter
delta_tilt,4.5,45,1.2528594242576827,p04,family_and_parameter
delta_tilt,4.6,46,1.251603028103485,p04,family_and_parameter
delta_tilt,4.7,47,1.2503894389022594,p04,family_and_parameter
delta_tilt,4.8,48,1.249210225281849,p04,family_and_parameter
delta_tilt,4.9,49,1.2480604720132107,p04,family_and_parameter
delta_tilt,5.0,50,1.246938916945858,p04,family_and_parameter
delta_tilt,5.1,51,1.2458253995016106,p04,family_and_parameter
delta_tilt,5.2,52,1.2447209245747413,p04,family_and_parameter
delta_tilt,5.3,53,1.2436264670018276,p04,family_and_parameter
delta_tilt,5.4,54,1.2426292506397012,p04,family_and_parameter
delta_tilt,5.5,55,1.2416889931081694,p04,family_and_parameter
delta_tilt,5.6,56,1.2407591118551686,p04,family_and_parameter
delta_tilt,5.7,57,1.23984023153546,p04,family_and_parameter
delta_tilt,5.8,58,1.2389329448670054,p04,family_and_parameter
delta_tilt,5.9,59,1.238068506925122,p04,family_and_parameter
delta_tilt,6.0,60,1.2373015561828018,p04,family_and_parameter
delta_tilt,6.1,61,1.2365443208377687,p04,family_and_parameter
delta_tilt,6.2,62,1.2357972586486536,p04,family_and_parameter
delta_tilt,6.3,63,1.235060800188562,p04,family_and_parameter
delta_tilt,6.4,64,1.2343353487741517,p04,family_and_parameter
delta_tilt,6.5,65,1.233621280590643,p04,family_and_parameter
delta_tilt,6.6,66,1.23291894499469,p04,family_and_parameter
delta_tilt,6.7,67,1.2322286649755951,p04,family_and_parameter
delta_tilt,6.8,68,1.2315507377542976,p04,family_and_parameter
delta_tilt,6.9,69,1.2308854354991647,p04,family_and_parameter
delta_tilt,7.0,70,1.2302330061376916,p04,family_and_parameter
delta_tilt,7.1,71,1.229593674243749,p04,family_and_parameter
delta_tilt,7.2,72,1.2289676419808815,p04,family_and_parameter
delta_tilt,7.3,73,1.2283550900834543,p04,family_and_parameter
delta_tilt,7.4,74,1.2277561788588243,p04,family_and_parameter
delta_tilt,7.5,75,1.2271710491954217,p04,family_and_parameter
delta_tilt,7.6,76,1.2265998235633515,p04,family_and_parameter
delta_tilt,7.7,77,1.2260426069959374,p04,family_and_parameter
delta_tilt,7.8,78,1.2254994880424508,p04,family_and_parameter
delta_tilt,7.9,79,1.224970539684047,p04,family_and_parameter
delta_tilt,8.0,80,1.2244558202066156,p04,family_and_parameter
delta_tilt,8.1,81,1.2239634526194147,p04,family_and_parameter
delta_tilt,8.2,82,1.2236243613353923,p04,family_and_parameter
delta_tilt,8.3,83,1.223298475210477,p04,family_and_parameter
delta_tilt,8.4,84,1.222985790307885,p04,family_and_parameter
delta_tilt,8.5,85,1.2226862944943737,p04,family_and_parameter
delta_tilt,8.6,86,1.2223999676498267,p04,family_and_parameter
delta_tilt,8.7,87,1.2221267818459147,p04,family_and_parameter
delta_tilt,8.8,88,1.2218667014974363,p04,family_and_parameter
delta_tilt,8.9,89,1.2216196834899193,p04,family_and_parameter
delta_tilt,9.0,90,1.2213997468818465,p04,family_and_parameter
delta_tilt,9.1,91,1.2212032339567986,p04,family_and_parameter
delta_tilt,9.2,92,1.2210190964703926,p04,family_and_parameter
delta_tilt,9.3,93,1.2208472647542075,p04,family_and_parameter
delta_tilt,9.4,94,1.2206876618647386,p04,family_and_parameter
delta_tilt,9.5,95,1.2205402036898596,p04,family_and_parameter
delta_tilt,9.6,96,1.2204047990518276,p04,family_and_parameter
delta_tilt,9.7,97,1.2202813498091802,p04,family_and_parameter
delta_tilt,9.8,98,1.220169750959677,p04,family_and_parameter
delta_tilt,9.9,99,1.220069890746225,p04,family_and_parameter
delta_tilt,10.0,100,1.2199816507675012,p04,family_and_parameter
delta_tilt,10.1,101,1.2199049060947627,p04,family_and_parameter
delta_tilt,10.2,102,1.2198395253961019,p04,family_and_parameter
delta_tilt,10.3,103,1.219785371069203,p04,family_and_parameter
delta_tilt,10.4,104,1.2197422993834466,p04,family_and_parameter
delta_tilt,10.5,105,1.2197101606320027,p04,family_and_parameter
delta_tilt,10.6,106,1.2196887992943655,p04,family_and_parameter
delta_tilt,10.7,107,1.2196780542096144,p04,family_and_parameter
delta_tilt,10.8,108,1.219677758760527,p04,family_and_parameter
delta_tilt,10.9,109,1.2196877410684783,p04,family_and_parameter
delta_tilt,11.0,110,1.2197078241989903,p04,family_and_parameter
delta_tilt,11.1,111,1.2197378263776082,p04,family_and_parameter
delta_tilt,11.2,112,1.219777561215685,p04,family_and_parameter
delta_tilt,11.3,113,1.2198268379455932,p04,family_and_parameter
delta_tilt,11.4,114,1.2198854616647292,p04,family_and_parameter
delta_tilt,11.5,115,1.219953233587645,p04,family_and_parameter
delta_tilt,11.6,116,1.220029951305574,p04,family_and_parameter
delta_tilt,11.7,117,1.220115409052545,p04,family_and_parameter
delta_tilt,11.8,118,1.2202093979772428,p04,family_and_parameter
delta_tilt,11.9,119,1.2203117064197497,p04,family_and_parameter
delta_tilt,12.0,120,1.220422120192271,p04,family_and_parameter
delta_tilt,12.1,121,1.2205404228629122,p04,family_and_parameter
delta_tilt,12.2,122,1.2206663960416257,p04,family_and_parameter
delta_tilt,12.3,123,1.2208132923183714,p04,family_and_parameter
delta_tilt,12.4,124,1.2209872261428292,p04,family_and_parameter
delta_tilt,12.5,125,1.2211741773157032,p04,family_and_parameter
delta_tilt,12.6,126,1.2213778949710261,p04,family_and_parameter
delta_tilt,12.7,127,1.221587824971158,p04,family_and_parameter
delta_tilt,12.8,128,1.2218037423171355,p04,family_and_parameter
delta_tilt,12.9,129,1.2220254217939275,p04,family_and_parameter
delta_tilt,13.0,130,1.2222526382666157,p04,family_and_parameter
delta_tilt,13.1,131,1.222485166970493,p04,family_and_parameter
delta_tilt,13.2,132,1.222722783794335,p04,family_and_parameter
delta_tilt,13.3,133,1.2229652655561463,p04,family_and_parameter
delta_tilt,13.4,134,1.223212390270763,p04,family_and_parameter
delta_tilt,13.5,135,1.223463937408711,p04,family_and_parameter
delta_tilt,13.6,136,1.2237196881457966,p04,family_and_parameter
delta_tilt,13.7,137,1.2240058908464608,p04,family_and_parameter
delta_tilt,13.8,138,1.2243169379729433,p04,family_and_parameter
delta_tilt,13.9,139,1.2246310511571694,p04,family_and_parameter
delta_tilt,14.0,140,1.224948018938813,p04,family_and_parameter
delta_tilt,14.1,141,1.2252676328826195,p04,family_and_parameter
delta_tilt,14.2,142,1.2255896877652568,p04,family_and_parameter
delta_tilt,14.3,143,1.225917153109556,p04,family_and_parameter
delta_tilt,14.4,144,1.2262476801101412,p04,family_and_parameter
delta_tilt,14.5,145,1.2265800204234363,p04,family_and_parameter
delta_tilt,14.6,146,1.2269139827896944,p04,family_and_parameter
delta_tilt,14.7,147,1.2272493799504542,p04,family_and_parameter
delta_tilt,14.8,148,1.2275860287631843,p04,family_and_parameter
delta_tilt,14.9,149,1.2279237503041294,p04,family_and_parameter
delta_tilt,15.0,150,1.2282623699595374,p04,family_and_parameter
base_mean,,151,1.327041955457499,p04,family_and_parameter
variance,,152,1.3092334334350917,p04,family_and_parameter
upper_70,,153,1.3319782866608867,p04,family_and_parameter
upper_80,,154,1.2750386685965047,p04,family_and_parameter
upper_90,,155,1.5721050053290937,p04,family_and_parameter
upper_tail_area_70,,156,1.382627768852368,p04,family_and_parameter
delta_tilt,0.0,0,1.2644131447393119,p05,lambda_only
delta_tilt,0.1,1,1.2615041730937497,p05,lambda_only
delta_tilt,0.2,2,1.260754615787755,p05,lambda_only
delta_tilt,0.3,3,1.2599645462976998,p05,lambda_only
delta_tilt,0.4,4,1.2591267215297723,p05,lambda_only
delta_tilt,0.5,5,1.258242412464368,p05,lambda_only
delta_tilt,0.6,6,1.2573128583199433,p05,lambda_only
delta_tilt,0.7,7,1.256339266257856,p05,lambda_only
delta_tilt,0.8,8,1.2553228116927602,p05,lambda_only
delta_tilt,0.9,9,1.2542646391885752,p05,lambda_only
delta_tilt,1.0,10,1.2532131840463,p05,lambda_only
delta_tilt,1.1,11,1.2521255815714587,p05,lambda_only
delta_tilt,1.2,12,1.251025619106036,p05,lambda_only
delta_tilt,1.3,13,1.249897450364827,p05,lambda_only
delta_tilt,1.4,14,1.24873305432859,p05,lambda_only
delta_tilt,1.5,15,1.247552697837389,p05,lambda_only
delta_tilt,1.6,16,1.2464222606363229,p05,lambda_only
delta_tilt,1.7,17,1.2452823274106453,p05,lambda_only
delta_tilt,1.8,18,1.244109419291192,p05,lambda_only
delta_tilt,1.9,19,1.2429025963260467,p05,lambda_only
delta_tilt,2.0,20,1.2416627555224868,p05,lambda_only
delta_tilt,2.1,21,1.2403908014126592,p05,lambda_only
delta_tilt,2.2,22,1.2391125932363365,p05,lambda_only
delta_tilt,2.3,23,1.237822279521188,p05,lambda_only
delta_tilt,2.4,24,1.23651517075305,p05,lambda_only
delta_tilt,2.5,25,1.2351883721939032,p05,lambda_only
delta_tilt,2.6,26,1.2339477271700463,p05,lambda_only
delta_tilt,2.7,27,1.2327133789230087,p05,lambda_only
delta_tilt,2.8,28,1.2314529215681895,p05,lambda_only
delta_tilt,2.9,29,1.2301673422206663,p05,lambda_only
delta_tilt,3.0,30,1.2288576571798282,p05,lambda_only
delta_tilt,3.1,31,1.2275249129663668,p05,lambda_only
delta_tilt,3.2,32,1.2261701868547001,p05,lambda_only
delta_tilt,3.3,33,1.2247945868861887,p05,lambda_only
delta_tilt,3.4,34,1.2233992513552827,p05,lambda_only
delta_tilt,3.5,35,1.2219853477675695,p05,lambda_only
delta_tilt,3.6,36,1.2205540712759249,p05,lambda_only
delta_tilt,3.7,37,1.2191101117602334,p05,lambda_only
delta_tilt,3.8,38,1.2176651480476812,p05,lambda_only
delta_tilt,3.9,39,1.216205876073306,p05,lambda_only
delta_tilt,4.0,40,1.2147335797043082,p05,lambda_only
delta_tilt,4.1,41,1.213249556633453,p05,lambda_only
delta_tilt,4.2,42,1.2117551142502125,p05,lambda_only
delta_tilt,4.3,43,1.2102515652231354,p05,lambda_only
delta_tilt,4.4,44,1.2087402228526074,p05,lambda_only
delta_tilt,4.5,45,1.2072342047030584,p05,lambda_only
delta_tilt,4.6,46,1.205757149500055,p05,lambda_only
delta_tilt,4.7,47,1.2043088315116284,p05,lambda_only
delta_tilt,4.8,48,1.202878794067388,p05,lambda_only
delta_tilt,4.9,49,1.2017511412954192,p05,lambda_only
delta_tilt,5.0,50,1.2006408824657195,p05,lambda_only
delta_tilt,5.1,51,1.199528042946868,p05,lambda_only
delta_tilt,5.2,52,1.1984133668052652,p05,lambda_only
delta_tilt,5.3,53,1.1972975773545969,p05,lambda_only
delta_tilt,5.4,54,1.1961941982456115,p05,lambda_only
delta_tilt,5.5,55,1.1951020944609176,p05,lambda_only
delta_tilt,5.6,56,1.194011229762578,p05,lambda_only
delta_tilt,5.7,57,1.192937301348011,p05,lambda_only
delta_tilt,5.8,58,1.1918751722424132,p05,lambda_only
delta_tilt,5.9,59,1.1908228856314582,p05,lambda_only
delta_tilt,6.0,60,1.1897735597603731,p05,lambda_only
delta_tilt,6.1,61,1.1887276680799757,p05,lambda_only
delta_tilt,6.2,62,1.1876856547750296,p05,lambda_only
delta_tilt,6.3,63,1.1866479349312058,p05,lambda_only
delta_tilt,6.4,64,1.1856296065502085,p05,lambda_only
delta_tilt,6.5,65,1.1846435607331791,p05,lambda_only
delta_tilt,6.6,66,1.1836624256543458,p05,lambda_only
delta_tilt,6.7,67,1.18268652550482,p05,lambda_only
delta_tilt,6.8,68,1.181721216117127,p05,lambda_only
delta_tilt,6.9,69,1.1807685062351279,p05,lambda_only
delta_tilt,7.0,70,1.1798217396522117,p05,lambda_only
delta_tilt,7.1,71,1.1788811276111137,p05,lambda_only
delta_tilt,7.2,72,1.1779615175003932,p05,lambda_only
delta_tilt,7.3,73,1.177075709989257,p05,lambda_only
delta_tilt,7.4,74,1.1761979441118533,p05,lambda_only
delta_tilt,7.5,75,1.1753265193804676,p05,lambda_only
delta_tilt,7.6,76,1.1744704079420327,p05,lambda_only
delta_tilt,7.7,77,1.1736305405257028,p05,lambda_only
delta_tilt,7.8,78,1.1728016538480805,p05,lambda_only
delta_tilt,7.9,79,1.1719882247462041,p05,lambda_only
delta_tilt,8.0,80,1.1711812721515626,p05,lambda_only
delta_tilt,8.1,81,1.1703808872884844,p05,lambda_only
delta_tilt,8.2,82,1.1695871514638618,p05,lambda_only
delta_tilt,8.3,83,1.1688001369656533,p05,lambda_only
delta_tilt,8.4,84,1.1680224803292047,p05,lambda_only
delta_tilt,8.5,85,1.1672561767722704,p05,lambda_only
delta_tilt,8.6,86,1.1664965704665684,p05,lambda_only
delta_tilt,8.7,87,1.1657535643019925,p05,lambda_only
delta_tilt,8.8,88,1.1650185560826913,p05,lambda_only
delta_tilt,8.9,89,1.1642915001628893,p05,lambda_only
delta_tilt,9.0,90,1.1635711138364535,p05,lambda_only
delta_tilt,9.1,91,1.1628574287792417,p05,lambda_only
delta_tilt,9.2,92,1.1621511962565267,p05,lambda_only
delta_tilt,9.3,93,1.1614552530670772,p05,lambda_only
delta_tilt,9.4,94,1.1607824537592826,p05,lambda_only
delta_tilt,9.5,95,1.1601417820707878,p05,lambda_only
delta_tilt,9.6,96,1.159506991623107,p05,lambda_only
delta_tilt,9.7,97,1.1588780968703272,p05,lambda_only
delta_tilt,9.8,98,1.1582551102245235,p05,lambda_only
delta_tilt,9.9,99,1.1576380422102985,p05,lambda_only
delta_tilt,10.0,100,1.157026901594098,p05,lambda_only
delta_tilt,10.1,101,1.156422188182648,p05,lambda_only
delta_tilt,10.2,102,1.1558299171137663,p05,lambda_only
delta_tilt,10.3,103,1.1552433709950107,p05,lambda_only
delta_tilt,10.4,104,1.154685435247513,p05,lambda_only
delta_tilt,10.5,105,1.1541555494975004,p05,lambda_only
delta_tilt,10.6,106,1.1536346902803327,p05,lambda_only
delta_tilt,10.7,107,1.153119289832588,p05,lambda_only
delta_tilt,10.8,108,1.1526093486608964,p05,lambda_only
delta_tilt,10.9,109,1.1521048659370703,p05,lambda_only
delta_tilt,11.0,110,1.1516058395196536,p05,lambda_only
delta_tilt,11.1,111,1.151112265971294,p05,lambda_only
delta_tilt,11.2,112,1.150624140572949,p05,lambda_only
delta_tilt,11.3,113,1.1501414573358548,p05,lambda_only
delta_tilt,11.4,114,1.149664209012031,p05,lambda_only
delta_tilt,11.5,115,1.14919238710398,p05,lambda_only
delta_tilt,11.6,116,1.1487259818741202,p05,lambda_only
delta_tilt,11.7,117,1.1482649823544022,p05,lambda_only
delta_tilt,11.8,118,1.147809376356481,p05,lambda_only
delta_tilt,11.9,119,1.1473591504827234,p05,lambda_only
delta_tilt,12.0,120,1.1469142901382614,p05,lambda_only
delta_tilt,12.1,121,1.14647709160367,p05,lambda_only
delta_tilt,12.2,122,1.1461451861886158,p05,lambda_only
delta_tilt,12.3,123,1.1458178341203937,p05,lambda_only
delta_tilt,12.4,124,1.1454949755864645,p05,lambda_only
delta_tilt,12.5,125,1.1451765509893976,p05,lambda_only
delta_tilt,12.6,126,1.1448625010121416,p05,lambda_only
delta_tilt,12.7,127,1.1445527666803206,p05,lambda_only
delta_tilt,12.8,128,1.1442472894215254,p05,lambda_only
delta_tilt,12.9,129,1.1439460111214097,p05,lambda_only
delta_tilt,13.0,130,1.143648874176542,p05,lambda_only
delta_tilt,13.1,131,1.14335582154392,p05,lambda_only
delta_tilt,13.2,132,1.1430756662485027,p05,lambda_only
delta_tilt,13.3,133,1.142807536872629,p05,lambda_only
delta_tilt,13.4,134,1.1425428500549368,p05,lambda_only
delta_tilt,13.5,135,1.142281558121158,p05,lambda_only
delta_tilt,13.6,136,1.142023614192396,p05,lambda_only
delta_tilt,13.7,137,1.141768972207135,p05,lambda_only
delta_tilt,13.8,138,1.1415244791938608,p05,lambda_only
delta_tilt,13.9,139,1.1412980372368569,p05,lambda_only
delta_tilt,14.0,140,1.1410739870477118,p05,lambda_only
delta_tilt,14.1,141,1.1408523013412808,p05,lambda_only
delta_tilt,14.2,142,1.140632953851767,p05,lambda_only
delta_tilt,14.3,143,1.1404159193030112,p05,lambda_only
delta_tilt,14.4,144,1.1402011733778425,p05,lambda_only
delta_tilt,14.5,145,1.139988692686589,p05,lambda_only
delta_tilt,14.6,146,1.139778454734843,p05,lambda_only
delta_tilt,14.7,147,1.1395715948173033,p05,lambda_only
delta_tilt,14.8,148,1.1393715298116578,p05,lambda_only
delta_tilt,14.9,149,1.1391735447024172,p05,lambda_only
delta_tilt,15.0,150,1.1390041254779044,p05,lambda_only
delta_tilt,0.0,0,1.2644131447393119,p05,family_and_parameter
delta_tilt,0.1,1,1.2615041730937497,p05,family_and_parameter
delta_tilt,0.2,2,1.260754615787755,p05,family_and_parameter
delta_tilt,0.3,3,1.2599645462976998,p05,family_and_parameter
delta_tilt,0.4,4,1.2591267215297723,p05,family_and_parameter
delta_tilt,0.5,5,1.258242412464368,p05,family_and_parameter
delta_tilt,0.6,6,1.2573128583199433,p05,family_and_parameter
delta_tilt,0.7,7,1.256339266257856,p05,family_and_parameter
delta_tilt,0.8,8,1.2553228116927602,p05,family_and_parameter
delta_tilt,0.9,9,1.2542646391885752,p05,family_and_parameter
delta_tilt,1.0,10,1.2532131840463,p05,family_and_parameter
delta_tilt,1.1,11,1.2521255815714587,p05,family_and_parameter
delta_tilt,1.2,12,1.251025619106036,p05,family_and_parameter
delta_tilt,1.3,13,1.249897450364827,p05,family_and_parameter
delta_tilt,1.4,14,1.24873305432859,p05,family_and_parameter
delta_tilt,1.5,15,1.247552697837389,p05,family_and_parameter
delta_tilt,1.6,16,1.2464222606363229,p05,family_and_parameter
delta_tilt,1.7,17,1.2452823274106453,p05,family_and_parameter
delta_tilt,1.8,18,1.244109419291192,p05,family_and_parameter
delta_tilt,1.9,19,1.2429025963260467,p05,family_and_parameter
delta_tilt,2.0,20,1.2416627555224868,p05,family_and_parameter
delta_tilt,2.1,21,1.2403908014126592,p05,family_and_parameter
delta_tilt,2.2,22,1.2391125932363365,p05,family_and_parameter
delta_tilt,2.3,23,1.237822279521188,p05,family_and_parameter
delta_tilt,2.4,24,1.23651517075305,p05,family_and_parameter
delta_tilt,2.5,25,1.2351883721939032,p05,family_and_parameter
delta_tilt,2.6,26,1.2339477271700463,p05,family_and_parameter
delta_tilt,2.7,27,1.2327133789230087,p05,family_and_parameter
delta_tilt,2.8,28,1.2314529215681895,p05,family_and_parameter
delta_tilt,2.9,29,1.2301673422206663,p05,family_and_parameter
delta_tilt,3.0,30,1.2288576571798282,p05,family_and_parameter
delta_tilt,3.1,31,1.2275249129663668,p05,family_and_parameter
delta_tilt,3.2,32,1.2261701868547001,p05,family_and_parameter
delta_tilt,3.3,33,1.2247945868861887,p05,family_and_parameter
delta_tilt,3.4,34,1.2233992513552827,p05,family_and_parameter
delta_tilt,3.5,35,1.2219853477675695,p05,family_and_parameter
delta_tilt,3.6,36,1.2205540712759249,p05,family_and_parameter
delta_tilt,3.7,37,1.2191101117602334,p05,family_and_parameter
delta_tilt,3.8,38,1.2176651480476812,p05,family_and_parameter
delta_tilt,3.9,39,1.216205876073306,p05,family_and_parameter
delta_tilt,4.0,40,1.2147335797043082,p05,family_and_parameter
delta_tilt,4.1,41,1.213249556633453,p05,family_and_parameter
delta_tilt,4.2,42,1.2117551142502125,p05,family_and_parameter
delta_tilt,4.3,43,1.2102515652231354,p05,family_and_parameter
delta_tilt,4.4,44,1.2087402228526074,p05,family_and_parameter
delta_tilt,4.5,45,1.2072342047030584,p05,family_and_parameter
delta_tilt,4.6,46,1.205757149500055,p05,family_and_parameter
delta_tilt,4.7,47,1.2043088315116284,p05,family_and_parameter
delta_tilt,4.8,48,1.202878794067388,p05,family_and_parameter
delta_tilt,4.9,49,1.2017511412954192,p05,family_and_parameter
delta_tilt,5.0,50,1.2006408824657195,p05,family_and_parameter
delta_tilt,5.1,51,1.199528042946868,p05,family_and_parameter
delta_tilt,5.2,52,1.1984133668052652,p05,family_and_parameter
delta_tilt,5.3,53,1.1972975773545969,p05,family_and_parameter
delta_tilt,5.4,54,1.1961941982456115,p05,family_and_parameter
delta_tilt,5.5,55,1.1951020944609176,p05,family_and_parameter
delta_tilt,5.6,56,1.194011229762578,p05,family_and_parameter
delta_tilt,5.7,57,1.192937301348011,p05,family_and_parameter
delta_tilt,5.8,58,1.1918751722424132,p05,family_and_parameter
delta_tilt,5.9,59,1.1908228856314582,p05,family_and_parameter
delta_tilt,6.0,60,1.1897735597603731,p05,family_and_parameter
delta_tilt,6.1,61,1.1887276680799757,p05,family_and_parameter
delta_tilt,6.2,62,1.1876856547750296,p05,family_and_parameter
delta_tilt,6.3,63,1.1866479349312058,p05,family_and_parameter
delta_tilt,6.4,64,1.1856296065502085,p05,family_and_parameter
delta_tilt,6.5,65,1.1846435607331791,p05,family_and_parameter
delta_tilt,6.6,66,1.1836624256543458,p05,family_and_parameter
delta_tilt,6.7,67,1.18268652550482,p05,family_and_parameter
delta_tilt,6.8,68,1.181721216117127,p05,family_and_parameter
delta_tilt,6.9,69,1.1807685062351279,p05,family_and_parameter
delta_tilt,7.0,70,1.1798217396522117,p05,family_and_parameter
delta_tilt,7.1,71,1.1788811276111137,p05,family_and_parameter
delta_tilt,7.2,72,1.1779615175003932,p05,family_and_parameter
delta_tilt,7.3,73,1.177075709989257,p05,family_and_parameter
delta_tilt,7.4,74,1.1761979441118533,p05,family_and_parameter
delta_tilt,7.5,75,1.1753265193804676,p05,family_and_parameter
delta_tilt,7.6,76,1.1744704079420327,p05,family_and_parameter
delta_tilt,7.7,77,1.1736305405257028,p05,family_and_parameter
delta_tilt,7.8,78,1.1728016538480805,p05,family_and_parameter
delta_tilt,7.9,79,1.1719882247462041,p05,family_and_parameter
delta_tilt,8.0,80,1.1711812721515626,p05,family_and_parameter
delta_tilt,8.1,81,1.1703808872884844,p05,family_and_parameter
delta_tilt,8.2,82,1.1695871514638618,p05,family_and_parameter
delta_tilt,8.3,83,1.1688001369656533,p05,family_and_parameter
delta_tilt,8.4,84,1.1680224803292047,p05,family_and_parameter
delta_tilt,8.5,85,1.1672561767722704,p05,family_and_parameter
delta_tilt,8.6,86,1.1664965704665684,p05,family_and_parameter
delta_tilt,8.7,87,1.1657535643019925,p05,family_and_parameter
delta_tilt,8.8,88,1.1650185560826913,p05,family_and_parameter
delta_tilt,8.9,89,1.1642915001628893,p05,family_and_parameter
delta_tilt,9.0,90,1.1635711138364535,p05,family_and_parameter
delta_tilt,9.1,91,1.1628574287792417,p05,family_and_parameter
delta_tilt,9.2,92,1.1621511962565267,p05,family_and_parameter
delta_tilt,9.3,93,1.1614552530670772,p05,family_and_parameter
delta_tilt,9.4,94,1.1607824537592826,p05,family_and_parameter
delta_tilt,9.5,95,1.1601417820707878,p05,family_and_parameter
delta_tilt,9.6,96,1.159506991623107,p05,family_and_parameter
delta_tilt,9.7,97,1.1588780968703272,p05,family_and_parameter
delta_tilt,9.8,98,1.1582551102245235,p05,family_and_parameter
delta_tilt,9.9,99,1.1576380422102985,p05,family_and_parameter
delta_tilt,10.0,100,1.157026901594098,p05,family_and_parameter
delta_tilt,10.1,101,1.156422188182648,p05,family_and_parameter
delta_tilt,10.2,102,1.1558299171137663,p05,family_and_parameter
delta_tilt,10.3,103,1.1552433709950107,p05,family_and_parameter
delta_tilt,10.4,104,1.154685435247513,p05,family_and_parameter
delta_tilt,10.5,105,1.1541555494975004,p05,family_and_parameter
delta_tilt,10.6,106,1.1536346902803327,p05,family_and_parameter
delta_tilt,10.7,107,1.153119289832588,p05,family_and_parameter
delta_tilt,10.8,108,1.1526093486608964,p05,family_and_parameter
delta_tilt,10.9,109,1.1521048659370703,p05,family_and_parameter
delta_tilt,11.0,110,1.1516058395196536,p05,family_and_parameter
delta_tilt,11.1,111,1.151112265971294,p05,family_and_parameter
delta_tilt,11.2,112,1.150624140572949,p05,family_and_parameter
delta_tilt,11.3,113,1.1501414573358548,p05,family_and_parameter
delta_tilt,11.4,114,1.149664209012031,p05,family_and_parameter
delta_tilt,11.5,115,1.14919238710398,p05,family_and_parameter
delta_tilt,11.6,116,1.1487259818741202,p05,family_and_parameter
delta_tilt,11.7,117,1.1482649823544022,p05,family_and_parameter
delta_tilt,11.8,118,1.147809376356481,p05,family_and_parameter
delta_tilt,11.9,119,1.1473591504827234,p05,family_and_parameter
delta_tilt,12.0,120,1.1469142901382614,p05,family_and_parameter
delta_tilt,12.1,121,1.14647709160367,p05,family_and_parameter
delta_tilt,12.2,122,1.1461451861886158,p05,family_and_parameter
delta_tilt,12.3,123,1.1458178341203937,p05,family_and_parameter
delta_tilt,12.4,124,1.1454949755864645,p05,family_and_parameter
delta_tilt,12.5,125,1.1451765509893976,p05,family_and_parameter
delta_tilt,12.6,126,1.1448625010121416,p05,family_and_parameter
delta_tilt,12.7,127,1.1445527666803206,p05,family_and_parameter
delta_tilt,12.8,128,1.1442472894215254,p05,family_and_parameter
delta_tilt,12.9,129,1.1439460111214097,p05,family_and_parameter
delta_tilt,13.0,130,1.143648874176542,p05,family_and_parameter
delta_tilt,13.1,131,1.14335582154392,p05,family_and_parameter
delta_tilt,13.2,132,1.1430756662485027,p05,family_and_parameter
delta_tilt,13.3,133,1.142807536872629,p05,family_and_parameter
delta_tilt,13.4,134,1.1425428500549368,p05,family_and_parameter
delta_tilt,13.5,135,1.142281558121158,p05,family_and_parameter
delta_tilt,13.6,136,1.142023614192396,p05,family_and_parameter
delta_tilt,13.7,137,1.141768972207135,p05,family_and_parameter
delta_tilt,13.8,138,1.1415244791938608,p05,family_and_parameter
delta_tilt,13.9,139,1.1412980372368569,p05,family_and_parameter
delta_tilt,14.0,140,1.1410739870477118,p05,family_and_parameter
delta_tilt,14.1,141,1.1408523013412808,p05,family_and_parameter
delta_tilt,14.2,142,1.140632953851767,p05,family_and_parameter
delta_tilt,14.3,143,1.1404159193030112,p05,family_and_parameter
delta_tilt,14.4,144,1.1402011733778425,p05,family_and_parameter
delta_tilt,14.5,145,1.139988692686589,p05,family_and_parameter
delta_tilt,14.6,146,1.139778454734843,p05,family_and_parameter
delta_tilt,14.7,147,1.1395715948173033,p05,family_and_parameter
delta_tilt,14.8,148,1.1393715298116578,p05,family_and_parameter
delta_tilt,14.9,149,1.1391735447024172,p05,family_and_parameter
delta_tilt,15.0,150,1.1390041254779044,p05,family_and_parameter
base_mean,,151,1.2644131447393119,p05,family_and_parameter
variance,,152,1.2622368479429134,p05,family_and_parameter
upper_70,,153,1.2848687859724024,p05,family_and_parameter
upper_80,,154,1.2548843112191503,p05,family_and_parameter
upper_90,,155,1.4967184906669124,p05,family_and_parameter
upper_tail_area_70,,156,1.3423253612731771,p05,family_and_parameter
delta_tilt,0.0,0,1.291055416875217,p06,lambda_only
delta_tilt,0.1,1,1.3044123231232236,p06,lambda_only
delta_tilt,0.2,2,1.303783011972736,p06,lambda_only
delta_tilt,0.3,3,1.303129076889185,p06,lambda_only
delta_tilt,0.4,4,1.3024378601498587,p06,lambda_only
delta_tilt,0.5,5,1.3017691377786844,p06,lambda_only
delta_tilt,0.6,6,1.3010573957967984,p06,lambda_only
delta_tilt,0.7,7,1.3003040716129792,p06,lambda_only
delta_tilt,0.8,8,1.299510565393651,p06,lambda_only
delta_tilt,0.9,9,1.2986782405356134,p06,lambda_only
delta_tilt,1.0,10,1.2978084246851924,p06,lambda_only
delta_tilt,1.1,11,1.2969024112689502,p06,lambda_only
delta_tilt,1.2,12,1.2959614614943125,p06,lambda_only
delta_tilt,1.3,13,1.294986806772386,p06,lambda_only
delta_tilt,1.4,14,1.293979651509756,p06,lambda_only
delta_tilt,1.5,15,1.2929437565636193,p06,lambda_only
delta_tilt,1.6,16,1.2919086975439098,p06,lambda_only
delta_tilt,1.7,17,1.2908446592832998,p06,lambda_only
delta_tilt,1.8,18,1.2898485086572549,p06,lambda_only
delta_tilt,1.9,19,1.2888506672989999,p06,lambda_only
delta_tilt,2.0,20,1.2878509966186455,p06,lambda_only
delta_tilt,2.1,21,1.2868252135119786,p06,lambda_only
delta_tilt,2.2,22,1.2857954431388467,p06,lambda_only
delta_tilt,2.3,23,1.2847613408255711,p06,lambda_only
delta_tilt,2.4,24,1.2837046149593765,p06,lambda_only
delta_tilt,2.5,25,1.2826262385891805,p06,lambda_only
delta_tilt,2.6,26,1.2815271993974982,p06,lambda_only
delta_tilt,2.7,27,1.280408502223695,p06,lambda_only
delta_tilt,2.8,28,1.2792711712185292,p06,lambda_only
delta_tilt,2.9,29,1.2781162515996412,p06,lambda_only
delta_tilt,3.0,30,1.2769448109826684,p06,lambda_only
delta_tilt,3.1,31,1.2757804773969283,p06,lambda_only
delta_tilt,3.2,32,1.2746896927525886,p06,lambda_only
delta_tilt,3.3,33,1.2735835484344762,p06,lambda_only
delta_tilt,3.4,34,1.2724631628005996,p06,lambda_only
delta_tilt,3.5,35,1.2713296774877694,p06,lambda_only
delta_tilt,3.6,36,1.2702096531421165,p06,lambda_only
delta_tilt,3.7,37,1.2691010177805366,p06,lambda_only
delta_tilt,3.8,38,1.2679842534405954,p06,lambda_only
delta_tilt,3.9,39,1.2668604738779252,p06,lambda_only
delta_tilt,4.0,40,1.2657308091279518,p06,lambda_only
delta_tilt,4.1,41,1.264596402487804,p06,lambda_only
delta_tilt,4.2,42,1.263458407188786,p06,lambda_only
delta_tilt,4.3,43,1.2623179828035478,p06,lambda_only
delta_tilt,4.4,44,1.2611762914362241,p06,lambda_only
delta_tilt,4.5,45,1.2600344937471541,p06,lambda_only
delta_tilt,4.6,46,1.2588937448664137,p06,lambda_only
delta_tilt,4.7,47,1.2577551902518938,p06,lambda_only
delta_tilt,4.8,48,1.2566199615482547,p06,lambda_only
delta_tilt,4.9,49,1.2554891725025297,p06,lambda_only
delta_tilt,5.0,50,1.2543756484757451,p06,lambda_only
delta_tilt,5.1,51,1.2534855961865934,p06,lambda_only
delta_tilt,5.2,52,1.252656622968621,p06,lambda_only
delta_tilt,5.3,53,1.2518316828089073,p06,lambda_only
delta_tilt,5.4,54,1.251011464982477,p06,lambda_only
delta_tilt,5.5,55,1.2501966374177986,p06,lambda_only
delta_tilt,5.6,56,1.2493878450334202,p06,lambda_only
delta_tilt,5.7,57,1.248590965963167,p06,lambda_only
delta_tilt,5.8,58,1.2478290095130276,p06,lambda_only
delta_tilt,5.9,59,1.247079937897293,p06,lambda_only
delta_tilt,6.0,60,1.2463393467778978,p06,lambda_only
delta_tilt,6.1,61,1.2456077125748592,p06,lambda_only
delta_tilt,6.2,62,1.2448864098184487,p06,lambda_only
delta_tilt,6.3,63,1.2441842852169507,p06,lambda_only
delta_tilt,6.4,64,1.243492201023787,p06,lambda_only
delta_tilt,6.5,65,1.2428105304053894,p06,lambda_only
delta_tilt,6.6,66,1.2421396206184305,p06,lambda_only
delta_tilt,6.7,67,1.2414797935678692,p06,lambda_only
delta_tilt,6.8,68,1.2408313464810348,p06,lambda_only
delta_tilt,6.9,69,1.2401945526785163,p06,lambda_only
delta_tilt,7.0,70,1.2395696624227612,p06,lambda_only
delta_tilt,7.1,71,1.2389569038258958,p06,lambda_only
delta_tilt,7.2,72,1.238356483799142,p06,lambda_only
delta_tilt,7.3,73,1.2377685890274428,p06,lambda_only
delta_tilt,7.4,74,1.2371933869542555,p06,lambda_only
delta_tilt,7.5,75,1.2366310267630722,p06,lambda_only
delta_tilt,7.6,76,1.236087980760788,p06,lambda_only
delta_tilt,7.7,77,1.2355634687702974,p06,lambda_only
delta_tilt,7.8,78,1.2350518853963586,p06,lambda_only
delta_tilt,7.9,79,1.2345533216621725,p06,lambda_only
delta_tilt,8.0,80,1.23406785439552,p06,lambda_only
delta_tilt,8.1,81,1.2335955470171245,p06,lambda_only
delta_tilt,8.2,82,1.2331384566785737,p06,lambda_only
delta_tilt,8.3,83,1.23269633432616,p06,lambda_only
delta_tilt,8.4,84,1.2322672555077072,p06,lambda_only
delta_tilt,8.5,85,1.2318512405359918,p06,lambda_only
delta_tilt,8.6,86,1.2314482993031202,p06,lambda_only
delta_tilt,8.7,87,1.231058431786407,p06,lambda_only
delta_tilt,8.8,88,1.2306816285083573,p06,lambda_only
delta_tilt,8.9,89,1.2303178709534062,p06,lambda_only
delta_tilt,9.0,90,1.229967131944406,p06,lambda_only
delta_tilt,9.1,91,1.2296293759821013,p06,lambda_only
delta_tilt,9.2,92,1.2293045595510226,p06,lambda_only
delta_tilt,9.3,93,1.2289926313952912,p06,lambda_only
delta_tilt,9.4,94,1.2286935327678417,p06,lambda_only
delta_tilt,9.5,95,1.2284071976565503,p06,lambda_only
delta_tilt,9.6,96,1.2281335529906163,p06,lambda_only
delta_tilt,9.7,97,1.2278725188304411,p06,lambda_only
delta_tilt,9.8,98,1.2276240085440802,p06,lambda_only
delta_tilt,9.9,99,1.2273879289731116,p06,lambda_only
delta_tilt,10.0,100,1.227164180590602,p06,lambda_only
delta_tilt,10.1,101,1.2269526576535859,p06,lambda_only
delta_tilt,10.2,102,1.226753248352271,p06,lambda_only
delta_tilt,10.3,103,1.2265658349579183,p06,lambda_only
delta_tilt,10.4,104,1.2263902939711468,p06,lambda_only
delta_tilt,10.5,105,1.2262264962721596,p06,lambda_only
delta_tilt,10.6,106,1.2260743072741698,p06,lambda_only
delta_tilt,10.7,107,1.2259335870810981,p06,lambda_only
delta_tilt,10.8,108,1.2258041906504094,p06,lambda_only
delta_tilt,10.9,109,1.2256859679617709,p06,lambda_only
delta_tilt,11.0,110,1.225578764192005,p06,lambda_only
delta_tilt,11.1,111,1.2254824198967047,p06,lambda_only
delta_tilt,11.2,112,1.2253967711986558,p06,lambda_only
delta_tilt,11.3,113,1.2253216499831308,p06,lambda_only
delta_tilt,11.4,114,1.2252568840999525,p06,lambda_only
delta_tilt,11.5,115,1.2252022975721546,p06,lambda_only
delta_tilt,11.6,116,1.225157710810904,p06,lambda_only
delta_tilt,11.7,117,1.2251229408363307,p06,lambda_only
delta_tilt,11.8,118,1.2250978015037937,p06,lambda_only
delta_tilt,11.9,119,1.225082103735057,p06,lambda_only
delta_tilt,12.0,120,1.225075655753786,p06,lambda_only
delta_tilt,12.1,121,1.2250782633247561,p06,lambda_only
delta_tilt,12.2,122,1.2250928327426531,p06,lambda_only
delta_tilt,12.3,123,1.225116392785042,p06,lambda_only
delta_tilt,12.4,124,1.2251485318727315,p06,lambda_only
delta_tilt,12.5,125,1.2251890449305964,p06,lambda_only
delta_tilt,12.6,126,1.2252377256385805,p06,lambda_only
delta_tilt,12.7,127,1.2252943666830605,p06,lambda_only
delta_tilt,12.8,128,1.2253587600070497,p06,lambda_only
delta_tilt,12.9,129,1.2254306970585336,p06,lambda_only
delta_tilt,13.0,130,1.2255099690362155,p06,lambda_only
delta_tilt,13.1,131,1.225596367132035,p06,lambda_only
delta_tilt,13.2,132,1.2256896827697703,p06,lambda_only
delta_tilt,13.3,133,1.2257897078391482,p06,lambda_only
delta_tilt,13.4,134,1.2258962349248408,p06,lambda_only
delta_tilt,13.5,135,1.2260090575298241,p06,lambda_only
delta_tilt,13.6,136,1.2261729180911345,p06,lambda_only
delta_tilt,13.7,137,1.2263716267955118,p06,lambda_only
delta_tilt,13.8,138,1.2265749184108934,p06,lambda_only
delta_tilt,13.9,139,1.2267825867786495,p06,lambda_only
delta_tilt,14.0,140,1.2269944279301626,p06,lambda_only
delta_tilt,14.1,141,1.2272102402816967,p06,lambda_only
delta_tilt,14.2,142,1.2274470408643883,p06,lambda_only
delta_tilt,14.3,143,1.2277094072376997,p06,lambda_only
delta_tilt,14.4,144,1.2279739534647103,p06,lambda_only
delta_tilt,14.5,145,1.2282405011471305,p06,lambda_only
delta_tilt,14.6,146,1.2285088761237828,p06,lambda_only
delta_tilt,14.7,147,1.2287789085403507,p06,lambda_only
delta_tilt,14.8,148,1.229050432908606,p06,lambda_only
delta_tilt,14.9,149,1.2293232881553966,p06,lambda_only
delta_tilt,15.0,150,1.2296024776349934,p06,lambda_only
delta_tilt,0.0,0,1.291055416875217,p06,family_and_parameter
delta_tilt,0.1,1,1.3044123231232236,p06,family_and_parameter
delta_tilt,0.2,2,1.303783011972736,p06,family_and_parameter
delta_tilt,0.3,3,1.303129076889185,p06,family_and_parameter
delta_tilt,0.4,4,1.3024378601498587,p06,family_and_parameter
delta_tilt,0.5,5,1.3017691377786844,p06,family_and_parameter
delta_tilt,0.6,6,1.3010573957967984,p06,family_and_parameter
delta_tilt,0.7,7,1.3003040716129792,p06,family_and_parameter
delta_tilt,0.8,8,1.299510565393651,p06,family_and_parameter
delta_tilt,0.9,9,1.2986782405356134,p06,family_and_parameter
delta_tilt,1.0,10,1.2978084246851924,p06,family_and_parameter
delta_tilt,1.1,11,1.2969024112689502,p06,family_and_parameter
delta_tilt,1.2,12,1.2959614614943125,p06,family_and_parameter
delta_tilt,1.3,13,1.294986806772386,p06,family_and_parameter
delta_tilt,1.4,14,1.293979651509756,p06,family_and_parameter
delta_tilt,1.5,15,1.2929437565636193,p06,family_and_parameter
delta_tilt,1.6,16,1.2919086975439098,p06,family_and_parameter
delta_tilt,1.7,17,1.2908446592832998,p06,family_and_parameter
delta_tilt,1.8,18,1.2898485086572549,p06,family_and_parameter
delta_tilt,1.9,19,1.2888506672989999,p06,family_and_parameter
delta_tilt,2.0,20,1.2878509966186455,p06,family_and_parameter
delta_tilt,2.1,21,1.2868252135119786,p06,family_and_parameter
delta_tilt,2.2,22,1.2857954431388467,p06,family_and_parameter
delta_tilt,2.3,23,1.2847613408255711,p06,family_and_parameter
delta_tilt,2.4,24,1.2837046149593765,p06,family_and_parameter
delta_tilt,2.5,25,1.2826262385891805,p06,family_and_parameter
delta_tilt,2.6,26,1.2815271993974982,p06,family_and_parameter
delta_tilt,2.7,27,1.280408502223695,p06,family_and_parameter
delta_tilt,2.8,28,1.2792711712185292,p06,family_and_parameter
delta_tilt,2.9,29,1.2781162515996412,p06,family_and_parameter
delta_tilt,3.0,30,1.2769448109826684,p06,family_and_parameter
delta_tilt,3.1,31,1.2757804773969283,p06,family_and_parameter
delta_tilt,3.2,32,1.2746896927525886,p06,family_and_parameter
delta_tilt,3.3,33,1.2735835484344762,p06,family_and_parameter
delta_tilt,3.4,34,1.2724631628005996,p06,family_and_parameter
delta_tilt,3.5,35,1.2713296774877694,p06,family_and_parameter
delta_tilt,3.6,36,1.2702096531421165,p06,family_and_parameter
delta_tilt,3.7,37,1.2691010177805366,p06,family_and_parameter
delta_tilt,3.8,38,1.2679842534405954,p06,family_and_parameter
delta_tilt,3.9,39,1.2668604738779252,p06,family_and_parameter
delta_tilt,4.0,40,1.2657308091279518,p06,family_and_parameter
delta_tilt,4.1,41,1.264596402487804,p06,family_and_parameter
delta_tilt,4.2,42,1.263458407188786,p06,family_and_parameter
delta_tilt,4.3,43,1.2623179828035478,p06,family_and_parameter
delta_tilt,4.4,44,1.2611762914362241,p06,family_and_parameter
delta_tilt,4.5,45,1.2600344937471541,p06,family_and_parameter
delta_tilt,4.6,46,1.2588937448664137,p06,family_and_parameter
delta_tilt,4.7,47,1.2577551902518938,p06,family_and_parameter
delta_tilt,4.8,48,1.2566199615482547,p06,family_and_parameter
delta_tilt,4.9,49,1.2554891725025297,p06,family_and_parameter
delta_tilt,5.0,50,1.2543756484757451,p06,family_and_parameter
delta_tilt,5.1,51,1.2534855961865934,p06,family_and_parameter
delta_tilt,5.2,52,1.252656622968621,p06,family_and_parameter
delta_tilt,5.3,53,1.2518316828089073,p06,family_and_parameter
delta_tilt,5.4,54,1.251011464982477,p06,family_and_parameter
delta_tilt,5.5,55,1.2501966374177986,p06,family_and_parameter
delta_tilt,5.6,56,1.2493878450334202,p06,family_and_parameter
delta_tilt,5.7,57,1.248590965963167,p06,family_and_parameter
delta_tilt,5.8,58,1.2478290095130276,p06,family_and_parameter
delta_tilt,5.9,59,1.247079937897293,p06,family_and_parameter
delta_tilt,6.0,60,1.2463393467778978,p06,family_and_parameter
delta_tilt,6.1,61,1.2456077125748592,p06,family_and_parameter
delta_tilt,6.2,62,1.2448864098184487,p06,family_and_parameter
delta_tilt,6.3,63,1.2441842852169507,p06,family_and_parameter
delta_tilt,6.4,64,1.243492201023787,p06,family_and_parameter
delta_tilt,6.5,65,1.2428105304053894,p06,family_and_parameter
delta_tilt,6.6,66,1.2421396206184305,p06,family_and_parameter
delta_tilt,6.7,67,1.2414797935678692,p06,family_and_parameter
delta_tilt,6.8,68,1.2408313464810348,p06,family_and_parameter
delta_tilt,6.9,69,1.2401945526785163,p06,family_and_parameter
delta_tilt,7.0,70,1.2395696624227612,p06,family_and_parameter
delta_tilt,7.1,71,1.2389569038258958,p06,family_and_parameter
delta_tilt,7.2,72,1.238356483799142,p06,family_and_parameter
delta_tilt,7.3,73,1.2377685890274428,p06,family_and_parameter
delta_tilt,7.4,74,1.2371933869542555,p06,family_and_parameter
delta_tilt,7.5,75,1.2366310267630722,p06,family_and_parameter
delta_tilt,7.6,76,1.236087980760788,p06,family_and_parameter
delta_tilt,7.7,77,1.2355634687702974,p06,family_and_parameter
delta_tilt,7.8,78,1.2350518853963586,p06,family_and_parameter
delta_tilt,7.9,79,1.2345533216621725,p06,family_and_parameter
delta_tilt,8.0,80,1.23406785439552,p06,family_and_parameter
delta_tilt,8.1,81,1.2335955470171245,p06,family_and_parameter
delta_tilt,8.2,82,1.2331384566785737,p06,family_and_parameter
delta_tilt,8.3,83,1.23269633432616,p06,family_and_parameter
delta_tilt,8.4,84,1.2322672555077072,p06,family_and_parameter
delta_tilt,8.5,85,1.2318512405359918,p06,family_and_parameter
delta_tilt,8.6,86,1.2314482993031202,p06,family_and_parameter
delta_tilt,8.7,87,1.231058431786407,p06,family_and_parameter
delta_tilt,8.8,88,1.2306816285083573,p06,family_and_parameter
delta_tilt,8.9,89,1.2303178709534062,p06,family_and_parameter
delta_tilt,9.0,90,1.229967131944406,p06,family_and_parameter
delta_tilt,9.1,91,1.2296293759821013,p06,family_and_parameter
delta_tilt,9.2,92,1.2293045595510226,p06,family_and_parameter
delta_tilt,9.3,93,1.2289926313952912,p06,family_and_parameter
delta_tilt,9.4,94,1.2286935327678417,p06,family_and_parameter
delta_tilt,9.5,95,1.2284071976565503,p06,family_and_parameter
delta_tilt,9.6,96,1.2281335529906163,p06,family_and_parameter
delta_tilt,9.7,97,1.2278725188304411,p06,family_and_parameter
delta_tilt,9.8,98,1.2276240085440802,p06,family_and_parameter
delta_tilt,9.9,99,1.2273879289731116,p06,family_and_parameter
delta_tilt,10.0,100,1.227164180590602,p06,family_and_parameter
delta_tilt,10.1,101,1.2269526576535859,p06,family_and_parameter
delta_tilt,10.2,102,1.226753248352271,p06,family_and_parameter
delta_tilt,10.3,103,1.2265658349579183,p06,family_and_parameter
delta_tilt,10.4,104,1.2263902939711468,p06,family_and_parameter
delta_tilt,10.5,105,1.2262264962721596,p06,family_and_parameter
delta_tilt,10.6,106,1.2260743072741698,p06,family_and_parameter
delta_tilt,10.7,107,1.2259335870810981,p06,family_and_parameter
delta_tilt,10.8,108,1.2258041906504094,p06,family_and_parameter
delta_tilt,10.9,109,1.2256859679617709,p06,family_and_parameter
delta_tilt,11.0,110,1.225578764192005,p06,family_and_parameter
delta_tilt,11.1,111,1.2254824198967047,p06,family_and_parameter
delta_tilt,11.2,112,1.2253967711986558,p06,family_and_parameter
delta_tilt,11.3,113,1.2253216499831308,p06,family_and_parameter
delta_tilt,11.4,114,1.2252568840999525,p06,family_and_parameter
delta_tilt,11.5,115,1.2252022975721546,p06,family_and_parameter
delta_tilt,11.6,116,1.225157710810904,p06,family_and_parameter
delta_tilt,11.7,117,1.2251229408363307,p06,family_and_parameter
delta_tilt,11.8,118,1.2250978015037937,p06,family_and_parameter
delta_tilt,11.9,119,1.225082103735057,p06,family_and_parameter
delta_tilt,12.0,120,1.225075655753786,p06,family_and_parameter
delta_tilt,12.1,121,1.2250782633247561,p06,family_and_parameter
delta_tilt,12.2,122,1.2250928327426531,p06,family_and_parameter
delta_tilt,12.3,123,1.225116392785042,p06,family_and_parameter
delta_tilt,12.4,124,1.2251485318727315,p06,family_and_parameter
delta_tilt,12.5,125,1.2251890449305964,p06,family_and_parameter
delta_tilt,12.6,126,1.2252377256385805,p06,family_and_parameter
delta_tilt,12.7,127,1.2252943666830605,p06,family_and_parameter
delta_tilt,12.8,128,1.2253587600070497,p06,family_and_parameter
delta_tilt,12.9,129,1.2254306970585336,p06,family_and_parameter
delta_tilt,13.0,130,1.2255099690362155,p06,family_and_parameter
delta_tilt,13.1,131,1.225596367132035,p06,family_and_parameter
delta_tilt,13.2,132,1.2256896827697703,p06,family_and_parameter
delta_tilt,13.3,133,1.2257897078391482,p06,family_and_parameter
delta_tilt,13.4,134,1.2258962349248408,p06,family_and_parameter
delta_tilt,13.5,135,1.2260090575298241,p06,family_and_parameter
delta_tilt,13.6,136,1.2261729180911345,p06,family_and_parameter
delta_tilt,13.7,137,1.2263716267955118,p06,family_and_parameter
delta_tilt,13.8,138,1.2265749184108934,p06,family_and_parameter
delta_tilt,13.9,139,1.2267825867786495,p06,family_and_parameter
delta_tilt,14.0,140,1.2269944279301626,p06,family_and_parameter
delta_tilt,14.1,141,1.2272102402816967,p06,family_and_parameter
delta_tilt,14.2,142,1.2274470408643883,p06,family_and_parameter
delta_tilt,14.3,143,1.2277094072376997,p06,family_and_parameter
delta_tilt,14.4,144,1.2279739534647103,p06,family_and_parameter
delta_tilt,14.5,145,1.2282405011471305,p06,family_and_parameter
delta_tilt,14.6,146,1.2285088761237828,p06,family_and_parameter
delta_tilt,14.7,147,1.2287789085403507,p06,family_and_parameter
delta_tilt,14.8,148,1.229050432908606,p06,family_and_parameter
delta_tilt,14.9,149,1.2293232881553966,p06,family_and_parameter
delta_tilt,15.0,150,1.2296024776349934,p06,family_and_parameter
base_mean,,151,1.291055416875217,p06,family_and_parameter
variance,,152,1.3052369611647363,p06,family_and_parameter
upper_70,,153,1.3082721230820586,p06,family_and_parameter
upper_80,,154,1.2723111941397753,p06,family_and_parameter
upper_90,,155,1.5493186962135308,p06,family_and_parameter
upper_tail_area_70,,156,1.3698464922800713,p06,family_and_parameter
delta_tilt,0.0,0,1.2569149087375326,p07,lambda_only
delta_tilt,0.1,1,1.2734918072881398,p07,lambda_only
delta_tilt,0.2,2,1.272920692408553,p07,lambda_only
delta_tilt,0.3,3,1.2723036954610012,p07,lambda_only
delta_tilt,0.4,4,1.2718076124311029,p07,lambda_only
delta_tilt,0.5,5,1.2713015128375431,p07,lambda_only
delta_tilt,0.6,6,1.2707533760129428,p07,lambda_only
delta_tilt,0.7,7,1.2701647952218234,p07,lambda_only
delta_tilt,0.8,8,1.2695373146353657,p07,lambda_only
delta_tilt,0.9,9,1.2688724291827094,p07,lambda_only
delta_tilt,1.0,10,1.26818513938608,p07,lambda_only
delta_tilt,1.1,11,1.2674940032367707,p07,lambda_only
delta_tilt,1.2,12,1.2667644077192335,p07,lambda_only
delta_tilt,1.3,13,1.2659977931676407,p07,lambda_only
delta_tilt,1.4,14,1.2652453816793745,p07,lambda_only
delta_tilt,1.5,15,1.2644690247063324,p07,lambda_only
delta_tilt,1.6,16,1.2636677054403198,p07,lambda_only
delta_tilt,1.7,17,1.262866462367375,p07,lambda_only
delta_tilt,1.8,18,1.2621310647904045,p07,lambda_only
delta_tilt,1.9,19,1.261364738755929,p07,lambda_only
delta_tilt,2.0,20,1.2605898255755092,p07,lambda_only
delta_tilt,2.1,21,1.2598020876641278,p07,lambda_only
delta_tilt,2.2,22,1.258987292178569,p07,lambda_only
delta_tilt,2.3,23,1.2581465088664803,p07,lambda_only
delta_tilt,2.4,24,1.257280804644333,p07,lambda_only
delta_tilt,2.5,25,1.2563912468238032,p07,lambda_only
delta_tilt,2.6,26,1.2554789061418634,p07,lambda_only
delta_tilt,2.7,27,1.2545603584845497,p07,lambda_only
delta_tilt,2.8,28,1.2536262914888086,p07,lambda_only
delta_tilt,2.9,29,1.252673132350073,p07,lambda_only
delta_tilt,3.0,30,1.251701978418497,p07,lambda_only
delta_tilt,3.1,31,1.2507139407781493,p07,lambda_only
delta_tilt,3.2,32,1.2497102597536922,p07,lambda_only
delta_tilt,3.3,33,1.248729017303569,p07,lambda_only
delta_tilt,3.4,34,1.2477363570758027,p07,lambda_only
delta_tilt,3.5,35,1.2467333241276592,p07,lambda_only
delta_tilt,3.6,36,1.2457209808793384,p07,lambda_only
delta_tilt,3.7,37,1.2447004059761073,p07,lambda_only
delta_tilt,3.8,38,1.2436726927316772,p07,lambda_only
delta_tilt,3.9,39,1.2426389471746142,p07,lambda_only
delta_tilt,4.0,40,1.2416002857252184,p07,lambda_only
delta_tilt,4.1,41,1.2405578325355904,p07,lambda_only
delta_tilt,4.2,42,1.23951271653072,p07,lambda_only
delta_tilt,4.3,43,1.2384660681929254,p07,lambda_only
delta_tilt,4.4,44,1.2374190161359997,p07,lambda_only
delta_tilt,4.5,45,1.2363726835186668,p07,lambda_only
delta_tilt,4.6,46,1.2353281843493433,p07,lambda_only
delta_tilt,4.7,47,1.234286619735716,p07,lambda_only
delta_tilt,4.8,48,1.23326118656081,p07,lambda_only
delta_tilt,4.9,49,1.2322423098679798,p07,lambda_only
delta_tilt,5.0,50,1.231229495957034,p07,lambda_only
delta_tilt,5.1,51,1.230352478589247,p07,lambda_only
delta_tilt,5.2,52,1.2295587255230174,p07,lambda_only
delta_tilt,5.3,53,1.2288599639919575,p07,lambda_only
delta_tilt,5.4,54,1.2281643232204562,p07,lambda_only
delta_tilt,5.5,55,1.227472467403732,p07,lambda_only
delta_tilt,5.6,56,1.2267850386110608,p07,lambda_only
delta_tilt,5.7,57,1.2261026551867487,p07,lambda_only
delta_tilt,5.8,58,1.2254259103626122,p07,lambda_only
delta_tilt,5.9,59,1.2247553710932613,p07,lambda_only
delta_tilt,6.0,60,1.2240915771206136,p07,lambda_only
delta_tilt,6.1,61,1.2234350402693779,p07,lambda_only
delta_tilt,6.2,62,1.2227862439708257,p07,lambda_only
delta_tilt,6.3,63,1.2221456430080893,p07,lambda_only
delta_tilt,6.4,64,1.2215136634725619,p07,lambda_only
delta_tilt,6.5,65,1.2208907029179972,p07,lambda_only
delta_tilt,6.6,66,1.2202771306962563,p07,lambda_only
delta_tilt,6.7,67,1.2196732884567916,p07,lambda_only
delta_tilt,6.8,68,1.219079490790532,p07,lambda_only
delta_tilt,6.9,69,1.2184960259980875,p07,lambda_only
delta_tilt,7.0,70,1.2179231569618285,p07,lambda_only
delta_tilt,7.1,71,1.2173839228169534,p07,lambda_only
delta_tilt,7.2,72,1.216859840661654,p07,lambda_only
delta_tilt,7.3,73,1.2163498162129862,p07,lambda_only
delta_tilt,7.4,74,1.2158511319357677,p07,lambda_only
delta_tilt,7.5,75,1.2153639238498628,p07,lambda_only
delta_tilt,7.6,76,1.2148883101109074,p07,lambda_only
delta_tilt,7.7,77,1.2144243920276125,p07,lambda_only
delta_tilt,7.8,78,1.2139722550528553,p07,lambda_only
delta_tilt,7.9,79,1.2135319697402227,p07,lambda_only
delta_tilt,8.0,80,1.2131035926593388,p07,lambda_only
delta_tilt,8.1,81,1.2126871672647632,p07,lambda_only
delta_tilt,8.2,82,1.2122827247147445,p07,lambda_only
delta_tilt,8.3,83,1.2118902846373607,p07,lambda_only
delta_tilt,8.4,84,1.2115098558427817,p07,lambda_only
delta_tilt,8.5,85,1.211149800478352,p07,lambda_only
delta_tilt,8.6,86,1.2108021487674134,p07,lambda_only
delta_tilt,8.7,87,1.2104661967132395,p07,lambda_only
delta_tilt,8.8,88,1.2101440108484294,p07,lambda_only
delta_tilt,8.9,89,1.2098368770567178,p07,lambda_only
delta_tilt,9.0,90,1.2095410732267406,p07,lambda_only
delta_tilt,9.1,91,1.2092565485093694,p07,lambda_only
delta_tilt,9.2,92,1.2089832455309761,p07,lambda_only
delta_tilt,9.3,93,1.208721100692408,p07,lambda_only
delta_tilt,9.4,94,1.2084700444365626,p07,lambda_only
delta_tilt,9.5,95,1.208230001488123,p07,lambda_only
delta_tilt,9.6,96,1.208000891068877,p07,lambda_only
delta_tilt,9.7,97,1.2077826270919547,p07,lambda_only
delta_tilt,9.8,98,1.2075751183381767,p07,lambda_only
delta_tilt,9.9,99,1.2073782686175265,p07,lambda_only
delta_tilt,10.0,100,1.2071919769185375,p07,lambda_only
delta_tilt,10.1,101,1.2070161375482302,p07,lambda_only
delta_tilt,10.2,102,1.2068506402649426,p07,lambda_only
delta_tilt,10.3,103,1.2066989158682393,p07,lambda_only
delta_tilt,10.4,104,1.2065592228684057,p07,lambda_only
delta_tilt,10.5,105,1.2064294421278254,p07,lambda_only
delta_tilt,10.6,106,1.2063094476061826,p07,lambda_only
delta_tilt,10.7,107,1.206199109319807,p07,lambda_only
delta_tilt,10.8,108,1.2060982934717974,p07,lambda_only
delta_tilt,10.9,109,1.2060068625853546,p07,lambda_only
delta_tilt,11.0,110,1.205924675641025,p07,lambda_only
delta_tilt,11.1,111,1.205851588218355,p07,lambda_only
delta_tilt,11.2,112,1.2057874526423535,p07,lambda_only
delta_tilt,11.3,113,1.2057321181349294,p07,lambda_only
delta_tilt,11.4,114,1.2056854309714802,p07,lambda_only
delta_tilt,11.5,115,1.2056472346425393,p07,lambda_only
delta_tilt,11.6,116,1.2056173700204142,p07,lambda_only
delta_tilt,11.7,117,1.2055956755305701,p07,lambda_only
delta_tilt,11.8,118,1.2055819873274944,p07,lambda_only
delta_tilt,11.9,119,1.2055761394746647,p07,lambda_only
delta_tilt,12.0,120,1.2055779641282178,p07,lambda_only
delta_tilt,12.1,121,1.205587291723853,p07,lambda_only
delta_tilt,12.2,122,1.2056039511664634,p07,lambda_only
delta_tilt,12.3,123,1.205627770021971,p07,lambda_only
delta_tilt,12.4,124,1.2056585747108117,p07,lambda_only
delta_tilt,12.5,125,1.2056961907024861,p07,lambda_only
delta_tilt,12.6,126,1.2057740919381168,p07,lambda_only
delta_tilt,12.7,127,1.2058596946268723,p07,lambda_only
delta_tilt,12.8,128,1.20595196449498,p07,lambda_only
delta_tilt,12.9,129,1.2060507038489194,p07,lambda_only
delta_tilt,13.0,130,1.2061557151372273,p07,lambda_only
delta_tilt,13.1,131,1.2062668011647075,p07,lambda_only
delta_tilt,13.2,132,1.206383765303023,p07,lambda_only
delta_tilt,13.3,133,1.2065064116971462,p07,lambda_only
delta_tilt,13.4,134,1.2066345454670828,p07,lambda_only
delta_tilt,13.5,135,1.206767972904394,p07,lambda_only
delta_tilt,13.6,136,1.2069213857323573,p07,lambda_only
delta_tilt,13.7,137,1.207110899903506,p07,lambda_only
delta_tilt,13.8,138,1.2073046677508459,p07,lambda_only
delta_tilt,13.9,139,1.207502498971442,p07,lambda_only
delta_tilt,14.0,140,1.2077150567860113,p07,lambda_only
delta_tilt,14.1,141,1.207995320225186,p07,lambda_only
delta_tilt,14.2,142,1.208277973570382,p07,lambda_only
delta_tilt,14.3,143,1.2085628314700962,p07,lambda_only
delta_tilt,14.4,144,1.2088497119018065,p07,lambda_only
delta_tilt,14.5,145,1.2091384363012143,p07,lambda_only
delta_tilt,14.6,146,1.2094288296811624,p07,lambda_only
delta_tilt,14.7,147,1.2097207207401726,p07,lambda_only
delta_tilt,14.8,148,1.2100146648000585,p07,lambda_only
delta_tilt,14.9,149,1.2103123152821496,p07,lambda_only
delta_tilt,15.0,150,1.2106110012584763,p07,lambda_only
delta_tilt,0.0,0,1.2569149087375326,p07,family_and_parameter
delta_tilt,0.1,1,1.2734918072881398,p07,family_and_parameter
delta_tilt,0.2,2,1.272920692408553,p07,family_and_parameter
delta_tilt,0.3,3,1.2723036954610012,p07,family_and_parameter
delta_tilt,0.4,4,1.2718076124311029,p07,family_and_parameter
delta_tilt,0.5,5,1.2713015128375431,p07,family_and_parameter
delta_tilt,0.6,6,1.2707533760129428,p07,family_and_parameter
delta_tilt,0.7,7,1.2701647952218234,p07,family_and_parameter
delta_tilt,0.8,8,1.2695373146353657,p07,family_and_parameter
delta_tilt,0.9,9,1.2688724291827094,p07,family_and_parameter
delta_tilt,1.0,10,1.26818513938608,p07,family_and_parameter
delta_tilt,1.1,11,1.2674940032367707,p07,family_and_parameter
delta_tilt,1.2,12,1.2667644077192335,p07,family_and_parameter
delta_tilt,1.3,13,1.2659977931676407,p07,family_and_parameter
delta_tilt,1.4,14,1.2652453816793745,p07,family_and_parameter
delta_tilt,1.5,15,1.2644690247063324,p07,family_and_parameter
delta_tilt,1.6,16,1.2636677054403198,p07,family_and_parameter
delta_tilt,1.7,17,1.262866462367375,p07,family_and_parameter
delta_tilt,1.8,18,1.2621310647904045,p07,family_and_parameter
delta_tilt,1.9,19,1.261364738755929,p07,family_and_parameter
delta_tilt,2.0,20,1.2605898255755092,p07,family_and_parameter
delta_tilt,2.1,21,1.2598020876641278,p07,family_and_parameter
delta_tilt,2.2,22,1.258987292178569,p07,family_and_parameter
delta_tilt,2.3,23,1.2581465088664803,p07,family_and_parameter
delta_tilt,2.4,24,1.257280804644333,p07,family_and_parameter
delta_tilt,2.5,25,1.2563912468238032,p07,family_and_parameter
delta_tilt,2.6,26,1.2554789061418634,p07,family_and_parameter
delta_tilt,2.7,27,1.2545603584845497,p07,family_and_parameter
delta_tilt,2.8,28,1.2536262914888086,p07,family_and_parameter
delta_tilt,2.9,29,1.252673132350073,p07,family_and_parameter
delta_tilt,3.0,30,1.251701978418497,p07,family_and_parameter
delta_tilt,3.1,31,1.2507139407781493,p07,family_and_parameter
delta_tilt,3.2,32,1.2497102597536922,p07,family_and_parameter
delta_tilt,3.3,33,1.248729017303569,p07,family_and_parameter
delta_tilt,3.4,34,1.2477363570758027,p07,family_and_parameter
delta_tilt,3.5,35,1.2467333241276592,p07,family_and_parameter
delta_tilt,3.6,36,1.2457209808793384,p07,family_and_parameter
delta_tilt,3.7,37,1.2447004059761073,p07,family_and_parameter
delta_tilt,3.8,38,1.2436726927316772,p07,family_and_parameter
delta_tilt,3.9,39,1.2426389471746142,p07,family_and_parameter
delta_tilt,4.0,40,1.2416002857252184,p07,family_and_parameter
delta_tilt,4.1,41,1.2405578325355904,p07,family_and_parameter
delta_tilt,4.2,42,1.23951271653072,p07,family_and_parameter
delta_tilt,4.3,43,1.2384660681929254,p07,family_and_parameter
delta_tilt,4.4,44,1.2374190161359997,p07,family_and_parameter
delta_tilt,4.5,45,1.2363726835186668,p07,family_and_parameter
delta_tilt,4.6,46,1.2353281843493433,p07,family_and_parameter
delta_tilt,4.7,47,1.234286619735716,p07,family_and_parameter
delta_tilt,4.8,48,1.23326118656081,p07,family_and_parameter
delta_tilt,4.9,49,1.2322423098679798,p07,family_and_parameter
delta_tilt,5.0,50,1.231229495957034,p07,family_and_parameter
delta_tilt,5.1,51,1.230352478589247,p07,family_and_parameter
delta_tilt,5.2,52,1.2295587255230174,p07,family_and_parameter
delta_tilt,5.3,53,1.2288599639919575,p07,family_and_parameter
delta_tilt,5.4,54,1.2281643232204562,p07,family_and_parameter
delta_tilt,5.5,55,1.227472467403732,p07,family_and_parameter
delta_tilt,5.6,56,1.2267850386110608,p07,family_and_parameter
delta_tilt,5.7,57,1.2261026551867487,p07,family_and_parameter
delta_tilt,5.8,58,1.2254259103626122,p07,family_and_parameter
delta_tilt,5.9,59,1.2247553710932613,p07,family_and_parameter
delta_tilt,6.0,60,1.2240915771206136,p07,family_and_parameter
delta_tilt,6.1,61,1.2234350402693779,p07,family_and_parameter
delta_tilt,6.2,62,1.2227862439708257,p07,family_and_parameter
delta_tilt,6.3,63,1.2221456430080893,p07,family_and_parameter
delta_tilt,6.4,64,1.2215136634725619,p07,family_and_parameter
delta_tilt,6.5,65,1.2208907029179972,p07,family_and_parameter
delta_tilt,6.6,66,1.2202771306962563,p07,family_and_parameter
delta_tilt,6.7,67,1.2196732884567916,p07,family_and_parameter
delta_tilt,6.8,68,1.219079490790532,p07,family_and_parameter
delta_tilt,6.9,69,1.2184960259980875,p07,family_and_parameter
delta_tilt,7.0,70,1.2179231569618285,p07,family_and_parameter
delta_tilt,7.1,71,1.2173839228169534,p07,family_and_parameter
delta_tilt,7.2,72,1.216859840661654,p07,family_and_parameter
delta_tilt,7.3,73,1.2163498162129862,p07,family_and_parameter
delta_tilt,7.4,74,1.2158511319357677,p07,family_and_parameter
delta_tilt,7.5,75,1.2153639238498628,p07,family_and_parameter
delta_tilt,7.6,76,1.2148883101109074,p07,family_and_parameter
delta_tilt,7.7,77,1.2144243920276125,p07,family_and_parameter
delta_tilt,7.8,78,1.2139722550528553,p07,family_and_parameter
delta_tilt,7.9,79,1.2135319697402227,p07,family_and_parameter
delta_tilt,8.0,80,1.2131035926593388,p07,family_and_parameter
delta_tilt,8.1,81,1.2126871672647632,p07,family_and_parameter
delta_tilt,8.2,82,1.2122827247147445,p07,family_and_parameter
delta_tilt,8.3,83,1.2118902846373607,p07,family_and_parameter
delta_tilt,8.4,84,1.2115098558427817,p07,family_and_parameter
delta_tilt,8.5,85,1.211149800478352,p07,family_and_parameter
delta_tilt,8.6,86,1.2108021487674134,p07,family_and_parameter
delta_tilt,8.7,87,1.2104661967132395,p07,family_and_parameter
delta_tilt,8.8,88,1.2101440108484294,p07,family_and_parameter
delta_tilt,8.9,89,1.2098368770567178,p07,family_and_parameter
delta_tilt,9.0,90,1.2095410732267406,p07,family_and_parameter
delta_tilt,9.1,91,1.2092565485093694,p07,family_and_parameter
delta_tilt,9.2,92,1.2089832455309761,p07,family_and_parameter
delta_tilt,9.3,93,1.208721100692408,p07,family_and_parameter
delta_tilt,9.4,94,1.2084700444365626,p07,family_and_parameter
delta_tilt,9.5,95,1.208230001488123,p07,family_and_parameter
delta_tilt,9.6,96,1.208000891068877,p07,family_and_parameter
delta_tilt,9.7,97,1.2077826270919547,p07,family_and_parameter
delta_tilt,9.8,98,1.2075751183381767,p07,family_and_parameter
delta_tilt,9.9,99,1.2073782686175265,p07,family_and_parameter
delta_tilt,10.0,100,1.2071919769185375,p07,family_and_parameter
delta_tilt,10.1,101,1.2070161375482302,p07,family_and_parameter
delta_tilt,10.2,102,1.2068506402649426,p07,family_and_parameter
delta_tilt,10.3,103,1.2066989158682393,p07,family_and_parameter
delta_tilt,10.4,104,1.2065592228684057,p07,family_and_parameter
delta_tilt,10.5,105,1.2064294421278254,p07,family_and_parameter
delta_tilt,10.6,106,1.2063094476061826,p07,family_and_parameter
delta_tilt,10.7,107,1.206199109319807,p07,family_and_parameter
delta_tilt,10.8,108,1.2060982934717974,p07,family_and_parameter
delta_tilt,10.9,109,1.2060068625853546,p07,family_and_parameter
delta_tilt,11.0,110,1.205924675641025,p07,family_and_parameter
delta_tilt,11.1,111,1.205851588218355,p07,family_and_parameter
delta_tilt,11.2,112,1.2057874526423535,p07,family_and_parameter
delta_tilt,11.3,113,1.2057321181349294,p07,family_and_parameter
delta_tilt,11.4,114,1.2056854309714802,p07,family_and_parameter
delta_tilt,11.5,115,1.2056472346425393,p07,family_and_parameter
delta_tilt,11.6,116,1.2056173700204142,p07,family_and_parameter
delta_tilt,11.7,117,1.2055956755305701,p07,family_and_parameter
delta_tilt,11.8,118,1.2055819873274944,p07,family_and_parameter
delta_tilt,11.9,119,1.2055761394746647,p07,family_and_parameter
delta_tilt,12.0,120,1.2055779641282178,p07,family_and_parameter
delta_tilt,12.1,121,1.205587291723853,p07,family_and_parameter
delta_tilt,12.2,122,1.2056039511664634,p07,family_and_parameter
delta_tilt,12.3,123,1.205627770021971,p07,family_and_parameter
delta_tilt,12.4,124,1.2056585747108117,p07,family_and_parameter
delta_tilt,12.5,125,1.2056961907024861,p07,family_and_parameter
delta_tilt,12.6,126,1.2057740919381168,p07,family_and_parameter
delta_tilt,12.7,127,1.2058596946268723,p07,family_and_parameter
delta_tilt,12.8,128,1.20595196449498,p07,family_and_parameter
delta_tilt,12.9,129,1.2060507038489194,p07,family_and_parameter
delta_tilt,13.0,130,1.2061557151372273,p07,family_and_parameter
delta_tilt,13.1,131,1.2062668011647075,p07,family_and_parameter
delta_tilt,13.2,132,1.206383765303023,p07,family_and_parameter
delta_tilt,13.3,133,1.2065064116971462,p07,family_and_parameter
delta_tilt,13.4,134,1.2066345454670828,p07,family_and_parameter
delta_tilt,13.5,135,1.206767972904394,p07,family_and_parameter
delta_tilt,13.6,136,1.2069213857323573,p07,family_and_parameter
delta_tilt,13.7,137,1.207110899903506,p07,family_and_parameter
delta_tilt,13.8,138,1.2073046677508459,p07,family_and_parameter
delta_tilt,13.9,139,1.207502498971442,p07,family_and_parameter
delta_tilt,14.0,140,1.2077150567860113,p07,family_and_parameter
delta_tilt,14.1,141,1.207995320225186,p07,family_and_parameter
delta_tilt,14.2,142,1.208277973570382,p07,family_and_parameter
delta_tilt,14.3,143,1.2085628314700962,p07,family_and_parameter
delta_tilt,14.4,144,1.2088497119018065,p07,family_and_parameter
delta_tilt,14.5,145,1.2091384363012143,p07,family_and_parameter
delta_tilt,14.6,146,1.2094288296811624,p07,family_and_parameter
delta_tilt,14.7,147,1.2097207207401726,p07,family_and_parameter
delta_tilt,14.8,148,1.2100146648000585,p07,family_and_parameter
delta_tilt,14.9,149,1.2103123152821496,p07,family_and_parameter
delta_tilt,15.0,150,1.2106110012584763,p07,family_and_parameter
base_mean,,151,1.2569149087375326,p07,family_and_parameter
variance,,152,1.2740149663340095,p07,family_and_parameter
upper_70,,153,1.278418266642425,p07,family_and_parameter
upper_80,,154,1.2464471854375752,p07,family_and_parameter
upper_90,,155,1.493469516814454,p07,family_and_parameter
upper_tail_area_70,,156,1.3399947548773425,p07,family_and_parameter
delta_tilt,0.0,0,1.3001520113433889,p08,lambda_only
delta_tilt,0.1,1,1.2669826507134514,p08,lambda_only
delta_tilt,0.2,2,1.266000721952819,p08,lambda_only
delta_tilt,0.3,3,1.26513289455143,p08,lambda_only
delta_tilt,0.4,4,1.2642558251596125,p08,lambda_only
delta_tilt,0.5,5,1.2633504006090763,p08,lambda_only
delta_tilt,0.6,6,1.2624248269237637,p08,lambda_only
delta_tilt,0.7,7,1.2614979016189374,p08,lambda_only
delta_tilt,0.8,8,1.2606233228774943,p08,lambda_only
delta_tilt,0.9,9,1.2598133838502277,p08,lambda_only
delta_tilt,1.0,10,1.2589793916505336,p08,lambda_only
delta_tilt,1.1,11,1.2581225864467591,p08,lambda_only
delta_tilt,1.2,12,1.257244166708882,p08,lambda_only
delta_tilt,1.3,13,1.2563452915470568,p08,lambda_only
delta_tilt,1.4,14,1.2554739282150782,p08,lambda_only
delta_tilt,1.5,15,1.254645138716161,p08,lambda_only
delta_tilt,1.6,16,1.253801422431184,p08,lambda_only
delta_tilt,1.7,17,1.2529538604754609,p08,lambda_only
delta_tilt,1.8,18,1.2520979634152147,p08,lambda_only
delta_tilt,1.9,19,1.2512299308622794,p08,lambda_only
delta_tilt,2.0,20,1.2503506270317266,p08,lambda_only
delta_tilt,2.1,21,1.2494608951118185,p08,lambda_only
delta_tilt,2.2,22,1.248564618347329,p08,lambda_only
delta_tilt,2.3,23,1.2476754442616158,p08,lambda_only
delta_tilt,2.4,24,1.246777969845667,p08,lambda_only
delta_tilt,2.5,25,1.245872976835291,p08,lambda_only
delta_tilt,2.6,26,1.2449612356293225,p08,lambda_only
delta_tilt,2.7,27,1.2440435066492779,p08,lambda_only
delta_tilt,2.8,28,1.2431205414708704,p08,lambda_only
delta_tilt,2.9,29,1.2422098438157352,p08,lambda_only
delta_tilt,3.0,30,1.241296537409876,p08,lambda_only
delta_tilt,3.1,31,1.24041144816848,p08,lambda_only
delta_tilt,3.2,32,1.2395262474669235,p08,lambda_only
delta_tilt,3.3,33,1.2386389517658307,p08,lambda_only
delta_tilt,3.4,34,1.2377502683830515,p08,lambda_only
delta_tilt,3.5,35,1.2368608973116182,p08,lambda_only
delta_tilt,3.6,36,1.235971530896879,p08,lambda_only
delta_tilt,3.7,37,1.235082853388007,p08,lambda_only
delta_tilt,3.8,38,1.2341955403822173,p08,lambda_only
delta_tilt,3.9,39,1.2333102581802422,p08,lambda_only
delta_tilt,4.0,40,1.2324787243011663,p08,lambda_only
delta_tilt,4.1,41,1.2316611342581645,p08,lambda_only
delta_tilt,4.2,42,1.230845993650241,p08,lambda_only
delta_tilt,4.3,43,1.2300339152096644,p08,lambda_only
delta_tilt,4.4,44,1.2292254999458445,p08,lambda_only
delta_tilt,4.5,45,1.228421336275698,p08,lambda_only
delta_tilt,4.6,46,1.227621999176283,p08,lambda_only
delta_tilt,4.7,47,1.2268280493714099,p08,lambda_only
delta_tilt,4.8,48,1.226042047181728,p08,lambda_only
delta_tilt,4.9,49,1.225294324638513,p08,lambda_only
delta_tilt,5.0,50,1.22455310723448,p08,lambda_only
delta_tilt,5.1,51,1.2238188908708652,p08,lambda_only
delta_tilt,5.2,52,1.2231118239423953,p08,lambda_only
delta_tilt,5.3,53,1.2224237584678508,p08,lambda_only
delta_tilt,5.4,54,1.221744210450767,p08,lambda_only
delta_tilt,5.5,55,1.221073590668254,p08,lambda_only
delta_tilt,5.6,56,1.2204122914979725,p08,lambda_only
delta_tilt,5.7,57,1.2197606867668238,p08,lambda_only
delta_tilt,5.8,58,1.2191191316671255,p08,lambda_only
delta_tilt,5.9,59,1.2184879627376095,p08,lambda_only
delta_tilt,6.0,60,1.2178674979060362,p08,lambda_only
delta_tilt,6.1,61,1.217258036589652,p08,lambda_only
delta_tilt,6.2,62,1.21665985984941,p08,lambda_only
delta_tilt,6.3,63,1.2160732305934832,p08,lambda_only
delta_tilt,6.4,64,1.2155128157279724,p08,lambda_only
delta_tilt,6.5,65,1.2149821610664195,p08,lambda_only
delta_tilt,6.6,66,1.2144716302281986,p08,lambda_only
delta_tilt,6.7,67,1.2139721576715417,p08,lambda_only
delta_tilt,6.8,68,1.2134839371595592,p08,lambda_only
delta_tilt,6.9,69,1.2130071465978554,p08,lambda_only
delta_tilt,7.0,70,1.21261129746285,p08,lambda_only
delta_tilt,7.1,71,1.212270671031227,p08,lambda_only
delta_tilt,7.2,72,1.2119424600486302,p08,lambda_only
delta_tilt,7.3,73,1.2116267301493089,p08,lambda_only
delta_tilt,7.4,74,1.2113235352296872,p08,lambda_only
delta_tilt,7.5,75,1.2110890366050673,p08,lambda_only
delta_tilt,7.6,76,1.2108751938159679,p08,lambda_only
delta_tilt,7.7,77,1.2106705990190605,p08,lambda_only
delta_tilt,7.8,78,1.2104752852072413,p08,lambda_only
delta_tilt,7.9,79,1.2102892788236423,p08,lambda_only
delta_tilt,8.0,80,1.2101125998887317,p08,lambda_only
delta_tilt,8.1,81,1.2099452621169655,p08,lambda_only
delta_tilt,8.2,82,1.209787273023443,p08,lambda_only
delta_tilt,8.3,83,1.2096389471617033,p08,lambda_only
delta_tilt,8.4,84,1.2095036882698287,p08,lambda_only
delta_tilt,8.5,85,1.2093775874333013,p08,lambda_only
delta_tilt,8.6,86,1.2092606294731953,p08,lambda_only
delta_tilt,8.7,87,1.2091527934286188,p08,lambda_only
delta_tilt,8.8,88,1.209054052624334,p08,lambda_only
delta_tilt,8.9,89,1.2089643747345498,p08,lambda_only
delta_tilt,9.0,90,1.2088837218438955,p08,lambda_only
delta_tilt,9.1,91,1.208812050506543,p08,lambda_only
delta_tilt,9.2,92,1.2087493118044426,p08,lambda_only
delta_tilt,9.3,93,1.2086954514056247,p08,lambda_only
delta_tilt,9.4,94,1.2086504096234718,p08,lambda_only
delta_tilt,9.5,95,1.2086141214778168,p08,lambda_only
delta_tilt,9.6,96,1.2085865167587202,p08,lambda_only
delta_tilt,9.7,97,1.208567520093642,p08,lambda_only
delta_tilt,9.8,98,1.2085570510187762,p08,lambda_only
delta_tilt,9.9,99,1.2085550240551226,p08,lambda_only
delta_tilt,10.0,100,1.2085613487899323,p08,lambda_only
delta_tilt,10.1,101,1.2085759299639895,p08,lambda_only
delta_tilt,10.2,102,1.208598667565188,p08,lambda_only
delta_tilt,10.3,103,1.2086294569287457,p08,lambda_only
delta_tilt,10.4,104,1.2086829391151588,p08,lambda_only
delta_tilt,10.5,105,1.2087670670486015,p08,lambda_only
delta_tilt,10.6,106,1.2088586309644886,p08,lambda_only
delta_tilt,10.7,107,1.208957515492889,p08,lambda_only
delta_tilt,10.8,108,1.2090636007046953,p08,lambda_only
delta_tilt,10.9,109,1.2091767622590746,p08,lambda_only
delta_tilt,11.0,110,1.2092968715601249,p08,lambda_only
delta_tilt,11.1,111,1.2094237959224385,p08,lambda_only
delta_tilt,11.2,112,1.2095658793233284,p08,lambda_only
delta_tilt,11.3,113,1.2097177656437346,p08,lambda_only
delta_tilt,11.4,114,1.2098762964815024,p08,lambda_only
delta_tilt,11.5,115,1.2100413125977973,p08,lambda_only
delta_tilt,11.6,116,1.210212651692062,p08,lambda_only
delta_tilt,11.7,117,1.2103901486189799,p08,lambda_only
delta_tilt,11.8,118,1.2106155242475807,p08,lambda_only
delta_tilt,11.9,119,1.2108623486445809,p08,lambda_only
delta_tilt,12.0,120,1.2111144587968579,p08,lambda_only
delta_tilt,12.1,121,1.2113716671063552,p08,lambda_only
delta_tilt,12.2,122,1.211633784750351,p08,lambda_only
delta_tilt,12.3,123,1.2119006219207566,p08,lambda_only
delta_tilt,12.4,124,1.2121719880645847,p08,lambda_only
delta_tilt,12.5,125,1.2124476921246878,p08,lambda_only
delta_tilt,12.6,126,1.2127275427799922,p08,lambda_only
delta_tilt,12.7,127,1.2130496317213244,p08,lambda_only
delta_tilt,12.8,128,1.213380760162946,p08,lambda_only
delta_tilt,12.9,129,1.2137160043439654,p08,lambda_only
delta_tilt,13.0,130,1.2140551269813602,p08,lambda_only
delta_tilt,13.1,131,1.2143978928498806,p08,lambda_only
delta_tilt,13.2,132,1.2147440690189037,p08,lambda_only
delta_tilt,13.3,133,1.215093425081479,p08,lambda_only
delta_tilt,13.4,134,1.215445733374993,p08,lambda_only
delta_tilt,13.5,135,1.215800769192979,p08,lambda_only
delta_tilt,13.6,136,1.2161583109875749,p08,lambda_only
delta_tilt,13.7,137,1.2165181405622287,p08,lambda_only
delta_tilt,13.8,138,1.2168800432543172,p08,lambda_only
delta_tilt,13.9,139,1.2172438081073358,p08,lambda_only
delta_tilt,14.0,140,1.2176092280324435,p08,lambda_only
delta_tilt,14.1,141,1.2179774981519458,p08,lambda_only
delta_tilt,14.2,142,1.2183483760834386,p08,lambda_only
delta_tilt,14.3,143,1.2187203438545748,p08,lambda_only
delta_tilt,14.4,144,1.2190932084171904,p08,lambda_only
delta_tilt,14.5,145,1.2194667812950735,p08,lambda_only
delta_tilt,14.6,146,1.2198408786813506,p08,lambda_only
delta_tilt,14.7,147,1.220215321524565,p08,lambda_only
delta_tilt,14.8,148,1.2205915907223244,p08,lambda_only
delta_tilt,14.9,149,1.2209943317738232,p08,lambda_only
delta_tilt,15.0,150,1.2213967364820182,p08,lambda_only
delta_tilt,0.0,0,1.3001520113433889,p08,family_and_parameter
delta_tilt,0.1,1,1.2669826507134514,p08,family_and_parameter
delta_tilt,0.2,2,1.266000721952819,p08,family_and_parameter
delta_tilt,0.3,3,1.26513289455143,p08,family_and_parameter
delta_tilt,0.4,4,1.2642558251596125,p08,family_and_parameter
delta_tilt,0.5,5,1.2633504006090763,p08,family_and_parameter
delta_tilt,0.6,6,1.2624248269237637,p08,family_and_parameter
delta_tilt,0.7,7,1.2614979016189374,p08,family_and_parameter
delta_tilt,0.8,8,1.2606233228774943,p08,family_and_parameter
delta_tilt,0.9,9,1.2598133838502277,p08,family_and_parameter
delta_tilt,1.0,10,1.2589793916505336,p08,family_and_parameter
delta_tilt,1.1,11,1.2581225864467591,p08,family_and_parameter
delta_tilt,1.2,12,1.257244166708882,p08,family_and_parameter
delta_tilt,1.3,13,1.2563452915470568,p08,family_and_parameter
delta_tilt,1.4,14,1.2554739282150782,p08,family_and_parameter
delta_tilt,1.5,15,1.254645138716161,p08,family_and_parameter
delta_tilt,1.6,16,1.253801422431184,p08,family_and_parameter
delta_tilt,1.7,17,1.2529538604754609,p08,family_and_parameter
delta_tilt,1.8,18,1.2520979634152147,p08,family_and_parameter
delta_tilt,1.9,19,1.2512299308622794,p08,family_and_parameter
delta_tilt,2.0,20,1.2503506270317266,p08,family_and_parameter
delta_tilt,2.1,21,1.2494608951118185,p08,family_and_parameter
delta_tilt,2.2,22,1.248564618347329,p08,family_and_parameter
delta_tilt,2.3,23,1.2476754442616158,p08,family_and_parameter
delta_tilt,2.4,24,1.246777969845667,p08,family_and_parameter
delta_tilt,2.5,25,1.245872976835291,p08,family_and_parameter
delta_tilt,2.6,26,1.2449612356293225,p08,family_and_parameter
delta_tilt,2.7,27,1.2440435066492779,p08,family_and_parameter
delta_tilt,2.8,28,1.2431205414708704,p08,family_and_parameter
delta_tilt,2.9,29,1.2422098438157352,p08,family_and_parameter
delta_tilt,3.0,30,1.241296537409876,p08,family_and_parameter
delta_tilt,3.1,31,1.24041144816848,p08,family_and_parameter
delta_tilt,3.2,32,1.2395262474669235,p08,family_and_parameter
delta_tilt,3.3,33,1.2386389517658307,p08,family_and_parameter
delta_tilt,3.4,34,1.2377502683830515,p08,family_and_parameter
delta_tilt,3.5,35,1.2368608973116182,p08,family_and_parameter
delta_tilt,3.6,36,1.235971530896879,p08,family_and_parameter
delta_tilt,3.7,37,1.235082853388007,p08,family_and_parameter
delta_tilt,3.8,38,1.2341955403822173,p08,family_and_parameter
delta_tilt,3.9,39,1.2333102581802422,p08,family_and_parameter
delta_tilt,4.0,40,1.2324787243011663,p08,family_and_parameter
delta_tilt,4.1,41,1.2316611342581645,p08,family_and_parameter
delta_tilt,4.2,42,1.230845993650241,p08,family_and_parameter
delta_tilt,4.3,43,1.2300339152096644,p08,family_and_parameter
delta_tilt,4.4,44,1.2292254999458445,p08,family_and_parameter
delta_tilt,4.5,45,1.228421336275698,p08,family_and_parameter
delta_tilt,4.6,46,1.227621999176283,p08,family_and_parameter
delta_tilt,4.7,47,1.2268280493714099,p08,family_and_parameter
delta_tilt,4.8,48,1.226042047181728,p08,family_and_parameter
delta_tilt,4.9,49,1.225294324638513,p08,family_and_parameter
delta_tilt,5.0,50,1.22455310723448,p08,family_and_parameter
delta_tilt,5.1,51,1.2238188908708652,p08,family_and_parameter
delta_tilt,5.2,52,1.2231118239423953,p08,family_and_parameter
delta_tilt,5.3,53,1.2224237584678508,p08,family_and_parameter
delta_tilt,5.4,54,1.221744210450767,p08,family_and_parameter
delta_tilt,5.5,55,1.221073590668254,p08,family_and_parameter
delta_tilt,5.6,56,1.2204122914979725,p08,family_and_parameter
delta_tilt,5.7,57,1.2197606867668238,p08,family_and_parameter
delta_tilt,5.8,58,1.2191191316671255,p08,family_and_parameter
delta_tilt,5.9,59,1.2184879627376095,p08,family_and_parameter
delta_tilt,6.0,60,1.2178674979060362,p08,family_and_parameter
delta_tilt,6.1,61,1.217258036589652,p08,family_and_parameter
delta_tilt,6.2,62,1.21665985984941,p08,family_and_parameter
delta_tilt,6.3,63,1.2160732305934832,p08,family_and_parameter
delta_tilt,6.4,64,1.2155128157279724,p08,family_and_parameter
delta_tilt,6.5,65,1.2149821610664195,p08,family_and_parameter
delta_tilt,6.6,66,1.2144716302281986,p08,family_and_parameter
delta_tilt,6.7,67,1.2139721576715417,p08,family_and_parameter
delta_tilt,6.8,68,1.2134839371595592,p08,family_and_parameter
delta_tilt,6.9,69,1.2130071465978554,p08,family_and_parameter
delta_tilt,7.0,70,1.21261129746285,p08,family_and_parameter
delta_tilt,7.1,71,1.212270671031227,p08,family_and_parameter
delta_tilt,7.2,72,1.2119424600486302,p08,family_and_parameter
delta_tilt,7.3,73,1.2116267301493089,p08,family_and_parameter
delta_tilt,7.4,74,1.2113235352296872,p08,family_and_parameter
delta_tilt,7.5,75,1.2110890366050673,p08,family_and_parameter
delta_tilt,7.6,76,1.2108751938159679,p08,family_and_parameter
delta_tilt,7.7,77,1.2106705990190605,p08,family_and_parameter
delta_tilt,7.8,78,1.2104752852072413,p08,family_and_parameter
delta_tilt,7.9,79,1.2102892788236423,p08,family_and_parameter
delta_tilt,8.0,80,1.2101125998887317,p08,family_and_parameter
delta_tilt,8.1,81,1.2099452621169655,p08,family_and_parameter
delta_tilt,8.2,82,1.209787273023443,p08,family_and_parameter
delta_tilt,8.3,83,1.2096389471617033,p08,family_and_parameter
delta_tilt,8.4,84,1.2095036882698287,p08,family_and_parameter
delta_tilt,8.5,85,1.2093775874333013,p08,family_and_parameter
delta_tilt,8.6,86,1.2092606294731953,p08,family_and_parameter
delta_tilt,8.7,87,1.2091527934286188,p08,family_and_parameter
delta_tilt,8.8,88,1.209054052624334,p08,family_and_parameter
delta_tilt,8.9,89,1.2089643747345498,p08,family_and_parameter
delta_tilt,9.0,90,1.2088837218438955,p08,family_and_parameter
delta_tilt,9.1,91,1.208812050506543,p08,family_and_parameter
delta_tilt,9.2,92,1.2087493118044426,p08,family_and_parameter
delta_tilt,9.3,93,1.2086954514056247,p08,family_and_parameter
delta_tilt,9.4,94,1.2086504096234718,p08,family_and_parameter
delta_tilt,9.5,95,1.2086141214778168,p08,family_and_parameter
delta_tilt,9.6,96,1.2085865167587202,p08,family_and_parameter
delta_tilt,9.7,97,1.208567520093642,p08,family_and_parameter
delta_tilt,9.8,98,1.2085570510187762,p08,family_and_parameter
delta_tilt,9.9,99,1.2085550240551226,p08,family_and_parameter
delta_tilt,10.0,100,1.2085613487899323,p08,family_and_parameter
delta_tilt,10.1,101,1.2085759299639895,p08,family_and_parameter
delta_tilt,10.2,102,1.208598667565188,p08,family_and_parameter
delta_tilt,10.3,103,1.2086294569287457,p08,family_and_parameter
delta_tilt,10.4,104,1.2086829391151588,p08,family_and_parameter
delta_tilt,10.5,105,1.2087670670486015,p08,family_and_parameter
delta_tilt,10.6,106,1.2088586309644886,p08,family_and_parameter
delta_tilt,10.7,107,1.208957515492889,p08,family_and_parameter
delta_tilt,10.8,108,1.2090636007046953,p08,family_and_parameter
delta_tilt,10.9,109,1.2091767622590746,p08,family_and_parameter
delta_tilt,11.0,110,1.2092968715601249,p08,family_and_parameter
delta_tilt,11.1,111,1.2094237959224385,p08,family_and_parameter
delta_tilt,11.2,112,1.2095658793233284,p08,family_and_parameter
delta_tilt,11.3,113,1.2097177656437346,p08,family_and_parameter
delta_tilt,11.4,114,1.2098762964815024,p08,family_and_parameter
delta_tilt,11.5,115,1.2100413125977973,p08,family_and_parameter
delta_tilt,11.6,116,1.210212651692062,p08,family_and_parameter
delta_tilt,11.7,117,1.2103901486189799,p08,family_and_parameter
delta_tilt,11.8,118,1.2106155242475807,p08,family_and_parameter
delta_tilt,11.9,119,1.2108623486445809,p08,family_and_parameter
delta_tilt,12.0,120,1.2111144587968579,p08,family_and_parameter
delta_tilt,12.1,121,1.2113716671063552,p08,family_and_parameter
delta_tilt,12.2,122,1.211633784750351,p08,family_and_parameter
delta_tilt,12.3,123,1.2119006219207566,p08,family_and_parameter
delta_tilt,12.4,124,1.2121719880645847,p08,family_and_parameter
delta_tilt,12.5,125,1.2124476921246878,p08,family_and_parameter
delta_tilt,12.6,126,1.2127275427799922,p08,family_and_parameter
delta_tilt,12.7,127,1.2130496317213244,p08,family_and_parameter
delta_tilt,12.8,128,1.213380760162946,p08,family_and_parameter
delta_tilt,12.9,129,1.2137160043439654,p08,family_and_parameter
delta_tilt,13.0,130,1.2140551269813602,p08,family_and_parameter
delta_tilt,13.1,131,1.2143978928498806,p08,family_and_parameter
delta_tilt,13.2,132,1.2147440690189037,p08,family_and_parameter
delta_tilt,13.3,133,1.215093425081479,p08,family_and_parameter
delta_tilt,13.4,134,1.215445733374993,p08,family_and_parameter
delta_tilt,13.5,135,1.215800769192979,p08,family_and_parameter
delta_tilt,13.6,136,1.2161583109875749,p08,family_and_parameter
delta_tilt,13.7,137,1.2165181405622287,p08,family_and_parameter
delta_tilt,13.8,138,1.2168800432543172,p08,family_and_parameter
delta_tilt,13.9,139,1.2172438081073358,p08,family_and_parameter
delta_tilt,14.0,140,1.2176092280324435,p08,family_and_parameter
delta_tilt,14.1,141,1.2179774981519458,p08,family_and_parameter
delta_tilt,14.2,142,1.2183483760834386,p08,family_and_parameter
delta_tilt,14.3,143,1.2187203438545748,p08,family_and_parameter
delta_tilt,14.4,144,1.2190932084171904,p08,family_and_parameter
delta_tilt,14.5,145,1.2194667812950735,p08,family_and_parameter
delta_tilt,14.6,146,1.2198408786813506,p08,family_and_parameter
delta_tilt,14.7,147,1.220215321524565,p08,family_and_parameter
delta_tilt,14.8,148,1.2205915907223244,p08,family_and_parameter
delta_tilt,14.9,149,1.2209943317738232,p08,family_and_parameter
delta_tilt,15.0,150,1.2213967364820182,p08,family_and_parameter
base_mean,,151,1.3001520113433889,p08,family_and_parameter
variance,,152,1.26792956566683,p08,family_and_parameter
upper_70,,153,1.2926111196896255,p08,family_and_parameter
upper_80,,154,1.2745818887930718,p08,family_and_parameter
upper_90,,155,1.5373097502664108,p08,family_and_parameter
upper_tail_area_70,,156,1.3669055906497072,p08,family_and_parameter
delta_tilt,0.0,0,1.3308880103492322,p09,lambda_only
delta_tilt,0.1,1,1.3388880982414448,p09,lambda_only
delta_tilt,0.2,2,1.3377401931464574,p09,lambda_only
delta_tilt,0.3,3,1.3365721669105253,p09,lambda_only
delta_tilt,0.4,4,1.3353790443337736,p09,lambda_only
delta_tilt,0.5,5,1.334161839681414,p09,lambda_only
delta_tilt,0.6,6,1.3329215306928397,p09,lambda_only
delta_tilt,0.7,7,1.3316590611763195,p09,lambda_only
delta_tilt,0.8,8,1.3303753438756771,p09,lambda_only
delta_tilt,0.9,9,1.32907126358805,p09,lambda_only
delta_tilt,1.0,10,1.3277476805052526,p09,lambda_only
delta_tilt,1.1,11,1.3264054337450017,p09,lambda_only
delta_tilt,1.2,12,1.3250453450325848,p09,lambda_only
delta_tilt,1.3,13,1.3236682224888707,p09,lambda_only
delta_tilt,1.4,14,1.3222748644767546,p09,lambda_only
delta_tilt,1.5,15,1.3209148151295058,p09,lambda_only
delta_tilt,1.6,16,1.3195842649783682,p09,lambda_only
delta_tilt,1.7,17,1.318241344810957,p09,lambda_only
delta_tilt,1.8,18,1.3169537575950387,p09,lambda_only
delta_tilt,1.9,19,1.3157106140132253,p09,lambda_only
delta_tilt,2.0,20,1.3144550983528898,p09,lambda_only
delta_tilt,2.1,21,1.3131870281700397,p09,lambda_only
delta_tilt,2.2,22,1.31190714599408,p09,lambda_only
delta_tilt,2.3,23,1.3106162125923961,p09,lambda_only
delta_tilt,2.4,24,1.3093150090926948,p09,lambda_only
delta_tilt,2.5,25,1.3080043387372238,p09,lambda_only
delta_tilt,2.6,26,1.3066850282464324,p09,lambda_only
delta_tilt,2.7,27,1.3053579287746753,p09,lambda_only
delta_tilt,2.8,28,1.304023916445511,p09,lambda_only
delta_tilt,2.9,29,1.3026838924592197,p09,lambda_only
delta_tilt,3.0,30,1.3013387827702156,p09,lambda_only
delta_tilt,3.1,31,1.3000539578006909,p09,lambda_only
delta_tilt,3.2,32,1.2988393409120549,p09,lambda_only
delta_tilt,3.3,33,1.2976233073400025,p09,lambda_only
delta_tilt,3.4,34,1.2964218720739074,p09,lambda_only
delta_tilt,3.5,35,1.2952194354091715,p09,lambda_only
delta_tilt,3.6,36,1.2940168920659527,p09,lambda_only
delta_tilt,3.7,37,1.2928339946523266,p09,lambda_only
delta_tilt,3.8,38,1.2916679327111322,p09,lambda_only
delta_tilt,3.9,39,1.2905033799313494,p09,lambda_only
delta_tilt,4.0,40,1.2893443454763422,p09,lambda_only
delta_tilt,4.1,41,1.288189215635382,p09,lambda_only
delta_tilt,4.2,42,1.2870383123205176,p09,lambda_only
delta_tilt,4.3,43,1.2858925745141971,p09,lambda_only
delta_tilt,4.4,44,1.2847529364808203,p09,lambda_only
delta_tilt,4.5,45,1.2836203239787547,p09,lambda_only
delta_tilt,4.6,46,1.2824956505061544,p09,lambda_only
delta_tilt,4.7,47,1.2813798136266221,p09,lambda_only
delta_tilt,4.8,48,1.2802937820417093,p09,lambda_only
delta_tilt,4.9,49,1.2793916151653122,p09,lambda_only
delta_tilt,5.0,50,1.2785867534717072,p09,lambda_only
delta_tilt,5.1,51,1.277795831914883,p09,lambda_only
delta_tilt,5.2,52,1.2770242903026099,p09,lambda_only
delta_tilt,5.3,53,1.2762651705891113,p09,lambda_only
delta_tilt,5.4,54,1.2755154499288357,p09,lambda_only
delta_tilt,5.5,55,1.2747755364657476,p09,lambda_only
delta_tilt,5.6,56,1.2740475963284854,p09,lambda_only
delta_tilt,5.7,57,1.2733371928262274,p09,lambda_only
delta_tilt,5.8,58,1.272637340683189,p09,lambda_only
delta_tilt,5.9,59,1.2719483673314798,p09,lambda_only
delta_tilt,6.0,60,1.2712741057930568,p09,lambda_only
delta_tilt,6.1,61,1.2706128962550571,p09,lambda_only
delta_tilt,6.2,62,1.2699633623619007,p09,lambda_only
delta_tilt,6.3,63,1.2693257471357486,p09,lambda_only
delta_tilt,6.4,64,1.2687002726156555,p09,lambda_only
delta_tilt,6.5,65,1.2680871404326857,p09,lambda_only
delta_tilt,6.6,66,1.2674865324728373,p09,lambda_only
delta_tilt,6.7,67,1.266898611610872,p09,lambda_only
delta_tilt,6.8,68,1.2663301840775325,p09,lambda_only
delta_tilt,6.9,69,1.2657935715431805,p09,lambda_only
delta_tilt,7.0,70,1.2652699704386627,p09,lambda_only
delta_tilt,7.1,71,1.2647594586935234,p09,lambda_only
delta_tilt,7.2,72,1.2642621006366779,p09,lambda_only
delta_tilt,7.3,73,1.2637779477905708,p09,lambda_only
delta_tilt,7.4,74,1.263307039638016,p09,lambda_only
delta_tilt,7.5,75,1.262849404354631,p09,lambda_only
delta_tilt,7.6,76,1.2624050595012153,p09,lambda_only
delta_tilt,7.7,77,1.261974012671827,p09,lambda_only
delta_tilt,7.8,78,1.2615562620946272,p09,lambda_only
delta_tilt,7.9,79,1.261151797183737,p09,lambda_only
delta_tilt,8.0,80,1.2607605990415103,p09,lambda_only
delta_tilt,8.1,81,1.260382640911527,p09,lambda_only
delta_tilt,8.2,82,1.2600289899886818,p09,lambda_only
delta_tilt,8.3,83,1.2597011531829898,p09,lambda_only
delta_tilt,8.4,84,1.2593864355270654,p09,lambda_only
delta_tilt,8.5,85,1.2590847799426117,p09,lambda_only
delta_tilt,8.6,86,1.2587961232564329,p09,lambda_only
delta_tilt,8.7,87,1.2585203963778648,p09,lambda_only
delta_tilt,8.8,88,1.2582575244476362,p09,lambda_only
delta_tilt,8.9,89,1.2580074269618764,p09,lambda_only
delta_tilt,9.0,90,1.2577700178749485,p09,lambda_only
delta_tilt,9.1,91,1.2575452056847216,p09,lambda_only
delta_tilt,9.2,92,1.2573328935037373,p09,lambda_only
delta_tilt,9.3,93,1.257132979119581,p09,lambda_only
delta_tilt,9.4,94,1.2569453550475485,p09,lambda_only
delta_tilt,9.5,95,1.2567699085784694,p09,lambda_only
delta_tilt,9.6,96,1.2566065218243527,p09,lambda_only
delta_tilt,9.7,97,1.2564550717642178,p09,lambda_only
delta_tilt,9.8,98,1.2563218862167098,p09,lambda_only
delta_tilt,9.9,99,1.2562065285332908,p09,lambda_only
delta_tilt,10.0,100,1.256102420355192,p09,lambda_only
delta_tilt,10.1,101,1.2560094206834305,p09,lambda_only
delta_tilt,10.2,102,1.2559273837737717,p09,lambda_only
delta_tilt,10.3,103,1.2558571922298893,p09,lambda_only
delta_tilt,10.4,104,1.2558006562609154,p09,lambda_only
delta_tilt,10.5,105,1.2557545609445577,p09,lambda_only
delta_tilt,10.6,106,1.2557187443665099,p09,lambda_only
delta_tilt,10.7,107,1.255694417554586,p09,lambda_only
delta_tilt,10.8,108,1.2556798218064409,p09,lambda_only
delta_tilt,10.9,109,1.2556747854177401,p09,lambda_only
delta_tilt,11.0,110,1.2556791331251709,p09,lambda_only
delta_tilt,11.1,111,1.2556926862734492,p09,lambda_only
delta_tilt,11.2,112,1.255715262990906,p09,lambda_only
delta_tilt,11.3,113,1.2557466783732387,p09,lambda_only
delta_tilt,11.4,114,1.2557867446748967,p09,lambda_only
delta_tilt,11.5,115,1.2558352715075658,p09,lambda_only
delta_tilt,11.6,116,1.2558920660450958,p09,lambda_only
delta_tilt,11.7,117,1.2559569332342106,p09,lambda_only
delta_tilt,11.8,118,1.2560296760103034,p09,lambda_only
delta_tilt,11.9,119,1.2561100955175561,p09,lambda_only
delta_tilt,12.0,120,1.2561985155872022,p09,lambda_only
delta_tilt,12.1,121,1.2562946650985227,p09,lambda_only
delta_tilt,12.2,122,1.256397974820726,p09,lambda_only
delta_tilt,12.3,123,1.2565092677122789,p09,lambda_only
delta_tilt,12.4,124,1.2566277238028618,p09,lambda_only
delta_tilt,12.5,125,1.2567528439440483,p09,lambda_only
delta_tilt,12.6,126,1.2568844160985702,p09,lambda_only
delta_tilt,12.7,127,1.2570222282860655,p09,lambda_only
delta_tilt,12.8,128,1.257169801621236,p09,lambda_only
delta_tilt,12.9,129,1.2573237445010927,p09,lambda_only
delta_tilt,13.0,130,1.2574954927915394,p09,lambda_only
delta_tilt,13.1,131,1.2577077950350897,p09,lambda_only
delta_tilt,13.2,132,1.2579247991455882,p09,lambda_only
delta_tilt,13.3,133,1.2581462952430578,p09,lambda_only
delta_tilt,13.4,134,1.2583720752407526,p09,lambda_only
delta_tilt,13.5,135,1.258601933047165,p09,lambda_only
delta_tilt,13.6,136,1.258835664760429,p09,lambda_only
delta_tilt,13.7,137,1.259073068854739,p09,lambda_only
delta_tilt,13.8,138,1.259320807148729,p09,lambda_only
delta_tilt,13.9,139,1.2595782164971667,p09,lambda_only
delta_tilt,14.0,140,1.2598387657484393,p09,lambda_only
delta_tilt,14.1,141,1.2601333939887511,p09,lambda_only
delta_tilt,14.2,142,1.2604310393701634,p09,lambda_only
delta_tilt,14.3,143,1.2607309256242927,p09,lambda_only
delta_tilt,14.4,144,1.261032865725823,p09,lambda_only
delta_tilt,14.5,145,1.2613366763428757,p09,lambda_only
delta_tilt,14.6,146,1.261642177954754,p09,lambda_only
delta_tilt,14.7,147,1.2619491949589337,p09,lambda_only
delta_tilt,14.8,148,1.2622575557673694,p09,lambda_only
delta_tilt,14.9,149,1.262567092892244,p09,lambda_only
delta_tilt,15.0,150,1.2628776430213062,p09,lambda_only
delta_tilt,0.0,0,1.3308880103492322,p09,family_and_parameter
delta_tilt,0.1,1,1.3388880982414448,p09,family_and_parameter
delta_tilt,0.2,2,1.3377401931464574,p09,family_and_parameter
delta_tilt,0.3,3,1.3365721669105253,p09,family_and_parameter
delta_tilt,0.4,4,1.3353790443337736,p09,family_and_parameter
delta_tilt,0.5,5,1.334161839681414,p09,family_and_parameter
delta_tilt,0.6,6,1.3329215306928397,p09,family_and_parameter
delta_tilt,0.7,7,1.3316590611763195,p09,family_and_parameter
delta_tilt,0.8,8,1.3303753438756771,p09,family_and_parameter
delta_tilt,0.9,9,1.32907126358805,p09,family_and_parameter
delta_tilt,1.0,10,1.3277476805052526,p09,family_and_parameter
delta_tilt,1.1,11,1.3264054337450017,p09,family_and_parameter
delta_tilt,1.2,12,1.3250453450325848,p09,family_and_parameter
delta_tilt,1.3,13,1.3236682224888707,p09,family_and_parameter
delta_tilt,1.4,14,1.3222748644767546,p09,family_and_parameter
delta_tilt,1.5,15,1.3209148151295058,p09,family_and_parameter
delta_tilt,1.6,16,1.3195842649783682,p09,family_and_parameter
delta_tilt,1.7,17,1.318241344810957,p09,family_and_parameter
delta_tilt,1.8,18,1.3169537575950387,p09,family_and_parameter
delta_tilt,1.9,19,1.3157106140132253,p09,family_and_parameter
delta_tilt,2.0,20,1.3144550983528898,p09,family_and_parameter
delta_tilt,2.1,21,1.3131870281700397,p09,family_and_parameter
delta_tilt,2.2,22,1.31190714599408,p09,family_and_parameter
delta_tilt,2.3,23,1.3106162125923961,p09,family_and_parameter
delta_tilt,2.4,24,1.3093150090926948,p09,family_and_parameter
delta_tilt,2.5,25,1.3080043387372238,p09,family_and_parameter
delta_tilt,2.6,26,1.3066850282464324,p09,family_and_parameter
delta_tilt,2.7,27,1.3053579287746753,p09,family_and_parameter
delta_tilt,2.8,28,1.304023916445511,p09,family_and_parameter
delta_tilt,2.9,29,1.3026838924592197,p09,family_and_parameter
delta_tilt,3.0,30,1.3013387827702156,p09,family_and_parameter
delta_tilt,3.1,31,1.3000539578006909,p09,family_and_parameter
delta_tilt,3.2,32,1.2988393409120549,p09,family_and_parameter
delta_tilt,3.3,33,1.2976233073400025,p09,family_and_parameter
delta_tilt,3.4,34,1.2964218720739074,p09,family_and_parameter
delta_tilt,3.5,35,1.2952194354091715,p09,family_and_parameter
delta_tilt,3.6,36,1.2940168920659527,p09,family_and_parameter
delta_tilt,3.7,37,1.2928339946523266,p09,family_and_parameter
delta_tilt,3.8,38,1.2916679327111322,p09,family_and_parameter
delta_tilt,3.9,39,1.2905033799313494,p09,family_and_parameter
delta_tilt,4.0,40,1.2893443454763422,p09,family_and_parameter
delta_tilt,4.1,41,1.288189215635382,p09,family_and_parameter
delta_tilt,4.2,42,1.2870383123205176,p09,family_and_parameter
delta_tilt,4.3,43,1.2858925745141971,p09,family_and_parameter
delta_tilt,4.4,44,1.2847529364808203,p09,family_and_parameter
delta_tilt,4.5,45,1.2836203239787547,p09,family_and_parameter
delta_tilt,4.6,46,1.2824956505061544,p09,family_and_parameter
delta_tilt,4.7,47,1.2813798136266221,p09,family_and_parameter
delta_tilt,4.8,48,1.2802937820417093,p09,family_and_parameter
delta_tilt,4.9,49,1.2793916151653122,p09,family_and_parameter
delta_tilt,5.0,50,1.2785867534717072,p09,family_and_parameter
delta_tilt,5.1,51,1.277795831914883,p09,family_and_parameter
delta_tilt,5.2,52,1.2770242903026099,p09,family_and_parameter
delta_tilt,5.3,53,1.2762651705891113,p09,family_and_parameter
delta_tilt,5.4,54,1.2755154499288357,p09,family_and_parameter
delta_tilt,5.5,55,1.2747755364657476,p09,family_and_parameter
delta_tilt,5.6,56,1.2740475963284854,p09,family_and_parameter
delta_tilt,5.7,57,1.2733371928262274,p09,family_and_parameter
delta_tilt,5.8,58,1.272637340683189,p09,family_and_parameter
delta_tilt,5.9,59,1.2719483673314798,p09,family_and_parameter
delta_tilt,6.0,60,1.2712741057930568,p09,family_and_parameter
delta_tilt,6.1,61,1.2706128962550571,p09,family_and_parameter
delta_tilt,6.2,62,1.2699633623619007,p09,family_and_parameter
delta_tilt,6.3,63,1.2693257471357486,p09,family_and_parameter
delta_tilt,6.4,64,1.2687002726156555,p09,family_and_parameter
delta_tilt,6.5,65,1.2680871404326857,p09,family_and_parameter
delta_tilt,6.6,66,1.2674865324728373,p09,family_and_parameter
delta_tilt,6.7,67,1.266898611610872,p09,family_and_parameter
delta_tilt,6.8,68,1.2663301840775325,p09,family_and_parameter
delta_tilt,6.9,69,1.2657935715431805,p09,family_and_parameter
delta_tilt,7.0,70,1.2652699704386627,p09,family_and_parameter
delta_tilt,7.1,71,1.2647594586935234,p09,family_and_parameter
delta_tilt,7.2,72,1.2642621006366779,p09,family_and_parameter
delta_tilt,7.3,73,1.2637779477905708,p09,family_and_parameter
delta_tilt,7.4,74,1.263307039638016,p09,family_and_parameter
delta_tilt,7.5,75,1.262849404354631,p09,family_and_parameter
delta_tilt,7.6,76,1.2624050595012153,p09,family_and_parameter
delta_tilt,7.7,77,1.261974012671827,p09,family_and_parameter
delta_tilt,7.8,78,1.2615562620946272,p09,family_and_parameter
delta_tilt,7.9,79,1.261151797183737,p09,family_and_parameter
delta_tilt,8.0,80,1.2607605990415103,p09,family_and_parameter
delta_tilt,8.1,81,1.260382640911527,p09,family_and_parameter
delta_tilt,8.2,82,1.2600289899886818,p09,family_and_parameter
delta_tilt,8.3,83,1.2597011531829898,p09,family_and_parameter
delta_tilt,8.4,84,1.2593864355270654,p09,family_and_parameter
delta_tilt,8.5,85,1.2590847799426117,p09,family_and_parameter
delta_tilt,8.6,86,1.2587961232564329,p09,family_and_parameter
delta_tilt,8.7,87,1.2585203963778648,p09,family_and_parameter
delta_tilt,8.8,88,1.2582575244476362,p09,family_and_parameter
delta_tilt,8.9,89,1.2580074269618764,p09,family_and_parameter
delta_tilt,9.0,90,1.2577700178749485,p09,family_and_parameter
delta_tilt,9.1,91,1.2575452056847216,p09,family_and_parameter
delta_tilt,9.2,92,1.2573328935037373,p09,family_and_parameter
delta_tilt,9.3,93,1.257132979119581,p09,family_and_parameter
delta_tilt,9.4,94,1.2569453550475485,p09,family_and_parameter
delta_tilt,9.5,95,1.2567699085784694,p09,family_and_parameter
delta_tilt,9.6,96,1.2566065218243527,p09,family_and_parameter
delta_tilt,9.7,97,1.2564550717642178,p09,family_and_parameter
delta_tilt,9.8,98,1.2563218862167098,p09,family_and_parameter
delta_tilt,9.9,99,1.2562065285332908,p09,family_and_parameter
delta_tilt,10.0,100,1.256102420355192,p09,family_and_parameter
delta_tilt,10.1,101,1.2560094206834305,p09,family_and_parameter
delta_tilt,10.2,102,1.2559273837737717,p09,family_and_parameter
delta_tilt,10.3,103,1.2558571922298893,p09,family_and_parameter
delta_tilt,10.4,104,1.2558006562609154,p09,family_and_parameter
delta_tilt,10.5,105,1.2557545609445577,p09,family_and_parameter
delta_tilt,10.6,106,1.2557187443665099,p09,family_and_parameter
delta_tilt,10.7,107,1.255694417554586,p09,family_and_parameter
delta_tilt,10.8,108,1.2556798218064409,p09,family_and_parameter
delta_tilt,10.9,109,1.2556747854177401,p09,family_and_parameter
delta_tilt,11.0,110,1.2556791331251709,p09,family_and_parameter
delta_tilt,11.1,111,1.2556926862734492,p09,family_and_parameter
delta_tilt,11.2,112,1.255715262990906,p09,family_and_parameter
delta_tilt,11.3,113,1.2557466783732387,p09,family_and_parameter
delta_tilt,11.4,114,1.2557867446748967,p09,family_and_parameter
delta_tilt,11.5,115,1.2558352715075658,p09,family_and_parameter
delta_tilt,11.6,116,1.2558920660450958,p09,family_and_parameter
delta_tilt,11.7,117,1.2559569332342106,p09,family_and_parameter
delta_tilt,11.8,118,1.2560296760103034,p09,family_and_parameter
delta_tilt,11.9,119,1.2561100955175561,p09,family_and_parameter
delta_tilt,12.0,120,1.2561985155872022,p09,family_and_parameter
delta_tilt,12.1,121,1.2562946650985227,p09,family_and_parameter
delta_tilt,12.2,122,1.256397974820726,p09,family_and_parameter
delta_tilt,12.3,123,1.2565092677122789,p09,family_and_parameter
delta_tilt,12.4,124,1.2566277238028618,p09,family_and_parameter
delta_tilt,12.5,125,1.2567528439440483,p09,family_and_parameter
delta_tilt,12.6,126,1.2568844160985702,p09,family_and_parameter
delta_tilt,12.7,127,1.2570222282860655,p09,family_and_parameter
delta_tilt,12.8,128,1.257169801621236,p09,family_and_parameter
delta_tilt,12.9,129,1.2573237445010927,p09,family_and_parameter
delta_tilt,13.0,130,1.2574954927915394,p09,family_and_parameter
delta_tilt,13.1,131,1.2577077950350897,p09,family_and_parameter
delta_tilt,13.2,132,1.2579247991455882,p09,family_and_parameter
delta_tilt,13.3,133,1.2581462952430578,p09,family_and_parameter
delta_tilt,13.4,134,1.2583720752407526,p09,family_and_parameter
delta_tilt,13.5,135,1.258601933047165,p09,family_and_parameter
delta_tilt,13.6,136,1.258835664760429,p09,family_and_parameter
delta_tilt,13.7,137,1.259073068854739,p09,family_and_parameter
delta_tilt,13.8,138,1.259320807148729,p09,family_and_parameter
delta_tilt,13.9,139,1.2595782164971667,p09,family_and_parameter
delta_tilt,14.0,140,1.2598387657484393,p09,family_and_parameter
delta_tilt,14.1,141,1.2601333939887511,p09,family_and_parameter
delta_tilt,14.2,142,1.2604310393701634,p09,family_and_parameter
delta_tilt,14.3,143,1.2607309256242927,p09,family_and_parameter
delta_tilt,14.4,144,1.261032865725823,p09,family_and_parameter
delta_tilt,14.5,145,1.2613366763428757,p09,family_and_parameter
delta_tilt,14.6,146,1.261642177954754,p09,family_and_parameter
delta_tilt,14.7,147,1.2619491949589337,p09,family_and_parameter
delta_tilt,14.8,148,1.2622575557673694,p09,family_and_parameter
delta_tilt,14.9,149,1.262567092892244,p09,family_and_parameter
delta_tilt,15.0,150,1.2628776430213062,p09,family_and_parameter
base_mean,,151,1.3308880103492322,p09,family_and_parameter
variance,,152,1.3400767198711043,p09,family_and_parameter
upper_70,,153,1.3512751176957398,p09,family_and_parameter
upper_80,,154,1.2422604049864707,p09,family_and_parameter
upper_90,,155,1.4997440209371629,p09,family_and_parameter
upper_tail_area_70,,156,1.3487390413047378,p09,family_and_parameter
delta_tilt,0.0,0,1.1285908573611496,p10,lambda_only
delta_tilt,0.1,1,1.1102767168526115,p10,lambda_only
delta_tilt,0.2,2,1.109261204023347,p10,lambda_only
delta_tilt,0.3,3,1.108233213736436,p10,lambda_only
delta_tilt,0.4,4,1.1072029503720198,p10,lambda_only
delta_tilt,0.5,5,1.1061795839387885,p10,lambda_only
delta_tilt,0.6,6,1.1051509866849518,p10,lambda_only
delta_tilt,0.7,7,1.1041119051339596,p10,lambda_only
delta_tilt,0.8,8,1.1030626496061875,p10,lambda_only
delta_tilt,0.9,9,1.1020413963114597,p10,lambda_only
delta_tilt,1.0,10,1.101098298063786,p10,lambda_only
delta_tilt,1.1,11,1.1001457894202913,p10,lambda_only
delta_tilt,1.2,12,1.0991841260182202,p10,lambda_only
delta_tilt,1.3,13,1.0982135616448965,p10,lambda_only
delta_tilt,1.4,14,1.097234351459676,p10,lambda_only
delta_tilt,1.5,15,1.0962467551672237,p10,lambda_only
delta_tilt,1.6,16,1.0952510401003475,p10,lambda_only
delta_tilt,1.7,17,1.0942474841727603,p10,lambda_only
delta_tilt,1.8,18,1.093236378664985,p10,lambda_only
delta_tilt,1.9,19,1.0922180308098972,p10,lambda_only
delta_tilt,2.0,20,1.0911927661482126,p10,lambda_only
delta_tilt,2.1,21,1.090160930628178,p10,lambda_only
delta_tilt,2.2,22,1.0891228924278828,p10,lambda_only
delta_tilt,2.3,23,1.088079043482756,p10,lambda_only
delta_tilt,2.4,24,1.0870355711952053,p10,lambda_only
delta_tilt,2.5,25,1.0860026496984931,p10,lambda_only
delta_tilt,2.6,26,1.0849648394033689,p10,lambda_only
delta_tilt,2.7,27,1.0839226215221678,p10,lambda_only
delta_tilt,2.8,28,1.0828765040797788,p10,lambda_only
delta_tilt,2.9,29,1.0818270216125863,p10,lambda_only
delta_tilt,3.0,30,1.0807747345584318,p10,lambda_only
delta_tilt,3.1,31,1.0797202283464509,p10,lambda_only
delta_tilt,3.2,32,1.0786667329277662,p10,lambda_only
delta_tilt,3.3,33,1.0776261820049442,p10,lambda_only
delta_tilt,3.4,34,1.076585303745534,p10,lambda_only
delta_tilt,3.5,35,1.07554475929332,p10,lambda_only
delta_tilt,3.6,36,1.0745052262859214,p10,lambda_only
delta_tilt,3.7,37,1.0734673964839785,p10,lambda_only
delta_tilt,3.8,38,1.0724488030994406,p10,lambda_only
delta_tilt,3.9,39,1.0714398296428,p10,lambda_only
delta_tilt,4.0,40,1.0705875437190715,p10,lambda_only
delta_tilt,4.1,41,1.069743691120571,p10,lambda_only
delta_tilt,4.2,42,1.0689021009923885,p10,lambda_only
delta_tilt,4.3,43,1.0680633410755374,p10,lambda_only
delta_tilt,4.4,44,1.0672621982734398,p10,lambda_only
delta_tilt,4.5,45,1.0665726888334657,p10,lambda_only
delta_tilt,4.6,46,1.0658871554197187,p10,lambda_only
delta_tilt,4.7,47,1.065205920169777,p10,lambda_only
delta_tilt,4.8,48,1.0645293003258713,p10,lambda_only
delta_tilt,4.9,49,1.0638576072484207,p10,lambda_only
delta_tilt,5.0,50,1.0631911455053102,p10,lambda_only
delta_tilt,5.1,51,1.0625302120454878,p10,lambda_only
delta_tilt,5.2,52,1.0618750954639888,p10,lambda_only
delta_tilt,5.3,53,1.0612260753639566,p10,lambda_only
delta_tilt,5.4,54,1.0605834218194992,p10,lambda_only
delta_tilt,5.5,55,1.0599473949414528,p10,lambda_only
delta_tilt,5.6,56,1.059318244546288,p10,lambda_only
delta_tilt,5.7,57,1.0586962099265935,p10,lambda_only
delta_tilt,5.8,58,1.058081519719784,p10,lambda_only
delta_tilt,5.9,59,1.0574743918700964,p10,lambda_only
delta_tilt,6.0,60,1.0568750336774146,p10,lambda_only
delta_tilt,6.1,61,1.0562848899938364,p10,lambda_only
delta_tilt,6.2,62,1.0557899591163153,p10,lambda_only
delta_tilt,6.3,63,1.0553875227098026,p10,lambda_only
delta_tilt,6.4,64,1.0549907523722697,p10,lambda_only
delta_tilt,6.5,65,1.054599782226888,p10,lambda_only
delta_tilt,6.6,66,1.0542147434055928,p10,lambda_only
delta_tilt,6.7,67,1.053843544194614,p10,lambda_only
delta_tilt,6.8,68,1.0534830562693496,p10,lambda_only
delta_tilt,6.9,69,1.053128566776268,p10,lambda_only
delta_tilt,7.0,70,1.0527801925791562,p10,lambda_only
delta_tilt,7.1,71,1.0524380481982425,p10,lambda_only
delta_tilt,7.2,72,1.0521022458085887,p10,lambda_only
delta_tilt,7.3,73,1.0517728952180352,p10,lambda_only
delta_tilt,7.4,74,1.0514501038235373,p10,lambda_only
delta_tilt,7.5,75,1.0511339765452905,p10,lambda_only
delta_tilt,7.6,76,1.0508246157386871,p10,lambda_only
delta_tilt,7.7,77,1.0505298992075416,p10,lambda_only
delta_tilt,7.8,78,1.0502449105247604,p10,lambda_only
delta_tilt,7.9,79,1.0499669893332553,p10,lambda_only
delta_tilt,8.0,80,1.04969622513233,p10,lambda_only
delta_tilt,8.1,81,1.0494502220551196,p10,lambda_only
delta_tilt,8.2,82,1.0492203715708013,p10,lambda_only
delta_tilt,8.3,83,1.0489976557031504,p10,lambda_only
delta_tilt,8.4,84,1.0487821476008299,p10,lambda_only
delta_tilt,8.5,85,1.0485739169996167,p10,lambda_only
delta_tilt,8.6,86,1.0483823930060692,p10,lambda_only
delta_tilt,8.7,87,1.0482109561448285,p10,lambda_only
delta_tilt,8.8,88,1.048063168102565,p10,lambda_only
delta_tilt,8.9,89,1.0479276495903875,p10,lambda_only
delta_tilt,9.0,90,1.04779815186901,p10,lambda_only
delta_tilt,9.1,91,1.0476747208422346,p10,lambda_only
delta_tilt,9.2,92,1.0475573980030493,p10,lambda_only
delta_tilt,9.3,93,1.0474462202238486,p10,lambda_only
delta_tilt,9.4,94,1.0473412195617686,p10,lambda_only
delta_tilt,9.5,95,1.0472424230802087,p10,lambda_only
delta_tilt,9.6,96,1.0471498526873995,p10,lambda_only
delta_tilt,9.7,97,1.0470635249927833,p10,lambda_only
delta_tilt,9.8,98,1.046983451181762,p10,lambda_only
delta_tilt,9.9,99,1.0469096369092947,p10,lambda_only
delta_tilt,10.0,100,1.046842082212605,p10,lambda_only
delta_tilt,10.1,101,1.0467807814431989,p10,lambda_only
delta_tilt,10.2,102,1.0467257232182188,p10,lambda_only
delta_tilt,10.3,103,1.0466768903910724,p10,lambda_only
delta_tilt,10.4,104,1.0466342600411245,p10,lambda_only
delta_tilt,10.5,105,1.0465982015299584,p10,lambda_only
delta_tilt,10.6,106,1.046579018657581,p10,lambda_only
delta_tilt,10.7,107,1.046566008519204,p10,lambda_only
delta_tilt,10.8,108,1.0465591218658947,p10,lambda_only
delta_tilt,10.9,109,1.0465583040050657,p10,lambda_only
delta_tilt,11.0,110,1.0465634948961233,p10,lambda_only
delta_tilt,11.1,111,1.0465746292612468,p10,lambda_only
delta_tilt,11.2,112,1.0465954526135959,p10,lambda_only
delta_tilt,11.3,113,1.0466226510402492,p10,lambda_only
delta_tilt,11.4,114,1.0466553149835762,p10,lambda_only
delta_tilt,11.5,115,1.0466933633480393,p10,lambda_only
delta_tilt,11.6,116,1.0467367107454328,p10,lambda_only
delta_tilt,11.7,117,1.0467852676736882,p10,lambda_only
delta_tilt,11.8,118,1.0468389407038445,p10,lambda_only
delta_tilt,11.9,119,1.0468976326742954,p10,lambda_only
delta_tilt,12.0,120,1.0469612428914525,p10,lambda_only
delta_tilt,12.1,121,1.047029667335929,p10,lambda_only
delta_tilt,12.2,122,1.0471027988733959,p10,lambda_only
delta_tilt,12.3,123,1.047180527469239,p10,lambda_only
delta_tilt,12.4,124,1.0472627404062034,p10,lambda_only
delta_tilt,12.5,125,1.0473499487891227,p10,lambda_only
delta_tilt,12.6,126,1.0474518311282253,p10,lambda_only
delta_tilt,12.7,127,1.047557839240482,p10,lambda_only
delta_tilt,12.8,128,1.0476780650390514,p10,lambda_only
delta_tilt,12.9,129,1.047844535187555,p10,lambda_only
delta_tilt,13.0,130,1.0480225880362488,p10,lambda_only
delta_tilt,13.1,131,1.0482029722499058,p10,lambda_only
delta_tilt,13.2,132,1.0483855501616721,p10,lambda_only
delta_tilt,13.3,133,1.0485806121126253,p10,lambda_only
delta_tilt,13.4,134,1.0487845837676242,p10,lambda_only
delta_tilt,13.5,135,1.0489907189806806,p10,lambda_only
delta_tilt,13.6,136,1.0491988657030211,p10,lambda_only
delta_tilt,13.7,137,1.0494088739633676,p10,lambda_only
delta_tilt,13.8,138,1.0496217582379976,p10,lambda_only
delta_tilt,13.9,139,1.0498444072119937,p10,lambda_only
delta_tilt,14.0,140,1.0500684625076162,p10,lambda_only
delta_tilt,14.1,141,1.0502937808449126,p10,lambda_only
delta_tilt,14.2,142,1.0505202217915854,p10,lambda_only
delta_tilt,14.3,143,1.0507476478682534,p10,lambda_only
delta_tilt,14.4,144,1.0509792001626523,p10,lambda_only
delta_tilt,14.5,145,1.051222505997442,p10,lambda_only
delta_tilt,14.6,146,1.051466268945226,p10,lambda_only
delta_tilt,14.7,147,1.0517103642314223,p10,lambda_only
delta_tilt,14.8,148,1.051954670450319,p10,lambda_only
delta_tilt,14.9,149,1.0521990696151782,p10,lambda_only
delta_tilt,15.0,150,1.05244412307944,p10,lambda_only
delta_tilt,0.0,0,1.1285908573611496,p10,family_and_parameter
delta_tilt,0.1,1,1.1102767168526115,p10,family_and_parameter
delta_tilt,0.2,2,1.109261204023347,p10,family_and_parameter
delta_tilt,0.3,3,1.108233213736436,p10,family_and_parameter
delta_tilt,0.4,4,1.1072029503720198,p10,family_and_parameter
delta_tilt,0.5,5,1.1061795839387885,p10,family_and_parameter
delta_tilt,0.6,6,1.1051509866849518,p10,family_and_parameter
delta_tilt,0.7,7,1.1041119051339596,p10,family_and_parameter
delta_tilt,0.8,8,1.1030626496061875,p10,family_and_parameter
delta_tilt,0.9,9,1.1020413963114597,p10,family_and_parameter
delta_tilt,1.0,10,1.101098298063786,p10,family_and_parameter
delta_tilt,1.1,11,1.1001457894202913,p10,family_and_parameter
delta_tilt,1.2,12,1.0991841260182202,p10,family_and_parameter
delta_tilt,1.3,13,1.0982135616448965,p10,family_and_parameter
delta_tilt,1.4,14,1.097234351459676,p10,family_and_parameter
delta_tilt,1.5,15,1.0962467551672237,p10,family_and_parameter
delta_tilt,1.6,16,1.0952510401003475,p10,family_and_parameter
delta_tilt,1.7,17,1.0942474841727603,p10,family_and_parameter
delta_tilt,1.8,18,1.093236378664985,p10,family_and_parameter
delta_tilt,1.9,19,1.0922180308098972,p10,family_and_parameter
delta_tilt,2.0,20,1.0911927661482126,p10,family_and_parameter
delta_tilt,2.1,21,1.090160930628178,p10,family_and_parameter
delta_tilt,2.2,22,1.0891228924278828,p10,family_and_parameter
delta_tilt,2.3,23,1.088079043482756,p10,family_and_parameter
delta_tilt,2.4,24,1.0870355711952053,p10,family_and_parameter
delta_tilt,2.5,25,1.0860026496984931,p10,family_and_parameter
delta_tilt,2.6,26,1.0849648394033689,p10,family_and_parameter
delta_tilt,2.7,27,1.0839226215221678,p10,family_and_parameter
delta_tilt,2.8,28,1.0828765040797788,p10,family_and_parameter
delta_tilt,2.9,29,1.0818270216125863,p10,family_and_parameter
delta_tilt,3.0,30,1.0807747345584318,p10,family_and_parameter
delta_tilt,3.1,31,1.0797202283464509,p10,family_and_parameter
delta_tilt,3.2,32,1.0786667329277662,p10,family_and_parameter
delta_tilt,3.3,33,1.0776261820049442,p10,family_and_parameter
delta_tilt,3.4,34,1.076585303745534,p10,family_and_parameter
delta_tilt,3.5,35,1.07554475929332,p10,family_and_parameter
delta_tilt,3.6,36,1.0745052262859214,p10,family_and_parameter
delta_tilt,3.7,37,1.0734673964839785,p10,family_and_parameter
delta_tilt,3.8,38,1.0724488030994406,p10,family_and_parameter
delta_tilt,3.9,39,1.0714398296428,p10,family_and_parameter
delta_tilt,4.0,40,1.0705875437190715,p10,family_and_parameter
delta_tilt,4.1,41,1.069743691120571,p10,family_and_parameter
delta_tilt,4.2,42,1.0689021009923885,p10,family_and_parameter
delta_tilt,4.3,43,1.0680633410755374,p10,family_and_parameter
delta_tilt,4.4,44,1.0672621982734398,p10,family_and_parameter
delta_tilt,4.5,45,1.0665726888334657,p10,family_and_parameter
delta_tilt,4.6,46,1.0658871554197187,p10,family_and_parameter
delta_tilt,4.7,47,1.065205920169777,p10,family_and_parameter
delta_tilt,4.8,48,1.0645293003258713,p10,family_and_parameter
delta_tilt,4.9,49,1.0638576072484207,p10,family_and_parameter
delta_tilt,5.0,50,1.0631911455053102,p10,family_and_parameter
delta_tilt,5.1,51,1.0625302120454878,p10,family_and_parameter
delta_tilt,5.2,52,1.0618750954639888,p10,family_and_parameter
delta_tilt,5.3,53,1.0612260753639566,p10,family_and_parameter
delta_tilt,5.4,54,1.0605834218194992,p10,family_and_parameter
delta_tilt,5.5,55,1.0599473949414528,p10,family_and_parameter
delta_tilt,5.6,56,1.059318244546288,p10,family_and_parameter
delta_tilt,5.7,57,1.0586962099265935,p10,family_and_parameter
delta_tilt,5.8,58,1.058081519719784,p10,family_and_parameter
delta_tilt,5.9,59,1.0574743918700964,p10,family_and_parameter
delta_tilt,6.0,60,1.0568750336774146,p10,family_and_parameter
delta_tilt,6.1,61,1.0562848899938364,p10,family_and_parameter
delta_tilt,6.2,62,1.0557899591163153,p10,family_and_parameter
delta_tilt,6.3,63,1.0553875227098026,p10,family_and_parameter
delta_tilt,6.4,64,1.0549907523722697,p10,family_and_parameter
delta_tilt,6.5,65,1.054599782226888,p10,family_and_parameter
delta_tilt,6.6,66,1.0542147434055928,p10,family_and_parameter
delta_tilt,6.7,67,1.053843544194614,p10,family_and_parameter
delta_tilt,6.8,68,1.0534830562693496,p10,family_and_parameter
delta_tilt,6.9,69,1.053128566776268,p10,family_and_parameter
delta_tilt,7.0,70,1.0527801925791562,p10,family_and_parameter
delta_tilt,7.1,71,1.0524380481982425,p10,family_and_parameter
delta_tilt,7.2,72,1.0521022458085887,p10,family_and_parameter
delta_tilt,7.3,73,1.0517728952180352,p10,family_and_parameter
delta_tilt,7.4,74,1.0514501038235373,p10,family_and_parameter
delta_tilt,7.5,75,1.0511339765452905,p10,family_and_parameter
delta_tilt,7.6,76,1.0508246157386871,p10,family_and_parameter
delta_tilt,7.7,77,1.0505298992075416,p10,family_and_parameter
delta_tilt,7.8,78,1.0502449105247604,p10,family_and_parameter
delta_tilt,7.9,79,1.0499669893332553,p10,family_and_parameter
delta_tilt,8.0,80,1.04969622513233,p10,family_and_parameter
delta_tilt,8.1,81,1.0494502220551196,p10,family_and_parameter
delta_tilt,8.2,82,1.0492203715708013,p10,family_and_parameter
delta_tilt,8.3,83,1.0489976557031504,p10,family_and_parameter
delta_tilt,8.4,84,1.0487821476008299,p10,family_and_parameter
delta_tilt,8.5,85,1.0485739169996167,p10,family_and_parameter
delta_tilt,8.6,86,1.0483823930060692,p10,family_and_parameter
delta_tilt,8.7,87,1.0482109561448285,p10,family_and_parameter
delta_tilt,8.8,88,1.048063168102565,p10,family_and_parameter
delta_tilt,8.9,89,1.0479276495903875,p10,family_and_parameter
delta_tilt,9.0,90,1.04779815186901,p10,family_and_parameter
delta_tilt,9.1,91,1.0476747208422346,p10,family_and_parameter
delta_tilt,9.2,92,1.0475573980030493,p10,family_and_parameter
delta_tilt,9.3,93,1.0474462202238486,p10,family_and_parameter
delta_tilt,9.4,94,1.0473412195617686,p10,family_and_parameter
delta_tilt,9.5,95,1.0472424230802087,p10,family_and_parameter
delta_tilt,9.6,96,1.0471498526873995,p10,family_and_parameter
delta_tilt,9.7,97,1.0470635249927833,p10,family_and_parameter
delta_tilt,9.8,98,1.046983451181762,p10,family_and_parameter
delta_tilt,9.9,99,1.0469096369092947,p10,family_and_parameter
delta_tilt,10.0,100,1.046842082212605,p10,family_and_parameter
delta_tilt,10.1,101,1.0467807814431989,p10,family_and_parameter
delta_tilt,10.2,102,1.0467257232182188,p10,family_and_parameter
delta_tilt,10.3,103,1.0466768903910724,p10,family_and_parameter
delta_tilt,10.4,104,1.0466342600411245,p10,family_and_parameter
delta_tilt,10.5,105,1.0465982015299584,p10,family_and_parameter
delta_tilt,10.6,106,1.046579018657581,p10,family_and_parameter
delta_tilt,10.7,107,1.046566008519204,p10,family_and_parameter
delta_tilt,10.8,108,1.0465591218658947,p10,family_and_parameter
delta_tilt,10.9,109,1.0465583040050657,p10,family_and_parameter
delta_tilt,11.0,110,1.0465634948961233,p10,family_and_parameter
delta_tilt,11.1,111,1.0465746292612468,p10,family_and_parameter
delta_tilt,11.2,112,1.0465954526135959,p10,family_and_parameter
delta_tilt,11.3,113,1.0466226510402492,p10,family_and_parameter
delta_tilt,11.4,114,1.0466553149835762,p10,family_and_parameter
delta_tilt,11.5,115,1.0466933633480393,p10,family_and_parameter
delta_tilt,11.6,116,1.0467367107454328,p10,family_and_parameter
delta_tilt,11.7,117,1.0467852676736882,p10,family_and_parameter
delta_tilt,11.8,118,1.0468389407038445,p10,family_and_parameter
delta_tilt,11.9,119,1.0468976326742954,p10,family_and_parameter
delta_tilt,12.0,120,1.0469612428914525,p10,family_and_parameter
delta_tilt,12.1,121,1.047029667335929,p10,family_and_parameter
delta_tilt,12.2,122,1.0471027988733959,p10,family_and_parameter
delta_tilt,12.3,123,1.047180527469239,p10,family_and_parameter
delta_tilt,12.4,124,1.0472627404062034,p10,family_and_parameter
delta_tilt,12.5,125,1.0473499487891227,p10,family_and_parameter
delta_tilt,12.6,126,1.0474518311282253,p10,family_and_parameter
delta_tilt,12.7,127,1.047557839240482,p10,family_and_parameter
delta_tilt,12.8,128,1.0476780650390514,p10,family_and_parameter
delta_tilt,12.9,129,1.047844535187555,p10,family_and_parameter
delta_tilt,13.0,130,1.0480225880362488,p10,family_and_parameter
delta_tilt,13.1,131,1.0482029722499058,p10,family_and_parameter
delta_tilt,13.2,132,1.0483855501616721,p10,family_and_parameter
delta_tilt,13.3,133,1.0485806121126253,p10,family_and_parameter
delta_tilt,13.4,134,1.0487845837676242,p10,family_and_parameter
delta_tilt,13.5,135,1.0489907189806806,p10,family_and_parameter
delta_tilt,13.6,136,1.0491988657030211,p10,family_and_parameter
delta_tilt,13.7,137,1.0494088739633676,p10,family_and_parameter
delta_tilt,13.8,138,1.0496217582379976,p10,family_and_parameter
delta_tilt,13.9,139,1.0498444072119937,p10,family_and_parameter
delta_tilt,14.0,140,1.0500684625076162,p10,family_and_parameter
delta_tilt,14.1,141,1.0502937808449126,p10,family_and_parameter
delta_tilt,14.2,142,1.0505202217915854,p10,family_and_parameter
delta_tilt,14.3,143,1.0507476478682534,p10,family_and_parameter
delta_tilt,14.4,144,1.0509792001626523,p10,family_and_parameter
delta_tilt,14.5,145,1.051222505997442,p10,family_and_parameter
delta_tilt,14.6,146,1.051466268945226,p10,family_and_parameter
delta_tilt,14.7,147,1.0517103642314223,p10,family_and_parameter
delta_tilt,14.8,148,1.051954670450319,p10,family_and_parameter
delta_tilt,14.9,149,1.0521990696151782,p10,family_and_parameter
delta_tilt,15.0,150,1.05244412307944,p10,family_and_parameter
base_mean,,151,1.1285908573611496,p10,family_and_parameter
variance,,152,1.1112793038801225,p10,family_and_parameter
upper_70,,153,1.09912821947991,p10,family_and_parameter
upper_80,,154,1.1677098620151543,p10,family_and_parameter
upper_90,,155,1.2796218550972414,p10,family_and_parameter
upper_tail_area_70,,156,1.232916074524988,p10,family_and_parameter
delta_tilt,0.0,0,1.2644061277995486,p11,lambda_only
delta_tilt,0.1,1,1.2595890492373913,p11,lambda_only
delta_tilt,0.2,2,1.2585671544000927,p11,lambda_only
delta_tilt,0.3,3,1.2575119959013363,p11,lambda_only
delta_tilt,0.4,4,1.2564245729432684,p11,lambda_only
delta_tilt,0.5,5,1.2553058870289626,p11,lambda_only
delta_tilt,0.6,6,1.254162226592732,p11,lambda_only
delta_tilt,0.7,7,1.2531232256695861,p11,lambda_only
delta_tilt,0.8,8,1.252179311068628,p11,lambda_only
delta_tilt,0.9,9,1.251212090832001,p11,lambda_only
delta_tilt,1.0,10,1.2502223464394695,p11,lambda_only
delta_tilt,1.1,11,1.2492108567664315,p11,lambda_only
delta_tilt,1.2,12,1.2482176547678443,p11,lambda_only
delta_tilt,1.3,13,1.2474095093365487,p11,lambda_only
delta_tilt,1.4,14,1.2465703595510116,p11,lambda_only
delta_tilt,1.5,15,1.2457012435028485,p11,lambda_only
delta_tilt,1.6,16,1.244803200426673,p11,lambda_only
delta_tilt,1.7,17,1.2440081160437744,p11,lambda_only
delta_tilt,1.8,18,1.24320940451702,p11,lambda_only
delta_tilt,1.9,19,1.2423812141286152,p11,lambda_only
delta_tilt,2.0,20,1.2415244011172322,p11,lambda_only
delta_tilt,2.1,21,1.2406398461204888,p11,lambda_only
delta_tilt,2.2,22,1.2397284567143987,p11,lambda_only
delta_tilt,2.3,23,1.2387911696755491,p11,lambda_only
delta_tilt,2.4,24,1.2378289529254762,p11,lambda_only
delta_tilt,2.5,25,1.2368428071209345,p11,lambda_only
delta_tilt,2.6,26,1.235871668679344,p11,lambda_only
delta_tilt,2.7,27,1.234880862024713,p11,lambda_only
delta_tilt,2.8,28,1.233868824975929,p11,lambda_only
delta_tilt,2.9,29,1.232836686060327,p11,lambda_only
delta_tilt,3.0,30,1.231785608350528,p11,lambda_only
delta_tilt,3.1,31,1.230716788567071,p11,lambda_only
delta_tilt,3.2,32,1.2296314557269494,p11,lambda_only
delta_tilt,3.3,33,1.2285308693445842,p11,lambda_only
delta_tilt,3.4,34,1.2274320397210894,p11,lambda_only
delta_tilt,3.5,35,1.2263345930859286,p11,lambda_only
delta_tilt,3.6,36,1.225239783287877,p11,lambda_only
delta_tilt,3.7,37,1.2242350006464948,p11,lambda_only
delta_tilt,3.8,38,1.223220829383976,p11,lambda_only
delta_tilt,3.9,39,1.22219695538305,p11,lambda_only
delta_tilt,4.0,40,1.221235132508857,p11,lambda_only
delta_tilt,4.1,41,1.2202961602768814,p11,lambda_only
delta_tilt,4.2,42,1.2193490762102457,p11,lambda_only
delta_tilt,4.3,43,1.2184065741839738,p11,lambda_only
delta_tilt,4.4,44,1.2174801885632733,p11,lambda_only
delta_tilt,4.5,45,1.21655329344264,p11,lambda_only
delta_tilt,4.6,46,1.2156431287803287,p11,lambda_only
delta_tilt,4.7,47,1.2147302955748909,p11,lambda_only
delta_tilt,4.8,48,1.213816033402066,p11,lambda_only
delta_tilt,4.9,49,1.2129015628203315,p11,lambda_only
delta_tilt,5.0,50,1.2119880811242385,p11,lambda_only
delta_tilt,5.1,51,1.211076758313245,p11,lambda_only
delta_tilt,5.2,52,1.2101687333184235,p11,lambda_only
delta_tilt,5.3,53,1.2092651105244572,p11,lambda_only
delta_tilt,5.4,54,1.208366956618619,p11,lambda_only
delta_tilt,5.5,55,1.2074752977922913,p11,lambda_only
delta_tilt,5.6,56,1.2065911173140729,p11,lambda_only
delta_tilt,5.7,57,1.2057153534868748,p11,lambda_only
delta_tilt,5.8,58,1.2048488979947638,p11,lambda_only
delta_tilt,5.9,59,1.203992594638874,p11,lambda_only
delta_tilt,6.0,60,1.2031472384556758,p11,lambda_only
delta_tilt,6.1,61,1.202332177086131,p11,lambda_only
delta_tilt,6.2,62,1.20160264096935,p11,lambda_only
delta_tilt,6.3,63,1.2008905732526471,p11,lambda_only
delta_tilt,6.4,64,1.200194781238317,p11,lambda_only
delta_tilt,6.5,65,1.1995101198577012,p11,lambda_only
delta_tilt,6.6,66,1.1988370211965005,p11,lambda_only
delta_tilt,6.7,67,1.198175883041116,p11,lambda_only
delta_tilt,6.8,68,1.197527070081058,p11,lambda_only
delta_tilt,6.9,69,1.1968909151907128,p11,lambda_only
delta_tilt,7.0,70,1.1962743359291717,p11,lambda_only
delta_tilt,7.1,71,1.1957321022541336,p11,lambda_only
delta_tilt,7.2,72,1.1952005166617425,p11,lambda_only
delta_tilt,7.3,73,1.194679829294719,p11,lambda_only
delta_tilt,7.4,74,1.1941702667109535,p11,lambda_only
delta_tilt,7.5,75,1.1936720330472812,p11,lambda_only
delta_tilt,7.6,76,1.1931853111672612,p11,lambda_only
delta_tilt,7.7,77,1.1927102637821565,p11,lambda_only
delta_tilt,7.8,78,1.1922470345361555,p11,lambda_only
delta_tilt,7.9,79,1.1917957490486109,p11,lambda_only
delta_tilt,8.0,80,1.1914279670069272,p11,lambda_only
delta_tilt,8.1,81,1.1911106470205801,p11,lambda_only
delta_tilt,8.2,82,1.1908054380696693,p11,lambda_only
delta_tilt,8.3,83,1.190512361546269,p11,lambda_only
delta_tilt,8.4,84,1.190231428995384,p11,lambda_only
delta_tilt,8.5,85,1.1899626424840914,p11,lambda_only
delta_tilt,8.6,86,1.189705994931765,p11,lambda_only
delta_tilt,8.7,87,1.1894614704049062,p11,lambda_only
delta_tilt,8.8,88,1.189229072783734,p11,lambda_only
delta_tilt,8.9,89,1.18901627911727,p11,lambda_only
delta_tilt,9.0,90,1.1888153293891572,p11,lambda_only
delta_tilt,9.1,91,1.1886261754382232,p11,lambda_only
delta_tilt,9.2,92,1.1884487614339125,p11,lambda_only
delta_tilt,9.3,93,1.1882830240328133,p11,lambda_only
delta_tilt,9.4,94,1.1881288925246916,p11,lambda_only
delta_tilt,9.5,95,1.187986288970978,p11,lambda_only
delta_tilt,9.6,96,1.1878551283383854,p11,lambda_only
delta_tilt,9.7,97,1.1877353186301023,p11,lambda_only
delta_tilt,9.8,98,1.1876267610167375,p11,lambda_only
delta_tilt,9.9,99,1.1875293499689976,p11,lambda_only
delta_tilt,10.0,100,1.1874429733937226,p11,lambda_only
delta_tilt,10.1,101,1.1873715919124792,p11,lambda_only
delta_tilt,10.2,102,1.1873131178284357,p11,lambda_only
delta_tilt,10.3,103,1.187265112532636,p11,lambda_only
delta_tilt,10.4,104,1.1872274408779349,p11,lambda_only
delta_tilt,10.5,105,1.1871999619751359,p11,lambda_only
delta_tilt,10.6,106,1.1871825293778462,p11,lambda_only
delta_tilt,10.7,107,1.1871749912755718,p11,lambda_only
delta_tilt,10.8,108,1.1871771906951807,p11,lambda_only
delta_tilt,10.9,109,1.1871889657106944,p11,lambda_only
delta_tilt,11.0,110,1.1872101496612508,p11,lambda_only
delta_tilt,11.1,111,1.1872405713769474,p11,lambda_only
delta_tilt,11.2,112,1.1872851316811919,p11,lambda_only
delta_tilt,11.3,113,1.1873472682816666,p11,lambda_only
delta_tilt,11.4,114,1.1874517803576343,p11,lambda_only
delta_tilt,11.5,115,1.1876060073310104,p11,lambda_only
delta_tilt,11.6,116,1.1877677588215623,p11,lambda_only
delta_tilt,11.7,117,1.1879368430317485,p11,lambda_only
delta_tilt,11.8,118,1.1881130653777616,p11,lambda_only
delta_tilt,11.9,119,1.1882962287680063,p11,lambda_only
delta_tilt,12.0,120,1.188486133884552,p11,lambda_only
delta_tilt,12.1,121,1.1886825794665925,p11,lambda_only
delta_tilt,12.2,122,1.1888853625949243,p11,lambda_only
delta_tilt,12.3,123,1.1890942789764953,p11,lambda_only
delta_tilt,12.4,124,1.189309123228087,p11,lambda_only
delta_tilt,12.5,125,1.189529689158245,p11,lambda_only
delta_tilt,12.6,126,1.1897557700465653,p11,lambda_only
delta_tilt,12.7,127,1.1899871589195319,p11,lambda_only
delta_tilt,12.8,128,1.1902236488221032,p11,lambda_only
delta_tilt,12.9,129,1.1904650330842907,p11,lambda_only
delta_tilt,13.0,130,1.1907111055820374,p11,lambda_only
delta_tilt,13.1,131,1.19096166099172,p11,lambda_only
delta_tilt,13.2,132,1.1912164950376865,p11,lambda_only
delta_tilt,13.3,133,1.19147540473224,p11,lambda_only
delta_tilt,13.4,134,1.1917381886075638,p11,lambda_only
delta_tilt,13.5,135,1.1920046469391317,p11,lambda_only
delta_tilt,13.6,136,1.1922745819601706,p11,lambda_only
delta_tilt,13.7,137,1.1925477980668286,p11,lambda_only
delta_tilt,13.8,138,1.1928241020137154,p11,lambda_only
delta_tilt,13.9,139,1.1931033030995657,p11,lambda_only
delta_tilt,14.0,140,1.1933852133427751,p11,lambda_only
delta_tilt,14.1,141,1.1936696476466877,p11,lambda_only
delta_tilt,14.2,142,1.1939564239544465,p11,lambda_only
delta_tilt,14.3,143,1.194275370541142,p11,lambda_only
delta_tilt,14.4,144,1.1946007170109065,p11,lambda_only
delta_tilt,14.5,145,1.194940306767753,p11,lambda_only
delta_tilt,14.6,146,1.195281548459279,p11,lambda_only
delta_tilt,14.7,147,1.195624251710576,p11,lambda_only
delta_tilt,14.8,148,1.1959682308323738,p11,lambda_only
delta_tilt,14.9,149,1.196313304895357,p11,lambda_only
delta_tilt,15.0,150,1.1966592977933606,p11,lambda_only
delta_tilt,0.0,0,1.2644061277995486,p11,family_and_parameter
delta_tilt,0.1,1,1.2595890492373913,p11,family_and_parameter
delta_tilt,0.2,2,1.2585671544000927,p11,family_and_parameter
delta_tilt,0.3,3,1.2575119959013363,p11,family_and_parameter
delta_tilt,0.4,4,1.2564245729432684,p11,family_and_parameter
delta_tilt,0.5,5,1.2553058870289626,p11,family_and_parameter
delta_tilt,0.6,6,1.254162226592732,p11,family_and_parameter
delta_tilt,0.7,7,1.2531232256695861,p11,family_and_parameter
delta_tilt,0.8,8,1.252179311068628,p11,family_and_parameter
delta_tilt,0.9,9,1.251212090832001,p11,family_and_parameter
delta_tilt,1.0,10,1.2502223464394695,p11,family_and_parameter
delta_tilt,1.1,11,1.2492108567664315,p11,family_and_parameter
delta_tilt,1.2,12,1.2482176547678443,p11,family_and_parameter
delta_tilt,1.3,13,1.2474095093365487,p11,family_and_parameter
delta_tilt,1.4,14,1.2465703595510116,p11,family_and_parameter
delta_tilt,1.5,15,1.2457012435028485,p11,family_and_parameter
delta_tilt,1.6,16,1.244803200426673,p11,family_and_parameter
delta_tilt,1.7,17,1.2440081160437744,p11,family_and_parameter
delta_tilt,1.8,18,1.24320940451702,p11,family_and_parameter
delta_tilt,1.9,19,1.2423812141286152,p11,family_and_parameter
delta_tilt,2.0,20,1.2415244011172322,p11,family_and_parameter
delta_tilt,2.1,21,1.2406398461204888,p11,family_and_parameter
delta_tilt,2.2,22,1.2397284567143987,p11,family_and_parameter
delta_tilt,2.3,23,1.2387911696755491,p11,family_and_parameter
delta_tilt,2.4,24,1.2378289529254762,p11,family_and_parameter
delta_tilt,2.5,25,1.2368428071209345,p11,family_and_parameter
delta_tilt,2.6,26,1.235871668679344,p11,family_and_parameter
delta_tilt,2.7,27,1.234880862024713,p11,family_and_parameter
delta_tilt,2.8,28,1.233868824975929,p11,family_and_parameter
delta_tilt,2.9,29,1.232836686060327,p11,family_and_parameter
delta_tilt,3.0,30,1.231785608350528,p11,family_and_parameter
delta_tilt,3.1,31,1.230716788567071,p11,family_and_parameter
delta_tilt,3.2,32,1.2296314557269494,p11,family_and_parameter
delta_tilt,3.3,33,1.2285308693445842,p11,family_and_parameter
delta_tilt,3.4,34,1.2274320397210894,p11,family_and_parameter
delta_tilt,3.5,35,1.2263345930859286,p11,family_and_parameter
delta_tilt,3.6,36,1.225239783287877,p11,family_and_parameter
delta_tilt,3.7,37,1.2242350006464948,p11,family_and_parameter
delta_tilt,3.8,38,1.223220829383976,p11,family_and_parameter
delta_tilt,3.9,39,1.22219695538305,p11,family_and_parameter
delta_tilt,4.0,40,1.221235132508857,p11,family_and_parameter
delta_tilt,4.1,41,1.2202961602768814,p11,family_and_parameter
delta_tilt,4.2,42,1.2193490762102457,p11,family_and_parameter
delta_tilt,4.3,43,1.2184065741839738,p11,family_and_parameter
delta_tilt,4.4,44,1.2174801885632733,p11,family_and_parameter
delta_tilt,4.5,45,1.21655329344264,p11,family_and_parameter
delta_tilt,4.6,46,1.2156431287803287,p11,family_and_parameter
delta_tilt,4.7,47,1.2147302955748909,p11,family_and_parameter
delta_tilt,4.8,48,1.213816033402066,p11,family_and_parameter
delta_tilt,4.9,49,1.2129015628203315,p11,family_and_parameter
delta_tilt,5.0,50,1.2119880811242385,p11,family_and_parameter
delta_tilt,5.1,51,1.211076758313245,p11,family_and_parameter
delta_tilt,5.2,52,1.2101687333184235,p11,family_and_parameter
delta_tilt,5.3,53,1.2092651105244572,p11,family_and_parameter
delta_tilt,5.4,54,1.208366956618619,p11,family_and_parameter
delta_tilt,5.5,55,1.2074752977922913,p11,family_and_parameter
delta_tilt,5.6,56,1.2065911173140729,p11,family_and_parameter
delta_tilt,5.7,57,1.2057153534868748,p11,family_and_parameter
delta_tilt,5.8,58,1.2048488979947638,p11,family_and_parameter
delta_tilt,5.9,59,1.203992594638874,p11,family_and_parameter
delta_tilt,6.0,60,1.2031472384556758,p11,family_and_parameter
delta_tilt,6.1,61,1.202332177086131,p11,family_and_parameter
delta_tilt,6.2,62,1.20160264096935,p11,family_and_parameter
delta_tilt,6.3,63,1.2008905732526471,p11,family_and_parameter
delta_tilt,6.4,64,1.200194781238317,p11,family_and_parameter
delta_tilt,6.5,65,1.1995101198577012,p11,family_and_parameter
delta_tilt,6.6,66,1.1988370211965005,p11,family_and_parameter
delta_tilt,6.7,67,1.198175883041116,p11,family_and_parameter
delta_tilt,6.8,68,1.197527070081058,p11,family_and_parameter
delta_tilt,6.9,69,1.1968909151907128,p11,family_and_parameter
delta_tilt,7.0,70,1.1962743359291717,p11,family_and_parameter
delta_tilt,7.1,71,1.1957321022541336,p11,family_and_parameter
delta_tilt,7.2,72,1.1952005166617425,p11,family_and_parameter
delta_tilt,7.3,73,1.194679829294719,p11,family_and_parameter
delta_tilt,7.4,74,1.1941702667109535,p11,family_and_parameter
delta_tilt,7.5,75,1.1936720330472812,p11,family_and_parameter
delta_tilt,7.6,76,1.1931853111672612,p11,family_and_parameter
delta_tilt,7.7,77,1.1927102637821565,p11,family_and_parameter
delta_tilt,7.8,78,1.1922470345361555,p11,family_and_parameter
delta_tilt,7.9,79,1.1917957490486109,p11,family_and_parameter
delta_tilt,8.0,80,1.1914279670069272,p11,family_and_parameter
delta_tilt,8.1,81,1.1911106470205801,p11,family_and_parameter
delta_tilt,8.2,82,1.1908054380696693,p11,family_and_parameter
delta_tilt,8.3,83,1.190512361546269,p11,family_and_parameter
delta_tilt,8.4,84,1.190231428995384,p11,family_and_parameter
delta_tilt,8.5,85,1.1899626424840914,p11,family_and_parameter
delta_tilt,8.6,86,1.189705994931765,p11,family_and_parameter
delta_tilt,8.7,87,1.1894614704049062,p11,family_and_parameter
delta_tilt,8.8,88,1.189229072783734,p11,family_and_parameter
delta_tilt,8.9,89,1.18901627911727,p11,family_and_parameter
delta_tilt,9.0,90,1.1888153293891572,p11,family_and_parameter
delta_tilt,9.1,91,1.1886261754382232,p11,family_and_parameter
delta_tilt,9.2,92,1.1884487614339125,p11,family_and_parameter
delta_tilt,9.3,93,1.1882830240328133,p11,family_and_parameter
delta_tilt,9.4,94,1.1881288925246916,p11,family_and_parameter
delta_tilt,9.5,95,1.187986288970978,p11,family_and_parameter
delta_tilt,9.6,96,1.1878551283383854,p11,family_and_parameter
delta_tilt,9.7,97,1.1877353186301023,p11,family_and_parameter
delta_tilt,9.8,98,1.1876267610167375,p11,family_and_parameter
delta_tilt,9.9,99,1.1875293499689976,p11,family_and_parameter
delta_tilt,10.0,100,1.1874429733937226,p11,family_and_parameter
delta_tilt,10.1,101,1.1873715919124792,p11,family_and_parameter
delta_tilt,10.2,102,1.1873131178284357,p11,family_and_parameter
delta_tilt,10.3,103,1.187265112532636,p11,family_and_parameter
delta_tilt,10.4,104,1.1872274408779349,p11,family_and_parameter
delta_tilt,10.5,105,1.1871999619751359,p11,family_and_parameter
delta_tilt,10.6,106,1.1871825293778462,p11,family_and_parameter
delta_tilt,10.7,107,1.1871749912755718,p11,family_and_parameter
delta_tilt,10.8,108,1.1871771906951807,p11,family_and_parameter
delta_tilt,10.9,109,1.1871889657106944,p11,family_and_parameter
delta_tilt,11.0,110,1.1872101496612508,p11,family_and_parameter
delta_tilt,11.1,111,1.1872405713769474,p11,family_and_parameter
delta_tilt,11.2,112,1.1872851316811919,p11,family_and_parameter
delta_tilt,11.3,113,1.1873472682816666,p11,family_and_parameter
delta_tilt,11.4,114,1.1874517803576343,p11,family_and_parameter
delta_tilt,11.5,115,1.1876060073310104,p11,family_and_parameter
delta_tilt,11.6,116,1.1877677588215623,p11,family_and_parameter
delta_tilt,11.7,117,1.1879368430317485,p11,family_and_parameter
delta_tilt,11.8,118,1.1881130653777616,p11,family_and_parameter
delta_tilt,11.9,119,1.1882962287680063,p11,family_and_parameter
delta_tilt,12.0,120,1.188486133884552,p11,family_and_parameter
delta_tilt,12.1,121,1.1886825794665925,p11,family_and_parameter
delta_tilt,12.2,122,1.1888853625949243,p11,family_and_parameter
delta_tilt,12.3,123,1.1890942789764953,p11,family_and_parameter
delta_tilt,12.4,124,1.189309123228087,p11,family_and_parameter
delta_tilt,12.5,125,1.189529689158245,p11,family_and_parameter
delta_tilt,12.6,126,1.1897557700465653,p11,family_and_parameter
delta_tilt,12.7,127,1.1899871589195319,p11,family_and_parameter
delta_tilt,12.8,128,1.1902236488221032,p11,family_and_parameter
delta_tilt,12.9,129,1.1904650330842907,p11,family_and_parameter
delta_tilt,13.0,130,1.1907111055820374,p11,family_and_parameter
delta_tilt,13.1,131,1.19096166099172,p11,family_and_parameter
delta_tilt,13.2,132,1.1912164950376865,p11,family_and_parameter
delta_tilt,13.3,133,1.19147540473224,p11,family_and_parameter
delta_tilt,13.4,134,1.1917381886075638,p11,family_and_parameter
delta_tilt,13.5,135,1.1920046469391317,p11,family_and_parameter
delta_tilt,13.6,136,1.1922745819601706,p11,family_and_parameter
delta_tilt,13.7,137,1.1925477980668286,p11,family_and_parameter
delta_tilt,13.8,138,1.1928241020137154,p11,family_and_parameter
delta_tilt,13.9,139,1.1931033030995657,p11,family_and_parameter
delta_tilt,14.0,140,1.1933852133427751,p11,family_and_parameter
delta_tilt,14.1,141,1.1936696476466877,p11,family_and_parameter
delta_tilt,14.2,142,1.1939564239544465,p11,family_and_parameter
delta_tilt,14.3,143,1.194275370541142,p11,family_and_parameter
delta_tilt,14.4,144,1.1946007170109065,p11,family_and_parameter
delta_tilt,14.5,145,1.194940306767753,p11,family_and_parameter
delta_tilt,14.6,146,1.195281548459279,p11,family_and_parameter
delta_tilt,14.7,147,1.195624251710576,p11,family_and_parameter
delta_tilt,14.8,148,1.1959682308323738,p11,family_and_parameter
delta_tilt,14.9,149,1.196313304895357,p11,family_and_parameter
delta_tilt,15.0,150,1.1966592977933606,p11,family_and_parameter
base_mean,,151,1.2644061277995486,p11,family_and_parameter
variance,,152,1.260576682216281,p11,family_and_parameter
upper_70,,153,1.276136949316987,p11,family_and_parameter
upper_80,,154,1.2340750280316957,p11,family_and_parameter
upper_90,,155,1.4948740134509766,p11,family_and_parameter
upper_tail_area_70,,156,1.3248056773610604,p11,family_and_parameter
delta_tilt,0.0,0,1.3699998618518126,p12,lambda_only
delta_tilt,0.1,1,1.3791252320902052,p12,lambda_only
delta_tilt,0.2,2,1.3781027830465795,p12,lambda_only
delta_tilt,0.3,3,1.3770429965539148,p12,lambda_only
delta_tilt,0.4,4,1.3759620400154537,p12,lambda_only
delta_tilt,0.5,5,1.3748681125503683,p12,lambda_only
delta_tilt,0.6,6,1.3737703567864321,p12,lambda_only
delta_tilt,0.7,7,1.3726372190785718,p12,lambda_only
delta_tilt,0.8,8,1.3714702223010957,p12,lambda_only
delta_tilt,0.9,9,1.3702708371995824,p12,lambda_only
delta_tilt,1.0,10,1.3690404851590903,p12,lambda_only
delta_tilt,1.1,11,1.3677805413510709,p12,lambda_only
delta_tilt,1.2,12,1.3664923382157785,p12,lambda_only
delta_tilt,1.3,13,1.3651771692312635,p12,lambda_only
delta_tilt,1.4,14,1.3638362929149666,p12,lambda_only
delta_tilt,1.5,15,1.3624959926976157,p12,lambda_only
delta_tilt,1.6,16,1.3611569313779062,p12,lambda_only
delta_tilt,1.7,17,1.3598779472320996,p12,lambda_only
delta_tilt,1.8,18,1.3585769579890976,p12,lambda_only
delta_tilt,1.9,19,1.357316114446537,p12,lambda_only
delta_tilt,2.0,20,1.3560942416478945,p12,lambda_only
delta_tilt,2.1,21,1.354851795830094,p12,lambda_only
delta_tilt,2.2,22,1.3535897995361343,p12,lambda_only
delta_tilt,2.3,23,1.3523471428117573,p12,lambda_only
delta_tilt,2.4,24,1.351093822968162,p12,lambda_only
delta_tilt,2.5,25,1.3498408334530672,p12,lambda_only
delta_tilt,2.6,26,1.348605869632239,p12,lambda_only
delta_tilt,2.7,27,1.3473560385612964,p12,lambda_only
delta_tilt,2.8,28,1.3460923338365502,p12,lambda_only
delta_tilt,2.9,29,1.34481576503592,p12,lambda_only
delta_tilt,3.0,30,1.3435273590618118,p12,lambda_only
delta_tilt,3.1,31,1.3422281610357059,p12,lambda_only
delta_tilt,3.2,32,1.340919234736159,p12,lambda_only
delta_tilt,3.3,33,1.3396100334548784,p12,lambda_only
delta_tilt,3.4,34,1.3383042350711076,p12,lambda_only
delta_tilt,3.5,35,1.3369932159353866,p12,lambda_only
delta_tilt,3.6,36,1.335690692117782,p12,lambda_only
delta_tilt,3.7,37,1.334400637372884,p12,lambda_only
delta_tilt,3.8,38,1.3331450485295016,p12,lambda_only
delta_tilt,3.9,39,1.3318882617892582,p12,lambda_only
delta_tilt,4.0,40,1.3306568543355826,p12,lambda_only
delta_tilt,4.1,41,1.329430069715603,p12,lambda_only
delta_tilt,4.2,42,1.3282055627332185,p12,lambda_only
delta_tilt,4.3,43,1.326984392890098,p12,lambda_only
delta_tilt,4.4,44,1.3257676158646952,p12,lambda_only
delta_tilt,4.5,45,1.32455627975626,p12,lambda_only
delta_tilt,4.6,46,1.323351421282569,p12,lambda_only
delta_tilt,4.7,47,1.3221540619828591,p12,lambda_only
delta_tilt,4.8,48,1.3209652044769098,p12,lambda_only
delta_tilt,4.9,49,1.3197858288295954,p12,lambda_only
delta_tilt,5.0,50,1.318742994783642,p12,lambda_only
delta_tilt,5.1,51,1.317856853630517,p12,lambda_only
delta_tilt,5.2,52,1.3169785977509192,p12,lambda_only
delta_tilt,5.3,53,1.316108790148762,p12,lambda_only
delta_tilt,5.4,54,1.3152479723072437,p12,lambda_only
delta_tilt,5.5,55,1.314396662939002,p12,lambda_only
delta_tilt,5.6,56,1.3135620897097307,p12,lambda_only
delta_tilt,5.7,57,1.3127608500967145,p12,lambda_only
delta_tilt,5.8,58,1.3119745060900103,p12,lambda_only
delta_tilt,5.9,59,1.3111993914537996,p12,lambda_only
delta_tilt,6.0,60,1.3104414968935358,p12,lambda_only
delta_tilt,6.1,61,1.3097042036130566,p12,lambda_only
delta_tilt,6.2,62,1.3089790100527117,p12,lambda_only
delta_tilt,6.3,63,1.3082662061161652,p12,lambda_only
delta_tilt,6.4,64,1.3075694462215313,p12,lambda_only
delta_tilt,6.5,65,1.306894726840942,p12,lambda_only
delta_tilt,6.6,66,1.3062328106049808,p12,lambda_only
delta_tilt,6.7,67,1.305583905538239,p12,lambda_only
delta_tilt,6.8,68,1.3049481985599505,p12,lambda_only
delta_tilt,6.9,69,1.3043334737619996,p12,lambda_only
delta_tilt,7.0,70,1.3037496751227717,p12,lambda_only
delta_tilt,7.1,71,1.303179057091984,p12,lambda_only
delta_tilt,7.2,72,1.3026217419963182,p12,lambda_only
delta_tilt,7.3,73,1.3020778348722395,p12,lambda_only
delta_tilt,7.4,74,1.3015474243438834,p12,lambda_only
delta_tilt,7.5,75,1.3010305834923046,p12,lambda_only
delta_tilt,7.6,76,1.300527370706649,p12,lambda_only
delta_tilt,7.7,77,1.300037830509201,p12,lambda_only
delta_tilt,7.8,78,1.2995619943477774,p12,lambda_only
delta_tilt,7.9,79,1.2990998813502361,p12,lambda_only
delta_tilt,8.0,80,1.298651499037232,p12,lambda_only
delta_tilt,8.1,81,1.2982168439905373,p12,lambda_only
delta_tilt,8.2,82,1.2977959024753758,p12,lambda_only
delta_tilt,8.3,83,1.297388651016193,p12,lambda_only
delta_tilt,8.4,84,1.2970015134715596,p12,lambda_only
delta_tilt,8.5,85,1.2966384412739842,p12,lambda_only
delta_tilt,8.6,86,1.296288563088339,p12,lambda_only
delta_tilt,8.7,87,1.2959518248462965,p12,lambda_only
delta_tilt,8.8,88,1.2956281646008596,p12,lambda_only
delta_tilt,8.9,89,1.2953178277838886,p12,lambda_only
delta_tilt,9.0,90,1.2950233133121898,p12,lambda_only
delta_tilt,9.1,91,1.2947415042804462,p12,lambda_only
delta_tilt,9.2,92,1.2944723112830556,p12,lambda_only
delta_tilt,9.3,93,1.2942156385510732,p12,lambda_only
delta_tilt,9.4,94,1.293971384195238,p12,lambda_only
delta_tilt,9.5,95,1.2937394404293472,p12,lambda_only
delta_tilt,9.6,96,1.2935196937768443,p12,lambda_only
delta_tilt,9.7,97,1.2933120252633377,p12,lambda_only
delta_tilt,9.8,98,1.2931163105975945,p12,lambda_only
delta_tilt,9.9,99,1.2929324203434294,p12,lambda_only
delta_tilt,10.0,100,1.292760220084654,p12,lambda_only
delta_tilt,10.1,101,1.2925995705851154,p12,lambda_only
delta_tilt,10.2,102,1.29245032794561,p12,lambda_only
delta_tilt,10.3,103,1.2923123437592525,p12,lambda_only
delta_tilt,10.4,104,1.2921854652667244,p12,lambda_only
delta_tilt,10.5,105,1.2921097688891516,p12,lambda_only
delta_tilt,10.6,106,1.2921182033488758,p12,lambda_only
delta_tilt,10.7,107,1.2921362580187523,p12,lambda_only
delta_tilt,10.8,108,1.2921637651220528,p12,lambda_only
delta_tilt,10.9,109,1.2922005527173837,p12,lambda_only
delta_tilt,11.0,110,1.2922464448809081,p12,lambda_only
delta_tilt,11.1,111,1.2923012618979945,p12,lambda_only
delta_tilt,11.2,112,1.2923648204637506,p12,lambda_only
delta_tilt,11.3,113,1.292436933891908,p12,lambda_only
delta_tilt,11.4,114,1.2925174123313836,p12,lambda_only
delta_tilt,11.5,115,1.2926060629898237,p12,lambda_only
delta_tilt,11.6,116,1.29270269036339,p12,lambda_only
delta_tilt,11.7,117,1.2928070964720326,p12,lambda_only
delta_tilt,11.8,118,1.2929190810993951,p12,lambda_only
delta_tilt,11.9,119,1.2930384420365875,p12,lambda_only
delta_tilt,12.0,120,1.2931649753289454,p12,lambda_only
delta_tilt,12.1,121,1.2932984755249648,p12,lambda_only
delta_tilt,12.2,122,1.2934387359265713,p12,lambda_only
delta_tilt,12.3,123,1.2935855488398735,p12,lambda_only
delta_tilt,12.4,124,1.2937387058256307,p12,lambda_only
delta_tilt,12.5,125,1.2938979979485954,p12,lambda_only
delta_tilt,12.6,126,1.2940632160249794,p12,lambda_only
delta_tilt,12.7,127,1.2942341508672972,p12,lambda_only
delta_tilt,12.8,128,1.2944105935258694,p12,lambda_only
delta_tilt,12.9,129,1.294592335526293,p12,lambda_only
delta_tilt,13.0,130,1.2947791691022543,p12,lambda_only
delta_tilt,13.1,131,1.2949708874230559,p12,lambda_only
delta_tilt,13.2,132,1.2951672848153077,p12,lambda_only
delta_tilt,13.3,133,1.2953681569782318,p12,lambda_only
delta_tilt,13.4,134,1.295573301192134,p12,lambda_only
delta_tilt,13.5,135,1.2957825165195662,p12,lambda_only
delta_tilt,13.6,136,1.2959956039987965,p12,lambda_only
delta_tilt,13.7,137,1.2962123668292507,p12,lambda_only
delta_tilt,13.8,138,1.296432610548581,p12,lambda_only
delta_tilt,13.9,139,1.2966561432011392,p12,lambda_only
delta_tilt,14.0,140,1.2968827754975796,p12,lambda_only
delta_tilt,14.1,141,1.2971123209654714,p12,lambda_only
delta_tilt,14.2,142,1.2973445960907275,p12,lambda_only
delta_tilt,14.3,143,1.2975848446352949,p12,lambda_only
delta_tilt,14.4,144,1.2978299571595036,p12,lambda_only
delta_tilt,14.5,145,1.2981098529410797,p12,lambda_only
delta_tilt,14.6,146,1.2984006293323163,p12,lambda_only
delta_tilt,14.7,147,1.29871131284102,p12,lambda_only
delta_tilt,14.8,148,1.2990361003191675,p12,lambda_only
delta_tilt,14.9,149,1.2993609114740796,p12,lambda_only
delta_tilt,15.0,150,1.2996856028565964,p12,lambda_only
delta_tilt,0.0,0,1.3699998618518126,p12,family_and_parameter
delta_tilt,0.1,1,1.3791252320902052,p12,family_and_parameter
delta_tilt,0.2,2,1.3781027830465795,p12,family_and_parameter
delta_tilt,0.3,3,1.3770429965539148,p12,family_and_parameter
delta_tilt,0.4,4,1.3759620400154537,p12,family_and_parameter
delta_tilt,0.5,5,1.3748681125503683,p12,family_and_parameter
delta_tilt,0.6,6,1.3737703567864321,p12,family_and_parameter
delta_tilt,0.7,7,1.3726372190785718,p12,family_and_parameter
delta_tilt,0.8,8,1.3714702223010957,p12,family_and_parameter
delta_tilt,0.9,9,1.3702708371995824,p12,family_and_parameter
delta_tilt,1.0,10,1.3690404851590903,p12,family_and_parameter
delta_tilt,1.1,11,1.3677805413510709,p12,family_and_parameter
delta_tilt,1.2,12,1.3664923382157785,p12,family_and_parameter
delta_tilt,1.3,13,1.3651771692312635,p12,family_and_parameter
delta_tilt,1.4,14,1.3638362929149666,p12,family_and_parameter
delta_tilt,1.5,15,1.3624959926976157,p12,family_and_parameter
delta_tilt,1.6,16,1.3611569313779062,p12,family_and_parameter
delta_tilt,1.7,17,1.3598779472320996,p12,family_and_parameter
delta_tilt,1.8,18,1.3585769579890976,p12,family_and_parameter
delta_tilt,1.9,19,1.357316114446537,p12,family_and_parameter
delta_tilt,2.0,20,1.3560942416478945,p12,family_and_parameter
delta_tilt,2.1,21,1.354851795830094,p12,family_and_parameter
delta_tilt,2.2,22,1.3535897995361343,p12,family_and_parameter
delta_tilt,2.3,23,1.3523471428117573,p12,family_and_parameter
delta_tilt,2.4,24,1.351093822968162,p12,family_and_parameter
delta_tilt,2.5,25,1.3498408334530672,p12,family_and_parameter
delta_tilt,2.6,26,1.348605869632239,p12,family_and_parameter
delta_tilt,2.7,27,1.3473560385612964,p12,family_and_parameter
delta_tilt,2.8,28,1.3460923338365502,p12,family_and_parameter
delta_tilt,2.9,29,1.34481576503592,p12,family_and_parameter
delta_tilt,3.0,30,1.3435273590618118,p12,family_and_parameter
delta_tilt,3.1,31,1.3422281610357059,p12,family_and_parameter
delta_tilt,3.2,32,1.340919234736159,p12,family_and_parameter
delta_tilt,3.3,33,1.3396100334548784,p12,family_and_parameter
delta_tilt,3.4,34,1.3383042350711076,p12,family_and_parameter
delta_tilt,3.5,35,1.3369932159353866,p12,family_and_parameter
delta_tilt,3.6,36,1.335690692117782,p12,family_and_parameter
delta_tilt,3.7,37,1.334400637372884,p12,family_and_parameter
delta_tilt,3.8,38,1.3331450485295016,p12,family_and_parameter
delta_tilt,3.9,39,1.3318882617892582,p12,family_and_parameter
delta_tilt,4.0,40,1.3306568543355826,p12,family_and_parameter
delta_tilt,4.1,41,1.329430069715603,p12,family_and_parameter
delta_tilt,4.2,42,1.3282055627332185,p12,family_and_parameter
delta_tilt,4.3,43,1.326984392890098,p12,family_and_parameter
delta_tilt,4.4,44,1.3257676158646952,p12,family_and_parameter
delta_tilt,4.5,45,1.32455627975626,p12,family_and_parameter
delta_tilt,4.6,46,1.323351421282569,p12,family_and_parameter
delta_tilt,4.7,47,1.3221540619828591,p12,family_and_parameter
delta_tilt,4.8,48,1.3209652044769098,p12,family_and_parameter
delta_tilt,4.9,49,1.3197858288295954,p12,family_and_parameter
delta_tilt,5.0,50,1.318742994783642,p12,family_and_parameter
delta_tilt,5.1,51,1.317856853630517,p12,family_and_parameter
delta_tilt,5.2,52,1.3169785977509192,p12,family_and_parameter
delta_tilt,5.3,53,1.316108790148762,p12,family_and_parameter
delta_tilt,5.4,54,1.3152479723072437,p12,family_and_parameter
delta_tilt,5.5,55,1.314396662939002,p12,family_and_parameter
delta_tilt,5.6,56,1.3135620897097307,p12,family_and_parameter
delta_tilt,5.7,57,1.3127608500967145,p12,family_and_parameter
delta_tilt,5.8,58,1.3119745060900103,p12,family_and_parameter
delta_tilt,5.9,59,1.3111993914537996,p12,family_and_parameter
delta_tilt,6.0,60,1.3104414968935358,p12,family_and_parameter
delta_tilt,6.1,61,1.3097042036130566,p12,family_and_parameter
delta_tilt,6.2,62,1.3089790100527117,p12,family_and_parameter
delta_tilt,6.3,63,1.3082662061161652,p12,family_and_parameter
delta_tilt,6.4,64,1.3075694462215313,p12,family_and_parameter
delta_tilt,6.5,65,1.306894726840942,p12,family_and_parameter
delta_tilt,6.6,66,1.3062328106049808,p12,family_and_parameter
delta_tilt,6.7,67,1.305583905538239,p12,family_and_parameter
delta_tilt,6.8,68,1.3049481985599505,p12,family_and_parameter
delta_tilt,6.9,69,1.3043334737619996,p12,family_and_parameter
delta_tilt,7.0,70,1.3037496751227717,p12,family_and_parameter
delta_tilt,7.1,71,1.303179057091984,p12,family_and_parameter
delta_tilt,7.2,72,1.3026217419963182,p12,family_and_parameter
delta_tilt,7.3,73,1.3020778348722395,p12,family_and_parameter
delta_tilt,7.4,74,1.3015474243438834,p12,family_and_parameter
delta_tilt,7.5,75,1.3010305834923046,p12,family_and_parameter
delta_tilt,7.6,76,1.300527370706649,p12,family_and_parameter
delta_tilt,7.7,77,1.300037830509201,p12,family_and_parameter
delta_tilt,7.8,78,1.2995619943477774,p12,family_and_parameter
delta_tilt,7.9,79,1.2990998813502361,p12,family_and_parameter
delta_tilt,8.0,80,1.298651499037232,p12,family_and_parameter
delta_tilt,8.1,81,1.2982168439905373,p12,family_and_parameter
delta_tilt,8.2,82,1.2977959024753758,p12,family_and_parameter
delta_tilt,8.3,83,1.297388651016193,p12,family_and_parameter
delta_tilt,8.4,84,1.2970015134715596,p12,family_and_parameter
delta_tilt,8.5,85,1.2966384412739842,p12,family_and_parameter
delta_tilt,8.6,86,1.296288563088339,p12,family_and_parameter
delta_tilt,8.7,87,1.2959518248462965,p12,family_and_parameter
delta_tilt,8.8,88,1.2956281646008596,p12,family_and_parameter
delta_tilt,8.9,89,1.2953178277838886,p12,family_and_parameter
delta_tilt,9.0,90,1.2950233133121898,p12,family_and_parameter
delta_tilt,9.1,91,1.2947415042804462,p12,family_and_parameter
delta_tilt,9.2,92,1.2944723112830556,p12,family_and_parameter
delta_tilt,9.3,93,1.2942156385510732,p12,family_and_parameter
delta_tilt,9.4,94,1.293971384195238,p12,family_and_parameter
delta_tilt,9.5,95,1.2937394404293472,p12,family_and_parameter
delta_tilt,9.6,96,1.2935196937768443,p12,family_and_parameter
delta_tilt,9.7,97,1.2933120252633377,p12,family_and_parameter
delta_tilt,9.8,98,1.2931163105975945,p12,family_and_parameter
delta_tilt,9.9,99,1.2929324203434294,p12,family_and_parameter
delta_tilt,10.0,100,1.292760220084654,p12,family_and_parameter
delta_tilt,10.1,101,1.2925995705851154,p12,family_and_parameter
delta_tilt,10.2,102,1.29245032794561,p12,family_and_parameter
delta_tilt,10.3,103,1.2923123437592525,p12,family_and_parameter
delta_tilt,10.4,104,1.2921854652667244,p12,family_and_parameter
delta_tilt,10.5,105,1.2921097688891516,p12,family_and_parameter
delta_tilt,10.6,106,1.2921182033488758,p12,family_and_parameter
delta_tilt,10.7,107,1.2921362580187523,p12,family_and_parameter
delta_tilt,10.8,108,1.2921637651220528,p12,family_and_parameter
delta_tilt,10.9,109,1.2922005527173837,p12,family_and_parameter
delta_tilt,11.0,110,1.2922464448809081,p12,family_and_parameter
delta_tilt,11.1,111,1.2923012618979945,p12,family_and_parameter
delta_tilt,11.2,112,1.2923648204637506,p12,family_and_parameter
delta_tilt,11.3,113,1.292436933891908,p12,family_and_parameter
delta_tilt,11.4,114,1.2925174123313836,p12,family_and_parameter
delta_tilt,11.5,115,1.2926060629898237,p12,family_and_parameter
delta_tilt,11.6,116,1.29270269036339,p12,family_and_parameter
delta_tilt,11.7,117,1.2928070964720326,p12,family_and_parameter
delta_tilt,11.8,118,1.2929190810993951,p12,family_and_parameter
delta_tilt,11.9,119,1.2930384420365875,p12,family_and_parameter
delta_tilt,12.0,120,1.2931649753289454,p12,family_and_parameter
delta_tilt,12.1,121,1.2932984755249648,p12,family_and_parameter
delta_tilt,12.2,122,1.2934387359265713,p12,family_and_parameter
delta_tilt,12.3,123,1.2935855488398735,p12,family_and_parameter
delta_tilt,12.4,124,1.2937387058256307,p12,family_and_parameter
delta_tilt,12.5,125,1.2938979979485954,p12,family_and_parameter
delta_tilt,12.6,126,1.2940632160249794,p12,family_and_parameter
delta_tilt,12.7,127,1.2942341508672972,p12,family_and_parameter
delta_tilt,12.8,128,1.2944105935258694,p12,family_and_parameter
delta_tilt,12.9,129,1.294592335526293,p12,family_and_parameter
delta_tilt,13.0,130,1.2947791691022543,p12,family_and_parameter
delta_tilt,13.1,131,1.2949708874230559,p12,family_and_parameter
delta_tilt,13.2,132,1.2951672848153077,p12,family_and_parameter
delta_tilt,13.3,133,1.2953681569782318,p12,family_and_parameter
delta_tilt,13.4,134,1.295573301192134,p12,family_and_parameter
delta_tilt,13.5,135,1.2957825165195662,p12,family_and_parameter
delta_tilt,13.6,136,1.2959956039987965,p12,family_and_parameter
delta_tilt,13.7,137,1.2962123668292507,p12,family_and_parameter
delta_tilt,13.8,138,1.296432610548581,p12,family_and_parameter
delta_tilt,13.9,139,1.2966561432011392,p12,family_and_parameter
delta_tilt,14.0,140,1.2968827754975796,p12,family_and_parameter
delta_tilt,14.1,141,1.2971123209654714,p12,family_and_parameter
delta_tilt,14.2,142,1.2973445960907275,p12,family_and_parameter
delta_tilt,14.3,143,1.2975848446352949,p12,family_and_parameter
delta_tilt,14.4,144,1.2978299571595036,p12,family_and_parameter
delta_tilt,14.5,145,1.2981098529410797,p12,family_and_parameter
delta_tilt,14.6,146,1.2984006293323163,p12,family_and_parameter
delta_tilt,14.7,147,1.29871131284102,p12,family_and_parameter
delta_tilt,14.8,148,1.2990361003191675,p12,family_and_parameter
delta_tilt,14.9,149,1.2993609114740796,p12,family_and_parameter
delta_tilt,15.0,150,1.2996856028565964,p12,family_and_parameter
base_mean,,151,1.3699998618518126,p12,family_and_parameter
variance,,152,1.380107141732329,p12,family_and_parameter
upper_70,,153,1.3878596791947686,p12,family_and_parameter
upper_80,,154,1.3788401249256081,p12,family_and_parameter
upper_90,,155,1.7763032066290132,p12,family_and_parameter
upper_tail_area_70,,156,1.5148530752925653,p12,family_and_parameter
delta_tilt,0.0,0,1.3392255623872198,p13,lambda_only
delta_tilt,0.1,1,1.3233476272167557,p13,lambda_only
delta_tilt,0.2,2,1.3223884934491958,p13,lambda_only
delta_tilt,0.3,3,1.3213924631079033,p13,lambda_only
delta_tilt,0.4,4,1.3203627302726193,p13,lambda_only
delta_tilt,0.5,5,1.3192968941607413,p13,lambda_only
delta_tilt,0.6,6,1.318196163734667,p13,lambda_only
delta_tilt,0.7,7,1.3170617225154067,p13,lambda_only
delta_tilt,0.8,8,1.3158947291268073,p13,lambda_only
delta_tilt,0.9,9,1.3146963183430083,p13,lambda_only
delta_tilt,1.0,10,1.3134676026084386,p13,lambda_only
delta_tilt,1.1,11,1.3122384671402365,p13,lambda_only
delta_tilt,1.2,12,1.3109939184614174,p13,lambda_only
delta_tilt,1.3,13,1.3098190289580536,p13,lambda_only
delta_tilt,1.4,14,1.3086174503715224,p13,lambda_only
delta_tilt,1.5,15,1.3074136864317782,p13,lambda_only
delta_tilt,1.6,16,1.3062606858210732,p13,lambda_only
delta_tilt,1.7,17,1.305181348697733,p13,lambda_only
delta_tilt,1.8,18,1.3040754319243941,p13,lambda_only
delta_tilt,1.9,19,1.302943852773856,p13,lambda_only
delta_tilt,2.0,20,1.3017875325955652,p13,lambda_only
delta_tilt,2.1,21,1.3006424549827746,p13,lambda_only
delta_tilt,2.2,22,1.2994851285904023,p13,lambda_only
delta_tilt,2.3,23,1.2983063866774764,p13,lambda_only
delta_tilt,2.4,24,1.2971071618335317,p13,lambda_only
delta_tilt,2.5,25,1.2958884049148662,p13,lambda_only
delta_tilt,2.6,26,1.294651087406504,p13,lambda_only
delta_tilt,2.7,27,1.293399082890405,p13,lambda_only
delta_tilt,2.8,28,1.2921315880730606,p13,lambda_only
delta_tilt,2.9,29,1.290848818063813,p13,lambda_only
delta_tilt,3.0,30,1.2895518365934622,p13,lambda_only
delta_tilt,3.1,31,1.2882417340935146,p13,lambda_only
delta_tilt,3.2,32,1.2869272289497071,p13,lambda_only
delta_tilt,3.3,33,1.2856246061924466,p13,lambda_only
delta_tilt,3.4,34,1.2843286747881868,p13,lambda_only
delta_tilt,3.5,35,1.2830243562254378,p13,lambda_only
delta_tilt,3.6,36,1.281722193585585,p13,lambda_only
delta_tilt,3.7,37,1.2804170488305038,p13,lambda_only
delta_tilt,3.8,38,1.279106431367842,p13,lambda_only
delta_tilt,3.9,39,1.2777915856885382,p13,lambda_only
delta_tilt,4.0,40,1.2764737672462367,p13,lambda_only
delta_tilt,4.1,41,1.2751542388291142,p13,lambda_only
delta_tilt,4.2,42,1.2738342666734608,p13,lambda_only
delta_tilt,4.3,43,1.2725151163671982,p13,lambda_only
delta_tilt,4.4,44,1.2712326436283898,p13,lambda_only
delta_tilt,4.5,45,1.269983931270866,p13,lambda_only
delta_tilt,4.6,46,1.268740206325181,p13,lambda_only
delta_tilt,4.7,47,1.2676321328441473,p13,lambda_only
delta_tilt,4.8,48,1.2666213379600362,p13,lambda_only
delta_tilt,4.9,49,1.2656906042227867,p13,lambda_only
delta_tilt,5.0,50,1.264765326360155,p13,lambda_only
delta_tilt,5.1,51,1.2638462021775785,p13,lambda_only
delta_tilt,5.2,52,1.262933909483483,p13,lambda_only
delta_tilt,5.3,53,1.2620439458772659,p13,lambda_only
delta_tilt,5.4,54,1.2611648883029862,p13,lambda_only
delta_tilt,5.5,55,1.2603010627736773,p13,lambda_only
delta_tilt,5.6,56,1.259469345200626,p13,lambda_only
delta_tilt,5.7,57,1.2586492663910616,p13,lambda_only
delta_tilt,5.8,58,1.2578473010683544,p13,lambda_only
delta_tilt,5.9,59,1.2570694472729684,p13,lambda_only
delta_tilt,6.0,60,1.2563026463328648,p13,lambda_only
delta_tilt,6.1,61,1.255546709769184,p13,lambda_only
delta_tilt,6.2,62,1.254823167722176,p13,lambda_only
delta_tilt,6.3,63,1.2541160937215337,p13,lambda_only
delta_tilt,6.4,64,1.2534340607889631,p13,lambda_only
delta_tilt,6.5,65,1.2527791443713994,p13,lambda_only
delta_tilt,6.6,66,1.252136354363481,p13,lambda_only
delta_tilt,6.7,67,1.251505947076014,p13,lambda_only
delta_tilt,6.8,68,1.2508881560734497,p13,lambda_only
delta_tilt,6.9,69,1.25028319297234,p13,lambda_only
delta_tilt,7.0,70,1.2496912482969946,p13,lambda_only
delta_tilt,7.1,71,1.2491124923758083,p13,lambda_only
delta_tilt,7.2,72,1.2485470762627078,p13,lambda_only
delta_tilt,7.3,73,1.2479951326695313,p13,lambda_only
delta_tilt,7.4,74,1.2474567768965026,p13,lambda_only
delta_tilt,7.5,75,1.2469321077495095,p13,lambda_only
delta_tilt,7.6,76,1.246428051159901,p13,lambda_only
delta_tilt,7.7,77,1.2459513805103293,p13,lambda_only
delta_tilt,7.8,78,1.2454881949626664,p13,lambda_only
delta_tilt,7.9,79,1.2450385437655414,p13,lambda_only
delta_tilt,8.0,80,1.2446024630467059,p13,lambda_only
delta_tilt,8.1,81,1.2441799765365278,p13,lambda_only
delta_tilt,8.2,82,1.2437710962453632,p13,lambda_only
delta_tilt,8.3,83,1.243375823093738,p13,lambda_only
delta_tilt,8.4,84,1.242994147495196,p13,lambda_only
delta_tilt,8.5,85,1.2426260498925654,p13,lambda_only
delta_tilt,8.6,86,1.2422731750368015,p13,lambda_only
delta_tilt,8.7,87,1.2419387681829057,p13,lambda_only
delta_tilt,8.8,88,1.2416220778745328,p13,lambda_only
delta_tilt,8.9,89,1.2413187524075069,p13,lambda_only
delta_tilt,9.0,90,1.2410287253480747,p13,lambda_only
delta_tilt,9.1,91,1.2407519227726123,p13,lambda_only
delta_tilt,9.2,92,1.2404882635366836,p13,lambda_only
delta_tilt,9.3,93,1.2402376595197673,p13,lambda_only
delta_tilt,9.4,94,1.2400000158489013,p13,lambda_only
delta_tilt,9.5,95,1.2397752311044066,p13,lambda_only
delta_tilt,9.6,96,1.2395631975106909,p13,lambda_only
delta_tilt,9.7,97,1.239363801115011,p13,lambda_only
delta_tilt,9.8,98,1.2391769219568605,p13,lambda_only
delta_tilt,9.9,99,1.2390024342304373,p13,lambda_only
delta_tilt,10.0,100,1.238840206442452,p13,lambda_only
delta_tilt,10.1,101,1.238690101567311,p13,lambda_only
delta_tilt,10.2,102,1.2385519772014617,p13,lambda_only
delta_tilt,10.3,103,1.2384256857184899,p13,lambda_only
delta_tilt,10.4,104,1.2383110744263275,p13,lambda_only
delta_tilt,10.5,105,1.2382079857277177,p13,lambda_only
delta_tilt,10.6,106,1.2381162572848934,p13,lambda_only
delta_tilt,10.7,107,1.2380357221892027,p13,lambda_only
delta_tilt,10.8,108,1.237966209136265,p13,lambda_only
delta_tilt,10.9,109,1.2379075426070634,p13,lambda_only
delta_tilt,11.0,110,1.2378595430552117,p13,lambda_only
delta_tilt,11.1,111,1.237822027100503,p13,lambda_only
delta_tilt,11.2,112,1.2377948077287029,p13,lambda_only
delta_tilt,11.3,113,1.237777694497461,p13,lambda_only
delta_tilt,11.4,114,1.237770493748076,p13,lambda_only
delta_tilt,11.5,115,1.2377730088227765,p13,lambda_only
delta_tilt,11.6,116,1.2377850402871144,p13,lambda_only
delta_tilt,11.7,117,1.2378063861569477,p13,lambda_only
delta_tilt,11.8,118,1.2378368421294934,p13,lambda_only
delta_tilt,11.9,119,1.2378762018178509,p13,lambda_only
delta_tilt,12.0,120,1.2379242569883584,p13,lambda_only
delta_tilt,12.1,121,1.2379807978001138,p13,lambda_only
delta_tilt,12.2,122,1.2380456130460045,p13,lambda_only
delta_tilt,12.3,123,1.2381184903945186,p13,lambda_only
delta_tilt,12.4,124,1.2381992166316746,p13,lambda_only
delta_tilt,12.5,125,1.2382875779023244,p13,lambda_only
delta_tilt,12.6,126,1.2383833599501954,p13,lambda_only
delta_tilt,12.7,127,1.2384863483559383,p13,lambda_only
delta_tilt,12.8,128,1.2385963287725592,p13,lambda_only
delta_tilt,12.9,129,1.2387130871575676,p13,lambda_only
delta_tilt,13.0,130,1.2388364100012372,p13,lambda_only
delta_tilt,13.1,131,1.2389660845503987,p13,lambda_only
delta_tilt,13.2,132,1.2391018990271883,p13,lambda_only
delta_tilt,13.3,133,1.239243642842244,p13,lambda_only
delta_tilt,13.4,134,1.239391106801871,p13,lambda_only
delta_tilt,13.5,135,1.2395440833086853,p13,lambda_only
delta_tilt,13.6,136,1.2397498575961718,p13,lambda_only
delta_tilt,13.7,137,1.24001222036791,p13,lambda_only
delta_tilt,13.8,138,1.240308298802797,p13,lambda_only
delta_tilt,13.9,139,1.2406065580344572,p13,lambda_only
delta_tilt,14.0,140,1.2409068040716975,p13,lambda_only
delta_tilt,14.1,141,1.241208847147725,p13,lambda_only
delta_tilt,14.2,142,1.2415125018203137,p13,lambda_only
delta_tilt,14.3,143,1.2418214937166867,p13,lambda_only
delta_tilt,14.4,144,1.2421335438616894,p13,lambda_only
delta_tilt,14.5,145,1.2424467188535144,p13,lambda_only
delta_tilt,14.6,146,1.2427608487514963,p13,lambda_only
delta_tilt,14.7,147,1.2430757683308504,p13,lambda_only
delta_tilt,14.8,148,1.2433913171185622,p13,lambda_only
delta_tilt,14.9,149,1.243707339419219,p13,lambda_only
delta_tilt,15.0,150,1.2440258539395244,p13,lambda_only
delta_tilt,0.0,0,1.3392255623872198,p13,family_and_parameter
delta_tilt,0.1,1,1.3233476272167557,p13,family_and_parameter
delta_tilt,0.2,2,1.3223884934491958,p13,family_and_parameter
delta_tilt,0.3,3,1.3213924631079033,p13,family_and_parameter
delta_tilt,0.4,4,1.3203627302726193,p13,family_and_parameter
delta_tilt,0.5,5,1.3192968941607413,p13,family_and_parameter
delta_tilt,0.6,6,1.318196163734667,p13,family_and_parameter
delta_tilt,0.7,7,1.3170617225154067,p13,family_and_parameter
delta_tilt,0.8,8,1.3158947291268073,p13,family_and_parameter
delta_tilt,0.9,9,1.3146963183430083,p13,family_and_parameter
delta_tilt,1.0,10,1.3134676026084386,p13,family_and_parameter
delta_tilt,1.1,11,1.3122384671402365,p13,family_and_parameter
delta_tilt,1.2,12,1.3109939184614174,p13,family_and_parameter
delta_tilt,1.3,13,1.3098190289580536,p13,family_and_parameter
delta_tilt,1.4,14,1.3086174503715224,p13,family_and_parameter
delta_tilt,1.5,15,1.3074136864317782,p13,family_and_parameter
delta_tilt,1.6,16,1.3062606858210732,p13,family_and_parameter
delta_tilt,1.7,17,1.305181348697733,p13,family_and_parameter
delta_tilt,1.8,18,1.3040754319243941,p13,family_and_parameter
delta_tilt,1.9,19,1.302943852773856,p13,family_and_parameter
delta_tilt,2.0,20,1.3017875325955652,p13,family_and_parameter
delta_tilt,2.1,21,1.3006424549827746,p13,family_and_parameter
delta_tilt,2.2,22,1.2994851285904023,p13,family_and_parameter
delta_tilt,2.3,23,1.2983063866774764,p13,family_and_parameter
delta_tilt,2.4,24,1.2971071618335317,p13,family_and_parameter
delta_tilt,2.5,25,1.2958884049148662,p13,family_and_parameter
delta_tilt,2.6,26,1.294651087406504,p13,family_and_parameter
delta_tilt,2.7,27,1.293399082890405,p13,family_and_parameter
delta_tilt,2.8,28,1.2921315880730606,p13,family_and_parameter
delta_tilt,2.9,29,1.290848818063813,p13,family_and_parameter
delta_tilt,3.0,30,1.2895518365934622,p13,family_and_parameter
delta_tilt,3.1,31,1.2882417340935146,p13,family_and_parameter
delta_tilt,3.2,32,1.2869272289497071,p13,family_and_parameter
delta_tilt,3.3,33,1.2856246061924466,p13,family_and_parameter
delta_tilt,3.4,34,1.2843286747881868,p13,family_and_parameter
delta_tilt,3.5,35,1.2830243562254378,p13,family_and_parameter
delta_tilt,3.6,36,1.281722193585585,p13,family_and_parameter
delta_tilt,3.7,37,1.2804170488305038,p13,family_and_parameter
delta_tilt,3.8,38,1.279106431367842,p13,family_and_parameter
delta_tilt,3.9,39,1.2777915856885382,p13,family_and_parameter
delta_tilt,4.0,40,1.2764737672462367,p13,family_and_parameter
delta_tilt,4.1,41,1.2751542388291142,p13,family_and_parameter
delta_tilt,4.2,42,1.2738342666734608,p13,family_and_parameter
delta_tilt,4.3,43,1.2725151163671982,p13,family_and_parameter
delta_tilt,4.4,44,1.2712326436283898,p13,family_and_parameter
delta_tilt,4.5,45,1.269983931270866,p13,family_and_parameter
delta_tilt,4.6,46,1.268740206325181,p13,family_and_parameter
delta_tilt,4.7,47,1.2676321328441473,p13,family_and_parameter
delta_tilt,4.8,48,1.2666213379600362,p13,family_and_parameter
delta_tilt,4.9,49,1.2656906042227867,p13,family_and_parameter
delta_tilt,5.0,50,1.264765326360155,p13,family_and_parameter
delta_tilt,5.1,51,1.2638462021775785,p13,family_and_parameter
delta_tilt,5.2,52,1.262933909483483,p13,family_and_parameter
delta_tilt,5.3,53,1.2620439458772659,p13,family_and_parameter
delta_tilt,5.4,54,1.2611648883029862,p13,family_and_parameter
delta_tilt,5.5,55,1.2603010627736773,p13,family_and_parameter
delta_tilt,5.6,56,1.259469345200626,p13,family_and_parameter
delta_tilt,5.7,57,1.2586492663910616,p13,family_and_parameter
delta_tilt,5.8,58,1.2578473010683544,p13,family_and_parameter
delta_tilt,5.9,59,1.2570694472729684,p13,family_and_parameter
delta_tilt,6.0,60,1.2563026463328648,p13,family_and_parameter
delta_tilt,6.1,61,1.255546709769184,p13,family_and_parameter
delta_tilt,6.2,62,1.254823167722176,p13,family_and_parameter
delta_tilt,6.3,63,1.2541160937215337,p13,family_and_parameter
delta_tilt,6.4,64,1.2534340607889631,p13,family_and_parameter
delta_tilt,6.5,65,1.2527791443713994,p13,family_and_parameter
delta_tilt,6.6,66,1.252136354363481,p13,family_and_parameter
delta_tilt,6.7,67,1.251505947076014,p13,family_and_parameter
delta_tilt,6.8,68,1.2508881560734497,p13,family_and_parameter
delta_tilt,6.9,69,1.25028319297234,p13,family_and_parameter
delta_tilt,7.0,70,1.2496912482969946,p13,family_and_parameter
delta_tilt,7.1,71,1.2491124923758083,p13,family_and_parameter
delta_tilt,7.2,72,1.2485470762627078,p13,family_and_parameter
delta_tilt,7.3,73,1.2479951326695313,p13,family_and_parameter
delta_tilt,7.4,74,1.2474567768965026,p13,family_and_parameter
delta_tilt,7.5,75,1.2469321077495095,p13,family_and_parameter
delta_tilt,7.6,76,1.246428051159901,p13,family_and_parameter
delta_tilt,7.7,77,1.2459513805103293,p13,family_and_parameter
delta_tilt,7.8,78,1.2454881949626664,p13,family_and_parameter
delta_tilt,7.9,79,1.2450385437655414,p13,family_and_parameter
delta_tilt,8.0,80,1.2446024630467059,p13,family_and_parameter
delta_tilt,8.1,81,1.2441799765365278,p13,family_and_parameter
delta_tilt,8.2,82,1.2437710962453632,p13,family_and_parameter
delta_tilt,8.3,83,1.243375823093738,p13,family_and_parameter
delta_tilt,8.4,84,1.242994147495196,p13,family_and_parameter
delta_tilt,8.5,85,1.2426260498925654,p13,family_and_parameter
delta_tilt,8.6,86,1.2422731750368015,p13,family_and_parameter
delta_tilt,8.7,87,1.2419387681829057,p13,family_and_parameter
delta_tilt,8.8,88,1.2416220778745328,p13,family_and_parameter
delta_tilt,8.9,89,1.2413187524075069,p13,family_and_parameter
delta_tilt,9.0,90,1.2410287253480747,p13,family_and_parameter
delta_tilt,9.1,91,1.2407519227726123,p13,family_and_parameter
delta_tilt,9.2,92,1.2404882635366836,p13,family_and_parameter
delta_tilt,9.3,93,1.2402376595197673,p13,family_and_parameter
delta_tilt,9.4,94,1.2400000158489013,p13,family_and_parameter
delta_tilt,9.5,95,1.2397752311044066,p13,family_and_parameter
delta_tilt,9.6,96,1.2395631975106909,p13,family_and_parameter
delta_tilt,9.7,97,1.239363801115011,p13,family_and_parameter
delta_tilt,9.8,98,1.2391769219568605,p13,family_and_parameter
delta_tilt,9.9,99,1.2390024342304373,p13,family_and_parameter
delta_tilt,10.0,100,1.238840206442452,p13,family_and_parameter
delta_tilt,10.1,101,1.238690101567311,p13,family_and_parameter
delta_tilt,10.2,102,1.2385519772014617,p13,family_and_parameter
delta_tilt,10.3,103,1.2384256857184899,p13,family_and_parameter
delta_tilt,10.4,104,1.2383110744263275,p13,family_and_parameter
delta_tilt,10.5,105,1.2382079857277177,p13,family_and_parameter
delta_tilt,10.6,106,1.2381162572848934,p13,family_and_parameter
delta_tilt,10.7,107,1.2380357221892027,p13,family_and_parameter
delta_tilt,10.8,108,1.237966209136265,p13,family_and_parameter
delta_tilt,10.9,109,1.2379075426070634,p13,family_and_parameter
delta_tilt,11.0,110,1.2378595430552117,p13,family_and_parameter
delta_tilt,11.1,111,1.237822027100503,p13,family_and_parameter
delta_tilt,11.2,112,1.2377948077287029,p13,family_and_parameter
delta_tilt,11.3,113,1.237777694497461,p13,family_and_parameter
delta_tilt,11.4,114,1.237770493748076,p13,family_and_parameter
delta_tilt,11.5,115,1.2377730088227765,p13,family_and_parameter
delta_tilt,11.6,116,1.2377850402871144,p13,family_and_parameter
delta_tilt,11.7,117,1.2378063861569477,p13,family_and_parameter
delta_tilt,11.8,118,1.2378368421294934,p13,family_and_parameter
delta_tilt,11.9,119,1.2378762018178509,p13,family_and_parameter
delta_tilt,12.0,120,1.2379242569883584,p13,family_and_parameter
delta_tilt,12.1,121,1.2379807978001138,p13,family_and_parameter
delta_tilt,12.2,122,1.2380456130460045,p13,family_and_parameter
delta_tilt,12.3,123,1.2381184903945186,p13,family_and_parameter
delta_tilt,12.4,124,1.2381992166316746,p13,family_and_parameter
delta_tilt,12.5,125,1.2382875779023244,p13,family_and_parameter
delta_tilt,12.6,126,1.2383833599501954,p13,family_and_parameter
delta_tilt,12.7,127,1.2384863483559383,p13,family_and_parameter
delta_tilt,12.8,128,1.2385963287725592,p13,family_and_parameter
delta_tilt,12.9,129,1.2387130871575676,p13,family_and_parameter
delta_tilt,13.0,130,1.2388364100012372,p13,family_and_parameter
delta_tilt,13.1,131,1.2389660845503987,p13,family_and_parameter
delta_tilt,13.2,132,1.2391018990271883,p13,family_and_parameter
delta_tilt,13.3,133,1.239243642842244,p13,family_and_parameter
delta_tilt,13.4,134,1.239391106801871,p13,family_and_parameter
delta_tilt,13.5,135,1.2395440833086853,p13,family_and_parameter
delta_tilt,13.6,136,1.2397498575961718,p13,family_and_parameter
delta_tilt,13.7,137,1.24001222036791,p13,family_and_parameter
delta_tilt,13.8,138,1.240308298802797,p13,family_and_parameter
delta_tilt,13.9,139,1.2406065580344572,p13,family_and_parameter
delta_tilt,14.0,140,1.2409068040716975,p13,family_and_parameter
delta_tilt,14.1,141,1.241208847147725,p13,family_and_parameter
delta_tilt,14.2,142,1.2415125018203137,p13,family_and_parameter
delta_tilt,14.3,143,1.2418214937166867,p13,family_and_parameter
delta_tilt,14.4,144,1.2421335438616894,p13,family_and_parameter
delta_tilt,14.5,145,1.2424467188535144,p13,family_and_parameter
delta_tilt,14.6,146,1.2427608487514963,p13,family_and_parameter
delta_tilt,14.7,147,1.2430757683308504,p13,family_and_parameter
delta_tilt,14.8,148,1.2433913171185622,p13,family_and_parameter
delta_tilt,14.9,149,1.243707339419219,p13,family_and_parameter
delta_tilt,15.0,150,1.2440258539395244,p13,family_and_parameter
base_mean,,151,1.3392255623872198,p13,family_and_parameter
variance,,152,1.324267414817858,p13,family_and_parameter
upper_70,,153,1.3330281609664547,p13,family_and_parameter
upper_80,,154,1.3395347625361187,p13,family_and_parameter
upper_90,,155,1.6027398054054165,p13,family_and_parameter
upper_tail_area_70,,156,1.4195446350934862,p13,family_and_parameter
delta_tilt,0.0,0,1.3363122473043163,p14,lambda_only
delta_tilt,0.1,1,1.3381864896924394,p14,lambda_only
delta_tilt,0.2,2,1.3373409017558615,p14,lambda_only
delta_tilt,0.3,3,1.3364521747466094,p14,lambda_only
delta_tilt,0.4,4,1.3355219957655582,p14,lambda_only
delta_tilt,0.5,5,1.3345520072254178,p14,lambda_only
delta_tilt,0.6,6,1.3335438059806026,p14,lambda_only
delta_tilt,0.7,7,1.3324989431209857,p14,lambda_only
delta_tilt,0.8,8,1.3314189244085397,p14,lambda_only
delta_tilt,0.9,9,1.3303052113270428,p14,lambda_only
delta_tilt,1.0,10,1.3291592227065183,p14,lambda_only
delta_tilt,1.1,11,1.3279823368756483,p14,lambda_only
delta_tilt,1.2,12,1.3268019165677143,p14,lambda_only
delta_tilt,1.3,13,1.3256033540188863,p14,lambda_only
delta_tilt,1.4,14,1.3244597189558236,p14,lambda_only
delta_tilt,1.5,15,1.3233443870434505,p14,lambda_only
delta_tilt,1.6,16,1.3222016083874126,p14,lambda_only
delta_tilt,1.7,17,1.3210325315511695,p14,lambda_only
delta_tilt,1.8,18,1.3198382881599093,p14,lambda_only
delta_tilt,1.9,19,1.3186199970714856,p14,lambda_only
delta_tilt,2.0,20,1.3173787685145288,p14,lambda_only
delta_tilt,2.1,21,1.3161333391496968,p14,lambda_only
delta_tilt,2.2,22,1.314893685220736,p14,lambda_only
delta_tilt,2.3,23,1.3136349413916033,p14,lambda_only
delta_tilt,2.4,24,1.3123581818511512,p14,lambda_only
delta_tilt,2.5,25,1.311064489002025,p14,lambda_only
delta_tilt,2.6,26,1.3097549561722042,p14,lambda_only
delta_tilt,2.7,27,1.3084306899219413,p14,lambda_only
delta_tilt,2.8,28,1.307100316260241,p14,lambda_only
delta_tilt,2.9,29,1.3057746875316876,p14,lambda_only
delta_tilt,3.0,30,1.304438188241883,p14,lambda_only
delta_tilt,3.1,31,1.303091977573543,p14,lambda_only
delta_tilt,3.2,32,1.301737232112711,p14,lambda_only
delta_tilt,3.3,33,1.300375145337306,p14,lambda_only
delta_tilt,3.4,34,1.2990069266272986,p14,lambda_only
delta_tilt,3.5,35,1.2976337998103102,p14,lambda_only
delta_tilt,3.6,36,1.2962570012625914,p14,lambda_only
delta_tilt,3.7,37,1.2948807843944272,p14,lambda_only
delta_tilt,3.8,38,1.2935133897965614,p14,lambda_only
delta_tilt,3.9,39,1.2921453026955092,p14,lambda_only
delta_tilt,4.0,40,1.2907777901824513,p14,lambda_only
delta_tilt,4.1,41,1.2894157113661069,p14,lambda_only
delta_tilt,4.2,42,1.2880707230377166,p14,lambda_only
delta_tilt,4.3,43,1.2867297374017148,p14,lambda_only
delta_tilt,4.4,44,1.2853956216053581,p14,lambda_only
delta_tilt,4.5,45,1.2841305461875836,p14,lambda_only
delta_tilt,4.6,46,1.282873725199552,p14,lambda_only
delta_tilt,4.7,47,1.2816262341692608,p14,lambda_only
delta_tilt,4.8,48,1.280473434093214,p14,lambda_only
delta_tilt,4.9,49,1.279487340925725,p14,lambda_only
delta_tilt,5.0,50,1.2785562116815004,p14,lambda_only
delta_tilt,5.1,51,1.2776340282727927,p14,lambda_only
delta_tilt,5.2,52,1.2767213863047335,p14,lambda_only
delta_tilt,5.3,53,1.2758188562540267,p14,lambda_only
delta_tilt,5.4,54,1.2749269822311136,p14,lambda_only
delta_tilt,5.5,55,1.2740462809625932,p14,lambda_only
delta_tilt,5.6,56,1.2731843887245404,p14,lambda_only
delta_tilt,5.7,57,1.2723423935008245,p14,lambda_only
delta_tilt,5.8,58,1.2715128117128953,p14,lambda_only
delta_tilt,5.9,59,1.2707292332528493,p14,lambda_only
delta_tilt,6.0,60,1.2699712269433658,p14,lambda_only
delta_tilt,6.1,61,1.2692271154722075,p14,lambda_only
delta_tilt,6.2,62,1.2685011006746405,p14,lambda_only
delta_tilt,6.3,63,1.2677989142934554,p14,lambda_only
delta_tilt,6.4,64,1.267110893797786,p14,lambda_only
delta_tilt,6.5,65,1.2664399479892892,p14,lambda_only
delta_tilt,6.6,66,1.265788482857646,p14,lambda_only
delta_tilt,6.7,67,1.2651516723304361,p14,lambda_only
delta_tilt,6.8,68,1.2645296370959311,p14,lambda_only
delta_tilt,6.9,69,1.2639224796957496,p14,lambda_only
delta_tilt,7.0,70,1.2633302855802389,p14,lambda_only
delta_tilt,7.1,71,1.2627531241536476,p14,lambda_only
delta_tilt,7.2,72,1.2621910497963487,p14,lambda_only
delta_tilt,7.3,73,1.261644102853128,p14,lambda_only
delta_tilt,7.4,74,1.2611123105783377,p14,lambda_only
delta_tilt,7.5,75,1.260598187257925,p14,lambda_only
delta_tilt,7.6,76,1.2601222650731676,p14,lambda_only
delta_tilt,7.7,77,1.259660800848266,p14,lambda_only
delta_tilt,7.8,78,1.259213793087945,p14,lambda_only
delta_tilt,7.9,79,1.2587812301014996,p14,lambda_only
delta_tilt,8.0,80,1.258363090624804,p14,lambda_only
delta_tilt,8.1,81,1.2579593443865615,p14,lambda_only
delta_tilt,8.2,82,1.25756995261963,p14,lambda_only
delta_tilt,8.3,83,1.2571948685190872,p14,lambda_only
delta_tilt,8.4,84,1.2568340376493783,p14,lambda_only
delta_tilt,8.5,85,1.256487593304182,p14,lambda_only
delta_tilt,8.6,86,1.2561623562571296,p14,lambda_only
delta_tilt,8.7,87,1.2558573334879064,p14,lambda_only
delta_tilt,8.8,88,1.2555672673632816,p14,lambda_only
delta_tilt,8.9,89,1.2552910746616637,p14,lambda_only
delta_tilt,9.0,90,1.2550286592832915,p14,lambda_only
delta_tilt,9.1,91,1.2547799193271152,p14,lambda_only
delta_tilt,9.2,92,1.2545447471983462,p14,lambda_only
delta_tilt,9.3,93,1.254323029700712,p14,lambda_only
delta_tilt,9.4,94,1.2541146481169443,p14,lambda_only
delta_tilt,9.5,95,1.2539194782808245,p14,lambda_only
delta_tilt,9.6,96,1.25373739064383,p14,lambda_only
delta_tilt,9.7,97,1.25357617181011,p14,lambda_only
delta_tilt,9.8,98,1.2534308016984705,p14,lambda_only
delta_tilt,9.9,99,1.2532977308881643,p14,lambda_only
delta_tilt,10.0,100,1.2531768114432587,p14,lambda_only
delta_tilt,10.1,101,1.2530678904751722,p14,lambda_only
delta_tilt,10.2,102,1.252970810247103,p14,lambda_only
delta_tilt,10.3,103,1.252885408284589,p14,lambda_only
delta_tilt,10.4,104,1.2528115174932206,p14,lambda_only
delta_tilt,10.5,105,1.2527489662843665,p14,lambda_only
delta_tilt,10.6,106,1.2526975787095,p14,lambda_only
delta_tilt,10.7,107,1.2526571746035589,p14,lambda_only
delta_tilt,10.8,108,1.2526275697376346,p14,lambda_only
delta_tilt,10.9,109,1.252608575981027,p14,lambda_only
delta_tilt,11.0,110,1.2526000014726753,p14,lambda_only
delta_tilt,11.1,111,1.2526037904437517,p14,lambda_only
delta_tilt,11.2,112,1.252618920011914,p14,lambda_only
delta_tilt,11.3,113,1.252644014258946,p14,lambda_only
delta_tilt,11.4,114,1.252678865023346,p14,lambda_only
delta_tilt,11.5,115,1.2527232613637982,p14,lambda_only
delta_tilt,11.6,116,1.252776989781479,p14,lambda_only
delta_tilt,11.7,117,1.2528398344487304,p14,lambda_only
delta_tilt,11.8,118,1.2529115774433615,p14,lambda_only
delta_tilt,11.9,119,1.2529919989877245,p14,lambda_only
delta_tilt,12.0,120,1.253080877691774,p14,lambda_only
delta_tilt,12.1,121,1.2531779907992182,p14,lambda_only
delta_tilt,12.2,122,1.2532831144359313,p14,lambda_only
delta_tilt,12.3,123,1.2533960238597548,p14,lambda_only
delta_tilt,12.4,124,1.2535164937108287,p14,lambda_only
delta_tilt,12.5,125,1.2536442982616318,p14,lambda_only
delta_tilt,12.6,126,1.2537792116658848,p14,lambda_only
delta_tilt,12.7,127,1.2539210082055292,p14,lambda_only
delta_tilt,12.8,128,1.2540694625350093,p14,lambda_only
delta_tilt,12.9,129,1.2542243499221135,p14,lambda_only
delta_tilt,13.0,130,1.2543854464846595,p14,lambda_only
delta_tilt,13.1,131,1.2545525294223823,p14,lambda_only
delta_tilt,13.2,132,1.2547253772433453,p14,lambda_only
delta_tilt,13.3,133,1.2549037699843548,p14,lambda_only
delta_tilt,13.4,134,1.255087489424767,p14,lambda_only
delta_tilt,13.5,135,1.2552763192932337,p14,lambda_only
delta_tilt,13.6,136,1.2554700454669228,p14,lambda_only
delta_tilt,13.7,137,1.255668456162793,p14,lambda_only
delta_tilt,13.8,138,1.2558713421205743,p14,lambda_only
delta_tilt,13.9,139,1.2560784967771401,p14,lambda_only
delta_tilt,14.0,140,1.2562897164319882,p14,lambda_only
delta_tilt,14.1,141,1.256504800403628,p14,lambda_only
delta_tilt,14.2,142,1.256745083638717,p14,lambda_only
delta_tilt,14.3,143,1.257004040566862,p14,lambda_only
delta_tilt,14.4,144,1.2572650760741702,p14,lambda_only
delta_tilt,14.5,145,1.2575280167117915,p14,lambda_only
delta_tilt,14.6,146,1.257792693651528,p14,lambda_only
delta_tilt,14.7,147,1.2580589427210749,p14,lambda_only
delta_tilt,14.8,148,1.258326604429953,p14,lambda_only
delta_tilt,14.9,149,1.2585955239864492,p14,lambda_only
delta_tilt,15.0,150,1.2588655513058886,p14,lambda_only
delta_tilt,0.0,0,1.3363122473043163,p14,family_and_parameter
delta_tilt,0.1,1,1.3381864896924394,p14,family_and_parameter
delta_tilt,0.2,2,1.3373409017558615,p14,family_and_parameter
delta_tilt,0.3,3,1.3364521747466094,p14,family_and_parameter
delta_tilt,0.4,4,1.3355219957655582,p14,family_and_parameter
delta_tilt,0.5,5,1.3345520072254178,p14,family_and_parameter
delta_tilt,0.6,6,1.3335438059806026,p14,family_and_parameter
delta_tilt,0.7,7,1.3324989431209857,p14,family_and_parameter
delta_tilt,0.8,8,1.3314189244085397,p14,family_and_parameter
delta_tilt,0.9,9,1.3303052113270428,p14,family_and_parameter
delta_tilt,1.0,10,1.3291592227065183,p14,family_and_parameter
delta_tilt,1.1,11,1.3279823368756483,p14,family_and_parameter
delta_tilt,1.2,12,1.3268019165677143,p14,family_and_parameter
delta_tilt,1.3,13,1.3256033540188863,p14,family_and_parameter
delta_tilt,1.4,14,1.3244597189558236,p14,family_and_parameter
delta_tilt,1.5,15,1.3233443870434505,p14,family_and_parameter
delta_tilt,1.6,16,1.3222016083874126,p14,family_and_parameter
delta_tilt,1.7,17,1.3210325315511695,p14,family_and_parameter
delta_tilt,1.8,18,1.3198382881599093,p14,family_and_parameter
delta_tilt,1.9,19,1.3186199970714856,p14,family_and_parameter
delta_tilt,2.0,20,1.3173787685145288,p14,family_and_parameter
delta_tilt,2.1,21,1.3161333391496968,p14,family_and_parameter
delta_tilt,2.2,22,1.314893685220736,p14,family_and_parameter
delta_tilt,2.3,23,1.3136349413916033,p14,family_and_parameter
delta_tilt,2.4,24,1.3123581818511512,p14,family_and_parameter
delta_tilt,2.5,25,1.311064489002025,p14,family_and_parameter
delta_tilt,2.6,26,1.3097549561722042,p14,family_and_parameter
delta_tilt,2.7,27,1.3084306899219413,p14,family_and_parameter
delta_tilt,2.8,28,1.307100316260241,p14,family_and_parameter
delta_tilt,2.9,29,1.3057746875316876,p14,family_and_parameter
delta_tilt,3.0,30,1.304438188241883,p14,family_and_parameter
delta_tilt,3.1,31,1.303091977573543,p14,family_and_parameter
delta_tilt,3.2,32,1.301737232112711,p14,family_and_parameter
delta_tilt,3.3,33,1.300375145337306,p14,family_and_parameter
delta_tilt,3.4,34,1.2990069266272986,p14,family_and_parameter
delta_tilt,3.5,35,1.2976337998103102,p14,family_and_parameter
delta_tilt,3.6,36,1.2962570012625914,p14,family_and_parameter
delta_tilt,3.7,37,1.2948807843944272,p14,family_and_parameter
delta_tilt,3.8,38,1.2935133897965614,p14,family_and_parameter
delta_tilt,3.9,39,1.2921453026955092,p14,family_and_parameter
delta_tilt,4.0,40,1.2907777901824513,p14,family_and_parameter
delta_tilt,4.1,41,1.2894157113661069,p14,family_and_parameter
delta_tilt,4.2,42,1.2880707230377166,p14,family_and_parameter
delta_tilt,4.3,43,1.2867297374017148,p14,family_and_parameter
delta_tilt,4.4,44,1.2853956216053581,p14,family_and_parameter
delta_tilt,4.5,45,1.2841305461875836,p14,family_and_parameter
delta_tilt,4.6,46,1.282873725199552,p14,family_and_parameter
delta_tilt,4.7,47,1.2816262341692608,p14,family_and_parameter
delta_tilt,4.8,48,1.280473434093214,p14,family_and_parameter
delta_tilt,4.9,49,1.279487340925725,p14,family_and_parameter
delta_tilt,5.0,50,1.2785562116815004,p14,family_and_parameter
delta_tilt,5.1,51,1.2776340282727927,p14,family_and_parameter
delta_tilt,5.2,52,1.2767213863047335,p14,family_and_parameter
delta_tilt,5.3,53,1.2758188562540267,p14,family_and_parameter
delta_tilt,5.4,54,1.2749269822311136,p14,family_and_parameter
delta_tilt,5.5,55,1.2740462809625932,p14,family_and_parameter
delta_tilt,5.6,56,1.2731843887245404,p14,family_and_parameter
delta_tilt,5.7,57,1.2723423935008245,p14,family_and_parameter
delta_tilt,5.8,58,1.2715128117128953,p14,family_and_parameter
delta_tilt,5.9,59,1.2707292332528493,p14,family_and_parameter
delta_tilt,6.0,60,1.2699712269433658,p14,family_and_parameter
delta_tilt,6.1,61,1.2692271154722075,p14,family_and_parameter
delta_tilt,6.2,62,1.2685011006746405,p14,family_and_parameter
delta_tilt,6.3,63,1.2677989142934554,p14,family_and_parameter
delta_tilt,6.4,64,1.267110893797786,p14,family_and_parameter
delta_tilt,6.5,65,1.2664399479892892,p14,family_and_parameter
delta_tilt,6.6,66,1.265788482857646,p14,family_and_parameter
delta_tilt,6.7,67,1.2651516723304361,p14,family_and_parameter
delta_tilt,6.8,68,1.2645296370959311,p14,family_and_parameter
delta_tilt,6.9,69,1.2639224796957496,p14,family_and_parameter
delta_tilt,7.0,70,1.2633302855802389,p14,family_and_parameter
delta_tilt,7.1,71,1.2627531241536476,p14,family_and_parameter
delta_tilt,7.2,72,1.2621910497963487,p14,family_and_parameter
delta_tilt,7.3,73,1.261644102853128,p14,family_and_parameter
delta_tilt,7.4,74,1.2611123105783377,p14,family_and_parameter
delta_tilt,7.5,75,1.260598187257925,p14,family_and_parameter
delta_tilt,7.6,76,1.2601222650731676,p14,family_and_parameter
delta_tilt,7.7,77,1.259660800848266,p14,family_and_parameter
delta_tilt,7.8,78,1.259213793087945,p14,family_and_parameter
delta_tilt,7.9,79,1.2587812301014996,p14,family_and_parameter
delta_tilt,8.0,80,1.258363090624804,p14,family_and_parameter
delta_tilt,8.1,81,1.2579593443865615,p14,family_and_parameter
delta_tilt,8.2,82,1.25756995261963,p14,family_and_parameter
delta_tilt,8.3,83,1.2571948685190872,p14,family_and_parameter
delta_tilt,8.4,84,1.2568340376493783,p14,family_and_parameter
delta_tilt,8.5,85,1.256487593304182,p14,family_and_parameter
delta_tilt,8.6,86,1.2561623562571296,p14,family_and_parameter
delta_tilt,8.7,87,1.2558573334879064,p14,family_and_parameter
delta_tilt,8.8,88,1.2555672673632816,p14,family_and_parameter
delta_tilt,8.9,89,1.2552910746616637,p14,family_and_parameter
delta_tilt,9.0,90,1.2550286592832915,p14,family_and_parameter
delta_tilt,9.1,91,1.2547799193271152,p14,family_and_parameter
delta_tilt,9.2,92,1.2545447471983462,p14,family_and_parameter
delta_tilt,9.3,93,1.254323029700712,p14,family_and_parameter
delta_tilt,9.4,94,1.2541146481169443,p14,family_and_parameter
delta_tilt,9.5,95,1.2539194782808245,p14,family_and_parameter
delta_tilt,9.6,96,1.25373739064383,p14,family_and_parameter
delta_tilt,9.7,97,1.25357617181011,p14,family_and_parameter
delta_tilt,9.8,98,1.2534308016984705,p14,family_and_parameter
delta_tilt,9.9,99,1.2532977308881643,p14,family_and_parameter
delta_tilt,10.0,100,1.2531768114432587,p14,family_and_parameter
delta_tilt,10.1,101,1.2530678904751722,p14,family_and_parameter
delta_tilt,10.2,102,1.252970810247103,p14,family_and_parameter
delta_tilt,10.3,103,1.252885408284589,p14,family_and_parameter
delta_tilt,10.4,104,1.2528115174932206,p14,family_and_parameter
delta_tilt,10.5,105,1.2527489662843665,p14,family_and_parameter
delta_tilt,10.6,106,1.2526975787095,p14,family_and_parameter
delta_tilt,10.7,107,1.2526571746035589,p14,family_and_parameter
delta_tilt,10.8,108,1.2526275697376346,p14,family_and_parameter
delta_tilt,10.9,109,1.252608575981027,p14,family_and_parameter
delta_tilt,11.0,110,1.2526000014726753,p14,family_and_parameter
delta_tilt,11.1,111,1.2526037904437517,p14,family_and_parameter
delta_tilt,11.2,112,1.252618920011914,p14,family_and_parameter
delta_tilt,11.3,113,1.252644014258946,p14,family_and_parameter
delta_tilt,11.4,114,1.252678865023346,p14,family_and_parameter
delta_tilt,11.5,115,1.2527232613637982,p14,family_and_parameter
delta_tilt,11.6,116,1.252776989781479,p14,family_and_parameter
delta_tilt,11.7,117,1.2528398344487304,p14,family_and_parameter
delta_tilt,11.8,118,1.2529115774433615,p14,family_and_parameter
delta_tilt,11.9,119,1.2529919989877245,p14,family_and_parameter
delta_tilt,12.0,120,1.253080877691774,p14,family_and_parameter
delta_tilt,12.1,121,1.2531779907992182,p14,family_and_parameter
delta_tilt,12.2,122,1.2532831144359313,p14,family_and_parameter
delta_tilt,12.3,123,1.2533960238597548,p14,family_and_parameter
delta_tilt,12.4,124,1.2535164937108287,p14,family_and_parameter
delta_tilt,12.5,125,1.2536442982616318,p14,family_and_parameter
delta_tilt,12.6,126,1.2537792116658848,p14,family_and_parameter
delta_tilt,12.7,127,1.2539210082055292,p14,family_and_parameter
delta_tilt,12.8,128,1.2540694625350093,p14,family_and_parameter
delta_tilt,12.9,129,1.2542243499221135,p14,family_and_parameter
delta_tilt,13.0,130,1.2543854464846595,p14,family_and_parameter
delta_tilt,13.1,131,1.2545525294223823,p14,family_and_parameter
delta_tilt,13.2,132,1.2547253772433453,p14,family_and_parameter
delta_tilt,13.3,133,1.2549037699843548,p14,family_and_parameter
delta_tilt,13.4,134,1.255087489424767,p14,family_and_parameter
delta_tilt,13.5,135,1.2552763192932337,p14,family_and_parameter
delta_tilt,13.6,136,1.2554700454669228,p14,family_and_parameter
delta_tilt,13.7,137,1.255668456162793,p14,family_and_parameter
delta_tilt,13.8,138,1.2558713421205743,p14,family_and_parameter
delta_tilt,13.9,139,1.2560784967771401,p14,family_and_parameter
delta_tilt,14.0,140,1.2562897164319882,p14,family_and_parameter
delta_tilt,14.1,141,1.256504800403628,p14,family_and_parameter
delta_tilt,14.2,142,1.256745083638717,p14,family_and_parameter
delta_tilt,14.3,143,1.257004040566862,p14,family_and_parameter
delta_tilt,14.4,144,1.2572650760741702,p14,family_and_parameter
delta_tilt,14.5,145,1.2575280167117915,p14,family_and_parameter
delta_tilt,14.6,146,1.257792693651528,p14,family_and_parameter
delta_tilt,14.7,147,1.2580589427210749,p14,family_and_parameter
delta_tilt,14.8,148,1.258326604429953,p14,family_and_parameter
delta_tilt,14.9,149,1.2585955239864492,p14,family_and_parameter
delta_tilt,15.0,150,1.2588655513058886,p14,family_and_parameter
base_mean,,151,1.3363122473043163,p14,family_and_parameter
variance,,152,1.338987208314644,p14,family_and_parameter
upper_70,,153,1.3467505095736718,p14,family_and_parameter
upper_80,,154,1.3069948457959255,p14,family_and_parameter
upper_90,,155,1.573355671927651,p14,family_and_parameter
upper_tail_area_70,,156,1.3993773491455228,p14,family_and_parameter
delta_tilt,0.0,0,1.2853227336801036,p15,lambda_only
delta_tilt,0.1,1,1.2420461235527616,p15,lambda_only
delta_tilt,0.2,2,1.2408609165191338,p15,lambda_only
delta_tilt,0.3,3,1.2396317399405246,p15,lambda_only
delta_tilt,0.4,4,1.2383607530455067,p15,lambda_only
delta_tilt,0.5,5,1.2370501067990587,p15,lambda_only
delta_tilt,0.6,6,1.2357348556479746,p15,lambda_only
delta_tilt,0.7,7,1.2344463065398497,p15,lambda_only
delta_tilt,0.8,8,1.2331237638357175,p15,lambda_only
delta_tilt,0.9,9,1.2317692969445961,p15,lambda_only
delta_tilt,1.0,10,1.2303849531514515,p15,lambda_only
delta_tilt,1.1,11,1.228972755512578,p15,lambda_only
delta_tilt,1.2,12,1.2275347010014988,p15,lambda_only
delta_tilt,1.3,13,1.2260761927763077,p15,lambda_only
delta_tilt,1.4,14,1.2246853647166276,p15,lambda_only
delta_tilt,1.5,15,1.2233252770804728,p15,lambda_only
delta_tilt,1.6,16,1.2219669413169505,p15,lambda_only
delta_tilt,1.7,17,1.2205994324558025,p15,lambda_only
delta_tilt,1.8,18,1.2192156789879856,p15,lambda_only
delta_tilt,1.9,19,1.217836362923175,p15,lambda_only
delta_tilt,2.0,20,1.2164645066341861,p15,lambda_only
delta_tilt,2.1,21,1.215134725027162,p15,lambda_only
delta_tilt,2.2,22,1.2137963356989807,p15,lambda_only
delta_tilt,2.3,23,1.21244824895896,p15,lambda_only
delta_tilt,2.4,24,1.2110919702766778,p15,lambda_only
delta_tilt,2.5,25,1.2097289780099845,p15,lambda_only
delta_tilt,2.6,26,1.2083607241536192,p15,lambda_only
delta_tilt,2.7,27,1.2069886350940204,p15,lambda_only
delta_tilt,2.8,28,1.2056141123384028,p15,lambda_only
delta_tilt,2.9,29,1.2042385331874006,p15,lambda_only
delta_tilt,3.0,30,1.2028632513222408,p15,lambda_only
delta_tilt,3.1,31,1.2014895972797794,p15,lambda_only
delta_tilt,3.2,32,1.2001188787914914,p15,lambda_only
delta_tilt,3.3,33,1.198752380965868,p15,lambda_only
delta_tilt,3.4,34,1.1974235567179101,p15,lambda_only
delta_tilt,3.5,35,1.196183848622643,p15,lambda_only
delta_tilt,3.6,36,1.1949820623559495,p15,lambda_only
delta_tilt,3.7,37,1.193784957660085,p15,lambda_only
delta_tilt,3.8,38,1.1925936610061096,p15,lambda_only
delta_tilt,3.9,39,1.191446267775385,p15,lambda_only
delta_tilt,4.0,40,1.1903309565962672,p15,lambda_only
delta_tilt,4.1,41,1.1892241651319362,p15,lambda_only
delta_tilt,4.2,42,1.1881268944990298,p15,lambda_only
delta_tilt,4.3,43,1.1870401265932637,p15,lambda_only
delta_tilt,4.4,44,1.185964822503425,p15,lambda_only
delta_tilt,4.5,45,1.184904827596872,p15,lambda_only
delta_tilt,4.6,46,1.183904854277276,p15,lambda_only
delta_tilt,4.7,47,1.1829185075009379,p15,lambda_only
delta_tilt,4.8,48,1.1819466347946772,p15,lambda_only
delta_tilt,4.9,49,1.1810017952092906,p15,lambda_only
delta_tilt,5.0,50,1.1800878866103137,p15,lambda_only
delta_tilt,5.1,51,1.1791913633175344,p15,lambda_only
delta_tilt,5.2,52,1.1784510312460805,p15,lambda_only
delta_tilt,5.3,53,1.1777495023763613,p15,lambda_only
delta_tilt,5.4,54,1.1770718888052933,p15,lambda_only
delta_tilt,5.5,55,1.176422871001882,p15,lambda_only
delta_tilt,5.6,56,1.1757900895698572,p15,lambda_only
delta_tilt,5.7,57,1.1751738180690687,p15,lambda_only
delta_tilt,5.8,58,1.1745743041134316,p15,lambda_only
delta_tilt,5.9,59,1.1739917695762998,p15,lambda_only
delta_tilt,6.0,60,1.1734264108850851,p15,lambda_only
delta_tilt,6.1,61,1.1728783994037393,p15,lambda_only
delta_tilt,6.2,62,1.1723478818997253,p15,lambda_only
delta_tilt,6.3,63,1.1718349810902855,p15,lambda_only
delta_tilt,6.4,64,1.1713438772158633,p15,lambda_only
delta_tilt,6.5,65,1.1708766930479062,p15,lambda_only
delta_tilt,6.6,66,1.1704281807791552,p15,lambda_only
delta_tilt,6.7,67,1.1699960538579077,p15,lambda_only
delta_tilt,6.8,68,1.1695803720544955,p15,lambda_only
delta_tilt,6.9,69,1.1691811741781675,p15,lambda_only
delta_tilt,7.0,70,1.16879847884957,p15,lambda_only
delta_tilt,7.1,71,1.1684322853096965,p15,lambda_only
delta_tilt,7.2,72,1.1681039057850888,p15,lambda_only
delta_tilt,7.3,73,1.1678090287711107,p15,lambda_only
delta_tilt,7.4,74,1.1675310773007102,p15,lambda_only
delta_tilt,7.5,75,1.167269960250083,p15,lambda_only
delta_tilt,7.6,76,1.1670255710663786,p15,lambda_only
delta_tilt,7.7,77,1.1667977886265015,p15,lambda_only
delta_tilt,7.8,78,1.1665898048324024,p15,lambda_only
delta_tilt,7.9,79,1.1664079269058067,p15,lambda_only
delta_tilt,8.0,80,1.16624265355439,p15,lambda_only
delta_tilt,8.1,81,1.166097337830281,p15,lambda_only
delta_tilt,8.2,82,1.1659683322434238,p15,lambda_only
delta_tilt,8.3,83,1.1658554268886665,p15,lambda_only
delta_tilt,8.4,84,1.1657584029863612,p15,lambda_only
delta_tilt,8.5,85,1.1656770334699933,p15,lambda_only
delta_tilt,8.6,86,1.1656111010249786,p15,lambda_only
delta_tilt,8.7,87,1.165571833713678,p15,lambda_only
delta_tilt,8.8,88,1.165550112567067,p15,lambda_only
delta_tilt,8.9,89,1.1655513614995745,p15,lambda_only
delta_tilt,9.0,90,1.1655705393623073,p15,lambda_only
delta_tilt,9.1,91,1.1656046466042191,p15,lambda_only
delta_tilt,9.2,92,1.1656533905477737,p15,lambda_only
delta_tilt,9.3,93,1.1657164742061095,p15,lambda_only
delta_tilt,9.4,94,1.1657935965800656,p15,lambda_only
delta_tilt,9.5,95,1.1658844529481913,p15,lambda_only
delta_tilt,9.6,96,1.1659887351513702,p15,lambda_only
delta_tilt,9.7,97,1.1661061318734747,p15,lambda_only
delta_tilt,9.8,98,1.1663689941843083,p15,lambda_only
delta_tilt,9.9,99,1.1666958090253847,p15,lambda_only
delta_tilt,10.0,100,1.1670334004718934,p15,lambda_only
delta_tilt,10.1,101,1.1673814509230256,p15,lambda_only
delta_tilt,10.2,102,1.1677396402287101,p15,lambda_only
delta_tilt,10.3,103,1.1681076459198334,p15,lambda_only
delta_tilt,10.4,104,1.1684851434542487,p15,lambda_only
delta_tilt,10.5,105,1.1688718064771635,p15,lambda_only
delta_tilt,10.6,106,1.1692673070944142,p15,lambda_only
delta_tilt,10.7,107,1.1696713161571637,p15,lambda_only
delta_tilt,10.8,108,1.1700853931841,p15,lambda_only
delta_tilt,10.9,109,1.1705201127318705,p15,lambda_only
delta_tilt,11.0,110,1.1709623603789185,p15,lambda_only
delta_tilt,11.1,111,1.1714118003867813,p15,lambda_only
delta_tilt,11.2,112,1.1718680973225726,p15,lambda_only
delta_tilt,11.3,113,1.1723309163848181,p15,lambda_only
delta_tilt,11.4,114,1.1727999237310645,p15,lambda_only
delta_tilt,11.5,115,1.173274786805907,p15,lambda_only
delta_tilt,11.6,116,1.1737551746680663,p15,lambda_only
delta_tilt,11.7,117,1.1742407583152963,p15,lambda_only
delta_tilt,11.8,118,1.1747312110058565,p15,lambda_only
delta_tilt,11.9,119,1.1752262085754244,p15,lambda_only
delta_tilt,12.0,120,1.1757254297483315,p15,lambda_only
delta_tilt,12.1,121,1.1762285564421224,p15,lambda_only
delta_tilt,12.2,122,1.1767382379709068,p15,lambda_only
delta_tilt,12.3,123,1.1772546031787805,p15,lambda_only
delta_tilt,12.4,124,1.177773940223773,p15,lambda_only
delta_tilt,12.5,125,1.178339236989023,p15,lambda_only
delta_tilt,12.6,126,1.1789136859701792,p15,lambda_only
delta_tilt,12.7,127,1.1794897736533538,p15,lambda_only
delta_tilt,12.8,128,1.1800672123761944,p15,lambda_only
delta_tilt,12.9,129,1.180645719424603,p15,lambda_only
delta_tilt,13.0,130,1.181225017274178,p15,lambda_only
delta_tilt,13.1,131,1.1818048338173965,p15,lambda_only
delta_tilt,13.2,132,1.1823899480935716,p15,lambda_only
delta_tilt,13.3,133,1.1829931938956622,p15,lambda_only
delta_tilt,13.4,134,1.1836018055031965,p15,lambda_only
delta_tilt,13.5,135,1.1842158092217603,p15,lambda_only
delta_tilt,13.6,136,1.1848291046576926,p15,lambda_only
delta_tilt,13.7,137,1.1854414404002174,p15,lambda_only
delta_tilt,13.8,138,1.1860571673124238,p15,lambda_only
delta_tilt,13.9,139,1.1866725360915662,p15,lambda_only
delta_tilt,14.0,140,1.1872861777067398,p15,lambda_only
delta_tilt,14.1,141,1.1878978683782246,p15,lambda_only
delta_tilt,14.2,142,1.1885073917029634,p15,lambda_only
delta_tilt,14.3,143,1.189114538706395,p15,lambda_only
delta_tilt,14.4,144,1.1897191078793614,p15,lambda_only
delta_tilt,14.5,145,1.190320905200455,p15,lambda_only
delta_tilt,14.6,146,1.1909197441442338,p15,lambda_only
delta_tilt,14.7,147,1.1915154456757648,p15,lambda_only
delta_tilt,14.8,148,1.192107838231988,p15,lambda_only
delta_tilt,14.9,149,1.1926967576904066,p15,lambda_only
delta_tilt,15.0,150,1.1932820473256558,p15,lambda_only
delta_tilt,0.0,0,1.2853227336801036,p15,family_and_parameter
delta_tilt,0.1,1,1.2420461235527616,p15,family_and_parameter
delta_tilt,0.2,2,1.2408609165191338,p15,family_and_parameter
delta_tilt,0.3,3,1.2396317399405246,p15,family_and_parameter
delta_tilt,0.4,4,1.2383607530455067,p15,family_and_parameter
delta_tilt,0.5,5,1.2370501067990587,p15,family_and_parameter
delta_tilt,0.6,6,1.2357348556479746,p15,family_and_parameter
delta_tilt,0.7,7,1.2344463065398497,p15,family_and_parameter
delta_tilt,0.8,8,1.2331237638357175,p15,family_and_parameter
delta_tilt,0.9,9,1.2317692969445961,p15,family_and_parameter
delta_tilt,1.0,10,1.2303849531514515,p15,family_and_parameter
delta_tilt,1.1,11,1.228972755512578,p15,family_and_parameter
delta_tilt,1.2,12,1.2275347010014988,p15,family_and_parameter
delta_tilt,1.3,13,1.2260761927763077,p15,family_and_parameter
delta_tilt,1.4,14,1.2246853647166276,p15,family_and_parameter
delta_tilt,1.5,15,1.2233252770804728,p15,family_and_parameter
delta_tilt,1.6,16,1.2219669413169505,p15,family_and_parameter
delta_tilt,1.7,17,1.2205994324558025,p15,family_and_parameter
delta_tilt,1.8,18,1.2192156789879856,p15,family_and_parameter
delta_tilt,1.9,19,1.217836362923175,p15,family_and_parameter
delta_tilt,2.0,20,1.2164645066341861,p15,family_and_parameter
delta_tilt,2.1,21,1.215134725027162,p15,family_and_parameter
delta_tilt,2.2,22,1.2137963356989807,p15,family_and_parameter
delta_tilt,2.3,23,1.21244824895896,p15,family_and_parameter
delta_tilt,2.4,24,1.2110919702766778,p15,family_and_parameter
delta_tilt,2.5,25,1.2097289780099845,p15,family_and_parameter
delta_tilt,2.6,26,1.2083607241536192,p15,family_and_parameter
delta_tilt,2.7,27,1.2069886350940204,p15,family_and_parameter
delta_tilt,2.8,28,1.2056141123384028,p15,family_and_parameter
delta_tilt,2.9,29,1.2042385331874006,p15,family_and_parameter
delta_tilt,3.0,30,1.2028632513222408,p15,family_and_parameter
delta_tilt,3.1,31,1.2014895972797794,p15,family_and_parameter
delta_tilt,3.2,32,1.2001188787914914,p15,family_and_parameter
delta_tilt,3.3,33,1.198752380965868,p15,family_and_parameter
delta_tilt,3.4,34,1.1974235567179101,p15,family_and_parameter
delta_tilt,3.5,35,1.196183848622643,p15,family_and_parameter
delta_tilt,3.6,36,1.1949820623559495,p15,family_and_parameter
delta_tilt,3.7,37,1.193784957660085,p15,family_and_parameter
delta_tilt,3.8,38,1.1925936610061096,p15,family_and_parameter
delta_tilt,3.9,39,1.191446267775385,p15,family_and_parameter
delta_tilt,4.0,40,1.1903309565962672,p15,family_and_parameter
delta_tilt,4.1,41,1.1892241651319362,p15,family_and_parameter
delta_tilt,4.2,42,1.1881268944990298,p15,family_and_parameter
delta_tilt,4.3,43,1.1870401265932637,p15,family_and_parameter
delta_tilt,4.4,44,1.185964822503425,p15,family_and_parameter
delta_tilt,4.5,45,1.184904827596872,p15,family_and_parameter
delta_tilt,4.6,46,1.183904854277276,p15,family_and_parameter
delta_tilt,4.7,47,1.1829185075009379,p15,family_and_parameter
delta_tilt,4.8,48,1.1819466347946772,p15,family_and_parameter
delta_tilt,4.9,49,1.1810017952092906,p15,family_and_parameter
delta_tilt,5.0,50,1.1800878866103137,p15,family_and_parameter
delta_tilt,5.1,51,1.1791913633175344,p15,family_and_parameter
delta_tilt,5.2,52,1.1784510312460805,p15,family_and_parameter
delta_tilt,5.3,53,1.1777495023763613,p15,family_and_parameter
delta_tilt,5.4,54,1.1770718888052933,p15,family_and_parameter
delta_tilt,5.5,55,1.176422871001882,p15,family_and_parameter
delta_tilt,5.6,56,1.1757900895698572,p15,family_and_parameter
delta_tilt,5.7,57,1.1751738180690687,p15,family_and_parameter
delta_tilt,5.8,58,1.1745743041134316,p15,family_and_parameter
delta_tilt,5.9,59,1.1739917695762998,p15,family_and_parameter
delta_tilt,6.0,60,1.1734264108850851,p15,family_and_parameter
delta_tilt,6.1,61,1.1728783994037393,p15,family_and_parameter
delta_tilt,6.2,62,1.1723478818997253,p15,family_and_parameter
delta_tilt,6.3,63,1.1718349810902855,p15,family_and_parameter
delta_tilt,6.4,64,1.1713438772158633,p15,family_and_parameter
delta_tilt,6.5,65,1.1708766930479062,p15,family_and_parameter
delta_tilt,6.6,66,1.1704281807791552,p15,family_and_parameter
delta_tilt,6.7,67,1.1699960538579077,p15,family_and_parameter
delta_tilt,6.8,68,1.1695803720544955,p15,family_and_parameter
delta_tilt,6.9,69,1.1691811741781675,p15,family_and_parameter
delta_tilt,7.0,70,1.16879847884957,p15,family_and_parameter
delta_tilt,7.1,71,1.1684322853096965,p15,family_and_parameter
delta_tilt,7.2,72,1.1681039057850888,p15,family_and_parameter
delta_tilt,7.3,73,1.1678090287711107,p15,family_and_parameter
delta_tilt,7.4,74,1.1675310773007102,p15,family_and_parameter
delta_tilt,7.5,75,1.167269960250083,p15,family_and_parameter
delta_tilt,7.6,76,1.1670255710663786,p15,family_and_parameter
delta_tilt,7.7,77,1.1667977886265015,p15,family_and_parameter
delta_tilt,7.8,78,1.1665898048324024,p15,family_and_parameter
delta_tilt,7.9,79,1.1664079269058067,p15,family_and_parameter
delta_tilt,8.0,80,1.16624265355439,p15,family_and_parameter
delta_tilt,8.1,81,1.166097337830281,p15,family_and_parameter
delta_tilt,8.2,82,1.1659683322434238,p15,family_and_parameter
delta_tilt,8.3,83,1.1658554268886665,p15,family_and_parameter
delta_tilt,8.4,84,1.1657584029863612,p15,family_and_parameter
delta_tilt,8.5,85,1.1656770334699933,p15,family_and_parameter
delta_tilt,8.6,86,1.1656111010249786,p15,family_and_parameter
delta_tilt,8.7,87,1.165571833713678,p15,family_and_parameter
delta_tilt,8.8,88,1.165550112567067,p15,family_and_parameter
delta_tilt,8.9,89,1.1655513614995745,p15,family_and_parameter
delta_tilt,9.0,90,1.1655705393623073,p15,family_and_parameter
delta_tilt,9.1,91,1.1656046466042191,p15,family_and_parameter
delta_tilt,9.2,92,1.1656533905477737,p15,family_and_parameter
delta_tilt,9.3,93,1.1657164742061095,p15,family_and_parameter
delta_tilt,9.4,94,1.1657935965800656,p15,family_and_parameter
delta_tilt,9.5,95,1.1658844529481913,p15,family_and_parameter
delta_tilt,9.6,96,1.1659887351513702,p15,family_and_parameter
delta_tilt,9.7,97,1.1661061318734747,p15,family_and_parameter
delta_tilt,9.8,98,1.1663689941843083,p15,family_and_parameter
delta_tilt,9.9,99,1.1666958090253847,p15,family_and_parameter
delta_tilt,10.0,100,1.1670334004718934,p15,family_and_parameter
delta_tilt,10.1,101,1.1673814509230256,p15,family_and_parameter
delta_tilt,10.2,102,1.1677396402287101,p15,family_and_parameter
delta_tilt,10.3,103,1.1681076459198334,p15,family_and_parameter
delta_tilt,10.4,104,1.1684851434542487,p15,family_and_parameter
delta_tilt,10.5,105,1.1688718064771635,p15,family_and_parameter
delta_tilt,10.6,106,1.1692673070944142,p15,family_and_parameter
delta_tilt,10.7,107,1.1696713161571637,p15,family_and_parameter
delta_tilt,10.8,108,1.1700853931841,p15,family_and_parameter
delta_tilt,10.9,109,1.1705201127318705,p15,family_and_parameter
delta_tilt,11.0,110,1.1709623603789185,p15,family_and_parameter
delta_tilt,11.1,111,1.1714118003867813,p15,family_and_parameter
delta_tilt,11.2,112,1.1718680973225726,p15,family_and_parameter
delta_tilt,11.3,113,1.1723309163848181,p15,family_and_parameter
delta_tilt,11.4,114,1.1727999237310645,p15,family_and_parameter
delta_tilt,11.5,115,1.173274786805907,p15,family_and_parameter
delta_tilt,11.6,116,1.1737551746680663,p15,family_and_parameter
delta_tilt,11.7,117,1.1742407583152963,p15,family_and_parameter
delta_tilt,11.8,118,1.1747312110058565,p15,family_and_parameter
delta_tilt,11.9,119,1.1752262085754244,p15,family_and_parameter
delta_tilt,12.0,120,1.1757254297483315,p15,family_and_parameter
delta_tilt,12.1,121,1.1762285564421224,p15,family_and_parameter
delta_tilt,12.2,122,1.1767382379709068,p15,family_and_parameter
delta_tilt,12.3,123,1.1772546031787805,p15,family_and_parameter
delta_tilt,12.4,124,1.177773940223773,p15,family_and_parameter
delta_tilt,12.5,125,1.178339236989023,p15,family_and_parameter
delta_tilt,12.6,126,1.1789136859701792,p15,family_and_parameter
delta_tilt,12.7,127,1.1794897736533538,p15,family_and_parameter
delta_tilt,12.8,128,1.1800672123761944,p15,family_and_parameter
delta_tilt,12.9,129,1.180645719424603,p15,family_and_parameter
delta_tilt,13.0,130,1.181225017274178,p15,family_and_parameter
delta_tilt,13.1,131,1.1818048338173965,p15,family_and_parameter
delta_tilt,13.2,132,1.1823899480935716,p15,family_and_parameter
delta_tilt,13.3,133,1.1829931938956622,p15,family_and_parameter
delta_tilt,13.4,134,1.1836018055031965,p15,family_and_parameter
delta_tilt,13.5,135,1.1842158092217603,p15,family_and_parameter
delta_tilt,13.6,136,1.1848291046576926,p15,family_and_parameter
delta_tilt,13.7,137,1.1854414404002174,p15,family_and_parameter
delta_tilt,13.8,138,1.1860571673124238,p15,family_and_parameter
delta_tilt,13.9,139,1.1866725360915662,p15,family_and_parameter
delta_tilt,14.0,140,1.1872861777067398,p15,family_and_parameter
delta_tilt,14.1,141,1.1878978683782246,p15,family_and_parameter
delta_tilt,14.2,142,1.1885073917029634,p15,family_and_parameter
delta_tilt,14.3,143,1.189114538706395,p15,family_and_parameter
delta_tilt,14.4,144,1.1897191078793614,p15,family_and_parameter
delta_tilt,14.5,145,1.190320905200455,p15,family_and_parameter
delta_tilt,14.6,146,1.1909197441442338,p15,family_and_parameter
delta_tilt,14.7,147,1.1915154456757648,p15,family_and_parameter
delta_tilt,14.8,148,1.192107838231988,p15,family_and_parameter
delta_tilt,14.9,149,1.1926967576904066,p15,family_and_parameter
delta_tilt,15.0,150,1.1932820473256558,p15,family_and_parameter
base_mean,,151,1.2853227336801036,p15,family_and_parameter
variance,,152,1.2431851968303127,p15,family_and_parameter
upper_70,,153,1.2544723029789997,p15,family_and_parameter
upper_80,,154,1.2714305006816193,p15,family_and_parameter
upper_90,,155,1.519199811157198,p15,family_and_parameter
upper_tail_area_70,,156,1.3634741695019184,p15,family_and_parameter
